ruta,metodo,archivo,linea,depends,usa_request,auth,tenant_check,rate_limit,roles,caller_frontend,auditado
/api/avm/fsd/{property_id},GET,backend/routes/accuracy.py,64,,sí,PÚBLICO?,,,,,
/api/accuracy/meta-dashboard,GET,backend/routes/accuracy.py,91,,sí,PÚBLICO?,,,,,
/api/accuracy/per-zone,GET,backend/routes/accuracy.py,131,,sí,in-body,,,,,
/api/accuracy/calibration-curve,GET,backend/routes/accuracy.py,167,,sí,in-body,,,,,
/api/superadmin/accuracy/debug,GET,backend/routes/accuracy.py,179,,sí,in-body,,,,,
/api/superadmin/accuracy/zone-weights,GET,backend/routes/accuracy.py,205,,sí,in-body,,,,,
/api/superadmin/accuracy/trigger-drift-check,POST,backend/routes/accuracy.py,227,,sí,in-body,,,,,
/api/accuracy/export.csv,GET,backend/routes/accuracy.py,254,,sí,PÚBLICO?,,,,,
/api/accuracy/export.pdf,GET,backend/routes/accuracy.py,297,,sí,PÚBLICO?,,,,,
/api/asesor/senales-calientes,GET,backend/routes/advisor.py,240,,sí,in-body,,,,,
/api/asesor/profile,GET,backend/routes/advisor.py,257,,sí,in-body,,,,,
/api/asesor/profile,PATCH,backend/routes/advisor.py,293,,sí,in-body,,,,,
/api/asesor/dashboard,GET,backend/routes/advisor.py,620,,sí,in-body,,,,,
/api/asesor/command-center/action/{action_id}/complete,POST,backend/routes/advisor.py,732,,sí,in-body(deleg),,,,,
/api/asesor/command-center/action/{action_id}/dismiss,POST,backend/routes/advisor.py,737,,sí,in-body(deleg),,,,,
/api/asesor/command-center/action/{action_id}/archive,POST,backend/routes/advisor.py,742,,sí,in-body(deleg),,,,,
/api/asesor/command-center/action/{action_id}/restore,POST,backend/routes/advisor.py,748,,sí,in-body(deleg),,,,,
/api/asesor/command-center/archived,GET,backend/routes/advisor.py,754,,sí,in-body,,,,,
/api/asesor/contactos,GET,backend/routes/advisor.py,766,,sí,in-body,,,,,
/api/asesor/contactos,POST,backend/routes/advisor.py,823,,sí,in-body,,,,,
/api/asesor/contactos/{cid},GET,backend/routes/advisor.py,875,,sí,in-body,,,,,
/api/asesor/contactos/{cid}/recomendacion,GET,backend/routes/advisor.py,887,,sí,in-body,,,,,
/api/asesor/contactos/{cid}/close-probability,GET,backend/routes/advisor.py,906,,sí,in-body,,,,,
/api/asesor/contactos/{cid}/memo-inversionista,GET,backend/routes/advisor.py,922,,sí,in-body,,,,,
/api/asesor/contactos/{cid}/overview,GET,backend/routes/advisor.py,985,,sí,in-body,,,,,
/api/asesor/lead/{lead_id}/buyer-score,GET,backend/routes/advisor.py,1201,,sí,in-body,,,,,
/api/asesor/contactos/{cid}/intel,GET,backend/routes/advisor.py,1223,,sí,in-body,,,,,
/api/asesor/contactos/{cid},PATCH,backend/routes/advisor.py,1356,,sí,in-body,,,,,
/api/asesor/contactos/{cid},DELETE,backend/routes/advisor.py,1430,,sí,in-body,,,,,
/api/asesor/contactos/{cid}/timeline,POST,backend/routes/advisor.py,1445,,sí,in-body,,,,,
/api/asesor/contactos/{cid}/board,GET,backend/routes/advisor.py,1469,,sí,in-body,,,,,
/api/asesor/contactos/{cid}/board,POST,backend/routes/advisor.py,1556,,sí,in-body,,,,,
/api/asesor/board/{item_id},PATCH,backend/routes/advisor.py,1603,,sí,in-body,,,,,
/api/asesor/board/{item_id},DELETE,backend/routes/advisor.py,1622,,sí,in-body,,,,,
/api/asesor/contactos/{cid}/suggestions,GET,backend/routes/advisor.py,1633,,sí,in-body,,,,,
/api/asesor/intel/prospects,GET,backend/routes/advisor.py,1695,,sí,in-body,,,,,
/api/asesor/contactos/{cid}/whatsapp,GET,backend/routes/advisor.py,1746,,sí,in-body,,,,,
/api/asesor/contactos/{cid}/whatsapp,POST,backend/routes/advisor.py,1767,,sí,in-body,,,,,
/api/asesor/contactos/{cid}/whatsapp/draft,POST,backend/routes/advisor.py,1828,,sí,in-body,,,,,
/api/asesor/contactos/{cid}/whatsapp/inbound,POST,backend/routes/advisor.py,1888,,sí,in-body,,,,,
/api/asesor/conversations/unified,GET,backend/routes/advisor.py,1981,,sí,in-body,,,,,
/api/asesor/atlax-settings,GET,backend/routes/advisor.py,2083,,sí,in-body,,,,,
/api/asesor/atlax-settings,POST,backend/routes/advisor.py,2092,,sí,in-body,,,,,
/api/asesor/channels,GET,backend/routes/advisor.py,2113,,sí,in-body,,,,,
/api/asesor/channels/{key}/connect-request,POST,backend/routes/advisor.py,2141,,sí,in-body,,,,,
/api/asesor/contactos/{cid}/conversation-ai,GET,backend/routes/advisor.py,2216,,sí,in-body,,,,,
/api/asesor/contactos/{cid}/copilot-ask,POST,backend/routes/advisor.py,2318,,sí,in-body,,,,,
/api/asesor/copilot/feedback,POST,backend/routes/advisor.py,2397,,sí,in-body,,,,,
/api/asesor/copilot/metrics,GET,backend/routes/advisor.py,2412,,sí,in-body,,,,,
/api/asesor/superadmin/copilot/overview,GET,backend/routes/advisor.py,2427,,sí,in-body,,,,,
/api/asesor/contactos/{cid}/ai-suggest,GET,backend/routes/advisor.py,2449,,sí,in-body,,,,,
/api/asesor/contactos/{cid}/cita,POST,backend/routes/advisor.py,2515,,sí,in-body,,,,,
/api/asesor/contactos/{cid}/context,GET,backend/routes/advisor.py,2534,,sí,in-body,,,,,
/api/asesor/contactos/{cid}/swipe-link,POST,backend/routes/advisor.py,2628,,sí,in-body,,,,,
/api/asesor/busquedas,GET,backend/routes/advisor.py,2672,,sí,in-body,,,,,
/api/asesor/busquedas,POST,backend/routes/advisor.py,2680,,sí,in-body,,,,,
/api/asesor/busquedas/{bid}/stage,PATCH,backend/routes/advisor.py,2701,,sí,in-body,,,,,
/api/asesor/busquedas/{bid}/visit,POST,backend/routes/advisor.py,2719,,sí,in-body,,,,,
/api/asesor/busquedas/{bid}/offer,POST,backend/routes/advisor.py,2728,,sí,in-body,,,,,
/api/asesor/busquedas/{bid}/matches,GET,backend/routes/advisor.py,2737,,sí,in-body,,,,,
/api/asesor/busquedas/{bid},PATCH,backend/routes/advisor.py,2815,,sí,in-body,,,,,
/api/asesor/busquedas/{bid}/op-prefill,GET,backend/routes/advisor.py,2901,,sí,in-body,,,,,
/api/asesor/captaciones,GET,backend/routes/advisor.py,2936,,sí,in-body,,,,,
/api/asesor/amenities-catalog,GET,backend/routes/advisor.py,2944,,sí,in-body,,,,,
/api/asesor/captacion-estimate,GET,backend/routes/advisor.py,2953,,sí,in-body,,,,,
/api/asesor/captaciones,POST,backend/routes/advisor.py,2992,,sí,in-body,,,,,
/api/asesor/captaciones/{cid}/stage,PATCH,backend/routes/advisor.py,3013,,sí,in-body,,,,,
/api/asesor/captaciones/{cid}/vender,POST,backend/routes/advisor.py,3030,,sí,in-body,,,,,
/api/asesor/captaciones/{cid},GET,backend/routes/advisor.py,3068,,sí,in-body,,,,,
/api/asesor/tareas,GET,backend/routes/advisor.py,3078,,sí,in-body,,,,,
/api/asesor/tareas,POST,backend/routes/advisor.py,3095,,sí,in-body,,,,,
/api/asesor/tareas/{tid}/done,PATCH,backend/routes/advisor.py,3112,,sí,in-body,,,,,
/api/asesor/tareas/{tid},DELETE,backend/routes/advisor.py,3123,,sí,in-body,,,,,
/api/asesor/operaciones,GET,backend/routes/advisor.py,3140,,sí,in-body,,,,,
/api/asesor/operaciones,POST,backend/routes/advisor.py,3150,,sí,in-body,,,,,
/api/asesor/operaciones/{oid}/status,PATCH,backend/routes/advisor.py,3226,,sí,in-body,,,,,
/api/asesor/operaciones/{oid},GET,backend/routes/advisor.py,3416,,sí,in-body,,,,,
/api/asesor/comisiones,GET,backend/routes/advisor.py,3426,,sí,in-body,,,,,
/api/asesor/argumentario,POST,backend/routes/advisor.py,3454,,sí,in-body,,,,,
/api/asesor/argumentario-rag,POST,backend/routes/advisor.py,3553,,sí,in-body,,,,,
/api/asesor/briefing/daily,POST,backend/routes/advisor.py,3735,,sí,in-body,,,,,
/api/asesor/briefing/voice,POST,backend/routes/advisor.py,3790,,sí,in-body,,,,,
/api/asesor/digest/preview,GET,backend/routes/advisor.py,3818,,sí,in-body,,,,,
/api/asesor/digest/send-now,POST,backend/routes/advisor.py,3829,,sí,in-body,,,,,
/api/asesor/digest/prefs,GET,backend/routes/advisor.py,3840,,sí,in-body,,,,,
/api/asesor/digest/prefs,PATCH,backend/routes/advisor.py,3849,,sí,in-body,,,,,
/api/asesor/leaderboard,GET,backend/routes/advisor.py,3865,,sí,in-body,,,,,
/api/asesor/perfil-publico/{slug},GET,backend/routes/advisor.py,3873,,sí,PÚBLICO?,,,,,
/api/asesor/_seed-demo,POST,backend/routes/advisor.py,3894,,sí,in-body,,,,,
/api/asesor/contactos/bulk,POST,backend/routes/advisor.py,4017,,sí,in-body,,,,,
/api/asesor/contactos/{cid}/pin,POST,backend/routes/advisor.py,4077,,sí,in-body,,,,,
/api/asesor/dashboard/widgets-config,GET,backend/routes/advisor.py,4095,,sí,in-body,,,,,
/api/asesor/dashboard/widgets-config,PATCH,backend/routes/advisor.py,4107,,sí,in-body,,,,,
/api/asesor/recent,POST,backend/routes/advisor.py,4146,,sí,in-body,,,,,
/api/asesor/recent,GET,backend/routes/advisor.py,4164,,sí,in-body,,,,,
/api/asesor/leads/{lead_id},GET,backend/routes/advisor.py,4195,,sí,in-body,,,,,
/api/asesor/leads/{lead_id},PATCH,backend/routes/advisor.py,4208,,sí,in-body,,,,,
/api/asesor/leads/{lead_id}/watchlist,POST,backend/routes/advisor.py,4225,,sí,in-body,,,,,
/api/asesor/mi-espejo,GET,backend/routes/advisor.py,4246,,sí,in-body,,,,,
/api/asesor/whitelist/request,POST,backend/routes/advisor_whitelist.py,102,,sí,in-body,,,,,
/api/asesor/whitelist/me,GET,backend/routes/advisor_whitelist.py,121,,sí,in-body,,,,,
/api/asesor/whitelist/authorized-devs,GET,backend/routes/advisor_whitelist.py,130,,sí,in-body,,,,,
/api/dev/whitelist/pending,GET,backend/routes/advisor_whitelist.py,142,,sí,in-body,,,,,
/api/dev/whitelist/all,GET,backend/routes/advisor_whitelist.py,156,,sí,in-body,,,,,
/api/dev/whitelist/{auth_id}/approve,POST,backend/routes/advisor_whitelist.py,172,,sí,in-body,,,,,
/api/dev/whitelist/{auth_id}/reject,POST,backend/routes/advisor_whitelist.py,188,,sí,in-body,,,,,
/api/dev/whitelist/{auth_id}/revoke,POST,backend/routes/advisor_whitelist.py,203,,sí,in-body,,,,,
/api/dev/whitelist/bulk-approve,POST,backend/routes/advisor_whitelist.py,218,,sí,in-body,,,,,
/api/dev/auto-approve-rule,GET,backend/routes/advisor_whitelist.py,238,,sí,in-body,,,,,
/api/dev/auto-approve-rule,PUT,backend/routes/advisor_whitelist.py,249,,sí,in-body,,,,,
/api/dev/auto-approve-rule/simulate,POST,backend/routes/advisor_whitelist.py,280,,sí,in-body,,,,,
/api/agent-workforce/status,GET,backend/routes/agent_workforce.py,67,,sí,in-body,,,,,
/api/agent-workforce/run-now,POST,backend/routes/agent_workforce.py,93,,sí,in-body,,,,,
/api/agent-workforce/agents,GET,backend/routes/agent_workforce.py,107,,sí,in-body,,,,,
/api/superadmin/agent-workforce/stats,GET,backend/routes/agent_workforce.py,131,,sí,in-body,,,,,
/api/agentic-crm/routings,POST,backend/routes/agentic_crm.py,153,,sí,in-body,,,,,
/api/agentic-crm/routings,GET,backend/routes/agentic_crm.py,183,,sí,in-body,,,,,
/api/agentic-crm/routings/{routing_id}/accept,POST,backend/routes/agentic_crm.py,212,,sí,in-body,,,,,
/api/agentic-crm/routings/{routing_id}/reject,POST,backend/routes/agentic_crm.py,231,,sí,in-body,,,,,
/api/agentic-crm/routings/{routing_id}/reassign,POST,backend/routes/agentic_crm.py,252,,sí,in-body,,,,,
/api/superadmin/agentic-crm/routings/metrics,GET,backend/routes/agentic_crm.py,276,,sí,PÚBLICO?,,,,,
/api/agentic-crm/visit-prep/generate,POST,backend/routes/agentic_crm.py,362,,sí,in-body,,,,,
/api/agentic-crm/visit-prep/dossiers,GET,backend/routes/agentic_crm.py,405,,sí,in-body(deleg),,,,,
/api/agentic-crm/visit-prep/dossiers/{dossier_id}/mark-viewed,POST,backend/routes/agentic_crm.py,436,,sí,PÚBLICO?,,,,,
/api/agentic-crm/webhooks/resend-inbound,POST,backend/routes/agentic_crm.py,497,,sí,PÚBLICO?,,,,,
/api/agentic-crm/replies,GET,backend/routes/agentic_crm.py,582,,sí,in-body(deleg),,,,,
/api/agentic-crm/replies/{reply_id}/mark-action-taken,POST,backend/routes/agentic_crm.py,634,,sí,in-body(deleg),,,,,
/api/agentic-crm/replies/{reply_id}/escalate,POST,backend/routes/agentic_crm.py,678,,sí,PÚBLICO?,,,,,
/api/agentic-crm/disc/{lead_id},GET,backend/routes/agentic_crm.py,802,,sí,in-body,,,,,
/api/agentic-crm/disc/{lead_id}/refresh,POST,backend/routes/agentic_crm.py,834,,sí,in-body,,,,,
/api/superadmin/agentic-crm/disc/distribution,GET,backend/routes/agentic_crm.py,869,,sí,in-body,,,,,
/api/agentic-crm/nurture/sequences,GET,backend/routes/agentic_crm.py,924,,sí,in-body,,,,,
/api/agentic-crm/nurture/sequences/{lead_id}/dry-run,POST,backend/routes/agentic_crm.py,958,,sí,in-body,,,,,
/api/agentic-crm/nurture/sequences/{lead_id}/pause,POST,backend/routes/agentic_crm.py,993,,sí,in-body,,,,,
/api/agentic-crm/nurture/sequences/{lead_id}/resume,POST,backend/routes/agentic_crm.py,1012,,sí,in-body,,,,,
/api/superadmin/agentic-crm/nurture/toggle,POST,backend/routes/agentic_crm.py,1031,,sí,in-body,,,,,
/api/superadmin/agentic-crm/nurture/stats,GET,backend/routes/agentic_crm.py,1066,,sí,PÚBLICO?,,,,,
/api/agentic-crm/match-weights,GET,backend/routes/agentic_crm.py,1157,,sí,in-body,,,,,
/api/agentic-crm/match-weights,PATCH,backend/routes/agentic_crm.py,1174,,sí,in-body,,,,,
/api/agentic-crm/match-weights/auto-tune,POST,backend/routes/agentic_crm.py,1201,,sí,in-body,,,,,
/api/superadmin/agentic-crm/match-weights/distribution,GET,backend/routes/agentic_crm.py,1219,,sí,in-body,,,,,
/api/agentic-crm/casamentera/{lead_id},GET,backend/routes/agentic_crm.py,1246,,sí,PÚBLICO?,,,,,
/api/agentic-crm/argumentario/{lead_id},GET,backend/routes/agentic_crm.py,1293,,sí,in-body,,,,,
/api/agentic-crm/argumentario/{lead_id}/refresh,POST,backend/routes/agentic_crm.py,1323,,sí,in-body,,,,,
/api/agentic-crm/argumentario/{lead_id}/mark-used,POST,backend/routes/agentic_crm.py,1351,,sí,PÚBLICO?,,,,,
/api/asesor/argumentario/query,POST,backend/routes/argumentario.py,50,,sí,in-body,,,,,
/api/asesor/argumentario/recent,GET,backend/routes/argumentario.py,68,,sí,in-body,,,,,
/api/asesor/argumentario/kb,GET,backend/routes/argumentario.py,77,,sí,in-body,,,,,
/api/asesor/argumentario/seed,POST,backend/routes/argumentario.py,99,,sí,in-body,,,,,
/api/asesor/calendar/webhook/subscribe,POST,backend/routes/asesor_daily_tools.py,59,,sí,in-body,,,,,
/api/asesor/calendar/webhook/subscribe,DELETE,backend/routes/asesor_daily_tools.py,67,,sí,in-body,,,,,
/api/asesor/calendar/webhook/callback,POST,backend/routes/asesor_daily_tools.py,76,,sí,PÚBLICO?,,,,,
/api/asesor/calendar/sync-status,GET,backend/routes/asesor_daily_tools.py,96,,sí,in-body,,,,,
/api/asesor/calendar/sync-now,POST,backend/routes/asesor_daily_tools.py,104,,sí,in-body,,,,,
/api/asesor/visit-briefing/generate,POST,backend/routes/asesor_daily_tools.py,115,,sí,in-body,,,,,
/api/asesor/visit-briefing/{appointment_id},GET,backend/routes/asesor_daily_tools.py,137,,sí,in-body,,,,,
/api/asesor/visit-briefing/{briefing_id}/viewed,POST,backend/routes/asesor_daily_tools.py,152,,sí,in-body,,,,,
/api/asesor/lead/{lead_id}/insights,GET,backend/routes/asesor_daily_tools.py,163,,sí,in-body,,,,,
/api/public/endorsements,POST,backend/routes/asesor_identity.py,87,,sí,PÚBLICO?,,,,,
/api/public/endorsements/confirm/{token},GET,backend/routes/asesor_identity.py,115,,sí,PÚBLICO?,,,,,
/api/public/asesor/{asesor_id}/endorsements,GET,backend/routes/asesor_identity.py,128,,sí,in-body,,,,,
/api/public/asesor/{asesor_id}/profile,GET,backend/routes/asesor_identity.py,141,,sí,in-body,,,,,
/api/public/asesor/{asesor_id}/contact,POST,backend/routes/asesor_identity.py,232,,sí,PÚBLICO?,,,,,
/api/public/asesor/{asesor_id}/trust-score,GET,backend/routes/asesor_identity.py,275,,sí,PÚBLICO?,,,,,
/api/asesor-identity/by-slug/{slug},GET,backend/routes/asesor_identity.py,337,,sí,PÚBLICO?,,,,,
/api/asesor-identity/me/slug,GET,backend/routes/asesor_identity.py,359,,sí,in-body,,,,,
/api/asesor/linkedin/import,POST,backend/routes/asesor_identity.py,376,,sí,in-body,,,,,
/api/asesor/linkedin/me,GET,backend/routes/asesor_identity.py,389,,sí,in-body,,,,,
/api/asesor/linkedin,DELETE,backend/routes/asesor_identity.py,400,,sí,in-body,,,,,
/api/asesor/disc/submit,POST,backend/routes/asesor_identity.py,411,,sí,in-body,,,,,
/api/asesor/disc/me,GET,backend/routes/asesor_identity.py,425,,sí,in-body,,,,,
/api/asesor/disc/me,DELETE,backend/routes/asesor_identity.py,436,,sí,in-body,,,,,
/api/asesor/trust-score/me,GET,backend/routes/asesor_identity.py,447,,sí,in-body,,,,,
/api/asesor/endorsements/{endorsement_id},DELETE,backend/routes/asesor_identity.py,459,,sí,in-body,,,,,
/api/asesor/endorsements/me,GET,backend/routes/asesor_identity.py,470,,sí,in-body,,,,,
/api/asesor/market/amenity-ranker,GET,backend/routes/asesor_market.py,35,,sí,in-body,,,,,
/api/asesor/market/demand-gap,GET,backend/routes/asesor_market.py,44,,sí,in-body,,,,,
/api/asesor/metrics/me,GET,backend/routes/asesor_metrics.py,31,,sí,in-body,,,,,
/api/asesor/metrics/team,GET,backend/routes/asesor_metrics.py,40,,sí,in-body,,,,,
/api/asesor/metrics/{asesor_id}/timeseries,GET,backend/routes/asesor_metrics.py,57,,sí,in-body,,,,,
/api/asesor/proyecto/{project_id}/playbook,GET,backend/routes/asesor_playbook.py,57,,sí,in-body,,,,,
/api/asistente/sessions/{session_token},GET,backend/routes/asistente.py,99,,sí,PÚBLICO?,,,,,
/api/asistente/sessions,POST,backend/routes/asistente.py,133,,sí,PÚBLICO?,,,,,
/api/asistente/sessions/{session_token}/messages,POST,backend/routes/asistente.py,151,,sí,PÚBLICO?,,,,,
/api/asistente/ask,POST,backend/routes/asistente.py,174,,sí,in-body,,,,,
/api/asistente/sessions/{session_token}/capture-lead,POST,backend/routes/asistente.py,242,,sí,PÚBLICO?,,,,,
/api/superadmin/asistente/usage,GET,backend/routes/asistente.py,290,,sí,in-body,,,,,
/api/superadmin/atlax-persona/{org_id},GET,backend/routes/atlax_persona.py,130,,sí,in-body,,,,,
/api/superadmin/atlax-persona/{org_id},PATCH,backend/routes/atlax_persona.py,155,,sí,in-body,,,,,
/api/superadmin/atlax-persona/{org_id}/preview,POST,backend/routes/atlax_persona.py,188,,sí,in-body,,,,,
/api/auth/register,POST,backend/routes/auth.py,123,,sí,PÚBLICO?,,,,,
/api/auth/login,POST,backend/routes/auth.py,153,,sí,PÚBLICO?,,,,,
/api/auth/session,POST,backend/routes/auth.py,189,,sí,PÚBLICO?,,,,,
/api/auth/me,GET,backend/routes/auth.py,232,,sí,in-body,,,,,
/api/auth/select-role,POST,backend/routes/auth.py,241,,sí,in-body,,,,,
/api/auth/logout,POST,backend/routes/auth.py,262,,sí,PÚBLICO?,,,,,
/api/auth/comprador/magic-link/request,POST,backend/routes/auth.py,324,,sí,PÚBLICO?,,,,,
/api/auth/comprador/magic-link/verify,GET,backend/routes/auth.py,398,,sí,PÚBLICO?,,,,,
/api/auth/in-house/accept-invitation,POST,backend/routes/auth.py,471,,sí,PÚBLICO?,,,,,
/api/asesor/autopilot/config,GET,backend/routes/auto_pilot.py,36,,sí,in-body,,,,,
/api/asesor/autopilot/config,PATCH,backend/routes/auto_pilot.py,43,,sí,in-body,,,,,
/api/asesor/autopilot/log,GET,backend/routes/auto_pilot.py,56,,sí,in-body,,,,,
/api/asesor/autopilot/pause,POST,backend/routes/auto_pilot.py,63,,sí,in-body,,,,,
/api/asesor/autopilot/run-now,POST,backend/routes/auto_pilot.py,76,,sí,in-body,,,,,
/api/superadmin/avm-accuracy/summary,GET,backend/routes/avm_accuracy.py,35,,sí,in-body,,,,,
/api/superadmin/avm-accuracy/promotions,GET,backend/routes/avm_accuracy.py,127,,sí,in-body,,,,,
/api/superadmin/avm-accuracy/trigger-retrain,POST,backend/routes/avm_accuracy.py,143,,sí,in-body,,,,,
/api/superadmin/avm-accuracy/golden-validation,GET,backend/routes/avm_accuracy.py,158,,sí,in-body,,,,,
/api/superadmin/avm-accuracy/cache-stats,GET,backend/routes/avm_accuracy.py,168,,sí,in-body,,,,,
/api/superadmin/avm-accuracy/cache-invalidate,POST,backend/routes/avm_accuracy.py,178,,sí,in-body,,,,,
/api/avm-public/quick,GET,backend/routes/avm_public.py,44,,sí,PÚBLICO?,,,,,
/api/avm-public/colonia/{slug},GET,backend/routes/avm_public.py,76,,sí,PÚBLICO?,,,,,
/api/avm-public/colonias/top,GET,backend/routes/avm_public.py,85,,sí,PÚBLICO?,,,,,
/api/avm-public/widget-config/{colonia_slug},GET,backend/routes/avm_public.py,92,,sí,PÚBLICO?,,,,,
/api/avm-public/landing/{colonia_slug},GET,backend/routes/avm_public.py,145,,sí,PÚBLICO?,,,,,
/api/leads/public,POST,backend/routes/b13.py,100,,sí,PÚBLICO?,,,,,
/api/leads/{lead_id}/attribution,GET,backend/routes/b13.py,267,,sí,in-body,,,,,
/api/leads/{lead_id}/attribution,POST,backend/routes/b13.py,283,,sí,in-body,,,,,
/api/dev/settings/attribution-model,GET,backend/routes/b13.py,307,,sí,in-body,,,,,
/api/dev/settings/attribution-model,PATCH,backend/routes/b13.py,320,,sí,in-body,,,,,
/api/asesor/tracking-links,GET,backend/routes/b13.py,357,,sí,in-body,,,,,
/api/asesor/tracking-links/qrcode,POST,backend/routes/b13.py,408,,sí,in-body,,,,,
/api/asesor/tracking-links/stats,GET,backend/routes/b13.py,423,,sí,in-body,,,,,
/api/tracking/view,POST,backend/routes/b13.py,441,,sí,PÚBLICO?,,,,,
/api/dev/leads/kanban-unified,GET,backend/routes/b13.py,467,,sí,in-body,,,,,
/api/cross-portal/sync-check,POST,backend/routes/b13.py,501,,sí,in-body,,,,,
/api/dev/leads/count-unread,GET,backend/routes/badges.py,34,,sí,in-body,,,,,
/api/dev/citas/count-today,GET,backend/routes/badges.py,50,,sí,in-body,,,,,
/api/dev/projects/count-unhealthy,GET,backend/routes/badges.py,74,,sí,in-body,,,,,
/api/asesor/contacts/count-new,GET,backend/routes/badges.py,99,,sí,in-body,,,,,
/api/dev/battle-card/{project_id},GET,backend/routes/battle_card.py,152,,sí,in-body,,,,,
/api/dev/battle-card/{project_id}/competitors,GET,backend/routes/battle_card.py,223,,sí,in-body,,,,,
/api/dev/battle-card/{project_id}/history,GET,backend/routes/battle_card.py,249,,sí,in-body,,,,,
/api/dev/battle-card/{project_id}/recommendation,GET,backend/routes/battle_card.py,276,,sí,in-body,,,,,
/api/dev/battle-card/{project_id}/export.pdf,GET,backend/routes/battle_card.py,290,,sí,in-body,,,,,
/api/track,POST,backend/routes/behavioral.py,56,,sí,in-body,,,,,
/api/superadmin/behavioral/events,GET,backend/routes/behavioral.py,97,,sí,in-body,,,,,
/api/superadmin/behavioral/aggregate,GET,backend/routes/behavioral.py,137,,sí,in-body,,,,,
/api/asesor/briefing/traffic,POST,backend/routes/briefing_traffic.py,48,,sí,in-body,,,,,
/api/asesor/briefing/traffic/recent,GET,backend/routes/briefing_traffic.py,82,,sí,in-body,,,,,
/api/brochures/variants,GET,backend/routes/brochure.py,53,,sí,PÚBLICO?,,,,,
/api/brochures/generate,POST,backend/routes/brochure.py,68,,sí,in-body,,,,,
/api/brochures/upload-custom,POST,backend/routes/brochure.py,99,,sí,in-body,,,,,
/api/brochures/list,GET,backend/routes/brochure.py,136,,sí,in-body,,,,,
/api/brochures/{brochure_id},GET,backend/routes/brochure.py,151,,sí,in-body,,,,,
/api/brochures/files/{brochure_id}/pdf,GET,backend/routes/brochure.py,166,,sí,PÚBLICO?,,,,,
/api/brochures/files/{brochure_id}/social/{fmt},GET,backend/routes/brochure.py,182,,sí,PÚBLICO?,,,,,
/api/brochures/regenerate/{brochure_id},POST,backend/routes/brochure.py,202,,sí,in-body,,,,,
/api/brochures/{brochure_id},DELETE,backend/routes/brochure.py,231,,sí,in-body,,,,,
/api/bulletins/{slug}/{period},GET,backend/routes/bulletins.py,45,,sí,PÚBLICO?,,,,,
/api/bulletins/{slug}/{period}/pdf,GET,backend/routes/bulletins.py,62,,sí,PÚBLICO?,,,,,
/api/public/methodology,GET,backend/routes/bulletins.py,78,,sí,PÚBLICO?,,,,,
/api/superadmin/bulletins/list,GET,backend/routes/bulletins.py,199,,sí,in-body(deleg),,,,,
/api/superadmin/bulletins/generate,POST,backend/routes/bulletins.py,229,,sí,in-body(deleg),,,,,
/api/public/buy-signal/{dev_id},GET,backend/routes/buy_signal.py,121,,sí,PÚBLICO?,,,,,
/api/public/ownership/{dev_id},GET,backend/routes/buy_signal.py,241,,sí,PÚBLICO?,,,,,
/api/comprador/alerts,GET,backend/routes/buyer_alerts.py,80,_require_buyer,sí,depends,,,,,
/api/comprador/alerts,POST,backend/routes/buyer_alerts.py,90,_require_buyer,sí,depends,,,,,
/api/comprador/alerts/{alert_id},PATCH,backend/routes/buyer_alerts.py,121,_require_buyer,sí,depends,,,,,
/api/comprador/alerts/{alert_id},DELETE,backend/routes/buyer_alerts.py,155,_require_buyer,sí,depends,,,,,
/api/comprador/alerts/deliveries,GET,backend/routes/buyer_alerts.py,166,_require_buyer,sí,depends,,,,,
/api/buyer-coach/start,POST,backend/routes/buyer_coach.py,61,,sí,PÚBLICO?,,,,,
/api/buyer-coach/{conversation_id}/message,POST,backend/routes/buyer_coach.py,76,,sí,PÚBLICO?,,,,,
/api/buyer-coach/{conversation_id}/stage/{n}/checklist,GET,backend/routes/buyer_coach.py,91,,sí,PÚBLICO?,,,,,
/api/buyer-coach/{conversation_id}/advance,POST,backend/routes/buyer_coach.py,111,,sí,PÚBLICO?,,,,,
/api/buyer-coach/{conversation_id}/zone-recommendations,GET,backend/routes/buyer_coach.py,124,,sí,PÚBLICO?,,,,,
/api/buyer-coach/{conversation_id}/capture-lead,POST,backend/routes/buyer_coach.py,139,,sí,PÚBLICO?,,,,,
/api/buyer-coach/similar-projects,GET,backend/routes/buyer_coach.py,157,,sí,PÚBLICO?,,,,,
/api/superadmin/buyer-score/summary,GET,backend/routes/buyer_score.py,32,,sí,in-body,,,,,
/api/superadmin/buyer-score/per-user,GET,backend/routes/buyer_score.py,94,,sí,in-body,,,,,
/api/superadmin/buyer-score/trigger-recompute,POST,backend/routes/buyer_score.py,155,,sí,in-body,,,,,
/api/buyer/signal,POST,backend/routes/buyer_signals.py,140,,sí,PÚBLICO?,,,,,
/api/buyer/elasticidad,POST,backend/routes/buyer_signals.py,220,,sí,PÚBLICO?,,,,,
/api/desarrollo/{dev_id}/embudo-unidades,GET,backend/routes/buyer_signals.py,240,,sí,in-body,,,,,
/api/desarrollo/{dev_id}/demanda-zona,GET,backend/routes/buyer_signals.py,266,,sí,in-body,,,,,
/api/desarrollo/{dev_id}/interes,GET,backend/routes/buyer_signals.py,301,,sí,PÚBLICO?,,,,,
/api/buyer/mi-gusto,GET,backend/routes/buyer_signals.py,338,,sí,PÚBLICO?,,,,,
/api/buyer/experiencia-fotos/{dev_id},GET,backend/routes/buyer_signals.py,375,,sí,PÚBLICO?,,,,,
/api/buyer/experiencia-parallax/{dev_id},GET,backend/routes/buyer_signals.py,445,,sí,PÚBLICO?,,,,,
/api/buyer/donde-vivir,GET,backend/routes/buyer_signals.py,531,,sí,PÚBLICO?,,,,,
/api/buyer/demanda-mapa,GET,backend/routes/buyer_signals.py,602,,sí,PÚBLICO?,,,,,
/api/desarrollo/{dev_id}/percepcion,GET,backend/routes/buyer_signals.py,691,,sí,in-body,,,,,
/api/desarrollo/{dev_id}/percepcion-unidades,GET,backend/routes/buyer_signals.py,725,,sí,in-body,,,,,
/api/buyer/promote,POST,backend/routes/buyer_signals.py,965,,sí,in-body,,,,,
/api/buyer/registrar,POST,backend/routes/buyer_signals.py,984,,sí,PÚBLICO?,,,,,
/api/buyer/claim,POST,backend/routes/buyer_signals.py,1006,,sí,in-body,,,,,
/api/buyer/parecidos,GET,backend/routes/buyer_signals.py,1083,,sí,PÚBLICO?,,,,,
/api/casamentera/correr,POST,backend/routes/casamentera.py,110,,sí,PÚBLICO?,,,,,
/api/buyer/alertas,GET,backend/routes/casamentera.py,130,,sí,PÚBLICO?,,,,,
/api/cerebro/status,GET,backend/routes/cerebro.py,46,,sí,in-body,,,,,
/api/cerebro/detect-market,POST,backend/routes/cerebro.py,64,,sí,in-body,,,,,
/api/cerebro/tasks,GET,backend/routes/cerebro.py,75,,sí,in-body,,,,,
/api/cerebro/runs/{run_id},GET,backend/routes/cerebro.py,84,,sí,in-body,,,,,
/api/cerebro/run,POST,backend/routes/cerebro.py,93,,sí,in-body,,,,,
/api/cerebro/tasks/{task_id}/approve,POST,backend/routes/cerebro.py,105,,sí,in-body,,,,,
/api/cerebro/tasks/{task_id}/reject,POST,backend/routes/cerebro.py,125,,sí,in-body,,,,,
/api/cerebro/config,GET,backend/routes/cerebro.py,150,,sí,in-body,,,,,
/api/cerebro/config,PUT,backend/routes/cerebro.py,161,,sí,in-body,,,,,
/api/cerebro/catalog,GET,backend/routes/cerebro.py,170,,sí,in-body,,,,,
/api/cerebro/custom-goal,POST,backend/routes/cerebro.py,186,,sí,in-body,,,,,
/api/cerebro/custom-goal/{goal_id},DELETE,backend/routes/cerebro.py,198,,sí,in-body,,,,,
/api/cerebro/scopes,GET,backend/routes/cerebro.py,206,,sí,in-body,,,,,
/api/cerebro/recommendations,GET,backend/routes/cerebro.py,241,,sí,in-body,,,,,
/api/cerebro/recommendations/apply,POST,backend/routes/cerebro.py,254,,sí,in-body,,,,,
/api/cerebro/learning,GET,backend/routes/cerebro.py,266,,sí,in-body,,,,,
/api/cerebro/deal-closed,POST,backend/routes/cerebro.py,281,,sí,in-body,,,,,
/api/cerebro/learning/demo,POST,backend/routes/cerebro.py,294,,sí,in-body,,,,,
/api/superadmin/cerebro-mercado,GET,backend/routes/cerebro_mercado.py,30,,sí,in-body,,,,,
/api/chat/threads,POST,backend/routes/chat.py,65,"_require_authenticated,_require_buyer",sí,depends,,,,,
/api/chat/threads,GET,backend/routes/chat.py,73,_require_authenticated,sí,depends,,,,,
/api/chat/threads/{thread_id}/messages,GET,backend/routes/chat.py,82,_require_authenticated,sí,depends,,,,,
/api/chat/threads/{thread_id}/messages,POST,backend/routes/chat.py,106,_require_authenticated,sí,depends,,,,,
/api/chat/threads/{thread_id}/read,POST,backend/routes/chat.py,133,_require_authenticated,sí,depends,,,,,
/api/chat/unread,GET,backend/routes/chat.py,143,_require_authenticated,sí,depends,,,,,
/api/climate-migration/heatmap,GET,backend/routes/climate_migration.py,68,,sí,PÚBLICO?,,,,,
/api/climate-migration/zone/{zone_slug},GET,backend/routes/climate_migration.py,122,,sí,PÚBLICO?,,,,,
/api/climate-migration/patterns,GET,backend/routes/climate_migration.py,247,,sí,PÚBLICO?,,,,,
/api/asesor/cma/generate,POST,backend/routes/cma.py,80,,sí,in-body,,,,,
/api/asesor/cma/list,GET,backend/routes/cma.py,96,,sí,in-body,,,,,
/api/asesor/cma/{cma_id},GET,backend/routes/cma.py,110,,sí,in-body,,,,,
/api/public/cma/{cma_id},GET,backend/routes/cma.py,126,,sí,PÚBLICO?,,,,,
/api/asesor/cma/{cma_id}/pdf,GET,backend/routes/cma.py,143,,sí,in-body,,,,,
/api/comparable-alerts/dev/{dev_id},GET,backend/routes/comparable_alerts.py,57,,sí,in-body,,,,,
/api/privacy/dsr,POST,backend/routes/compliance.py,53,,sí,PÚBLICO?,,,,,
/api/privacy/dsr/{dsr_id}/verify,GET,backend/routes/compliance.py,103,,sí,in-body,,,,,
/api/superadmin/compliance/dsr-requests,GET,backend/routes/compliance.py,133,,sí,in-body,,,,,
/api/superadmin/compliance/dsr-requests/{dsr_id}/process,POST,backend/routes/compliance.py,181,,sí,in-body(deleg),,,,,
/api/superadmin/compliance/audit-trail,GET,backend/routes/compliance.py,214,,sí,in-body(deleg),,,,,
/api/superadmin/compliance/cross-org,GET,backend/routes/compliance.py,261,,sí,in-body(deleg),,,,,
/api/composites/comprador,GET,backend/routes/composites.py,29,,sí,PÚBLICO?,,,,,
/api/composites/inversor,GET,backend/routes/composites.py,37,,sí,PÚBLICO?,,,,,
/api/comprador/dashboard,GET,backend/routes/comprador.py,111,_require_buyer,sí,depends,,,,,
/api/comprador/recommended,GET,backend/routes/comprador.py,123,_require_buyer,sí,depends,,,,,
/api/comprador/visitas,GET,backend/routes/comprador.py,144,_require_buyer,sí,depends,,,,,
/api/comprador/profile,GET,backend/routes/comprador.py,167,_require_buyer,sí,depends,,,,,
/api/comprador/profile,PATCH,backend/routes/comprador.py,180,_require_buyer,sí,depends,,,,,
/api/comprador/saved-searches,GET,backend/routes/comprador.py,204,_require_buyer,sí,depends,,,,,
/api/comprador/saved-searches/{search_id},DELETE,backend/routes/comprador.py,232,"_req,_require_buyer",sí,depends,,,,,
/api/comprador/favorites,GET,backend/routes/comprador.py,251,_require_buyer,sí,depends,,,,,
/api/comprador/favorites,POST,backend/routes/comprador.py,274,_require_buyer,sí,depends,,,,,
/api/comprador/favorites/{fav_id},DELETE,backend/routes/comprador.py,288,_require_buyer,sí,depends,,,,,
/api/comprador/history,GET,backend/routes/comprador.py,301,_require_buyer,sí,depends,,,,,
/api/comprador/history,POST,backend/routes/comprador.py,324,_require_buyer,sí,depends,,,,,
/api/comprador/history,DELETE,backend/routes/comprador.py,334,_require_buyer,sí,depends,,,,,
/api/comprador/privacy/consents,GET,backend/routes/comprador.py,345,_require_buyer,sí,depends,,,,,
/api/comprador/privacy/consents,PATCH,backend/routes/comprador.py,352,_require_buyer,sí,depends,,,,,
/api/comprador/privacy/export,POST,backend/routes/comprador.py,366,"_r,_require_buyer",sí,depends,,,,,
/api/comprador/privacy/delete-account,POST,backend/routes/comprador.py,373,_require_buyer,sí,depends,,,,,
/api/comprador/privacy/cancel-delete,POST,backend/routes/comprador.py,382,_require_buyer,sí,depends,,,,,
/api/comprador/compare,POST,backend/routes/comprador_compare.py,46,_require_buyer,sí,depends,,,,,
/api/comprador/compare/pdf,POST,backend/routes/comprador_compare.py,71,_require_buyer,sí,depends,,,,,
/api/construction-quality/{development_id},GET,backend/routes/construction_quality.py,43,,sí,PÚBLICO?,,,,,
/api/construction-quality,GET,backend/routes/construction_quality.py,59,,sí,PÚBLICO?,,,,,
/api/superadmin/construction-quality/stats,GET,backend/routes/construction_quality.py,77,,sí,in-body,,,,,
/api/superadmin/construction-quality/refresh/{development_id},POST,backend/routes/construction_quality.py,85,,sí,in-body,,,,,
/api/superadmin/construction-quality/manual-override,POST,backend/routes/construction_quality.py,109,,sí,in-body,,,,,
/api/conversation/start,POST,backend/routes/conversation.py,159,,sí,in-body(deleg),,,,,
/api/conversation/message,POST,backend/routes/conversation.py,184,,sí,in-body(deleg),,,,,
/api/conversation/lead/{lead_id}/conversations,GET,backend/routes/conversation.py,252,,sí,in-body,,,,,
/api/conversation/{conversation_id},GET,backend/routes/conversation.py,268,,sí,in-body,,,,,
/api/conversation/handoff,POST,backend/routes/conversation.py,282,,sí,in-body,,,,,
/api/superadmin/conversations/list,GET,backend/routes/conversation.py,307,,sí,in-body,,,,,
/api/superadmin/conversations/stats,GET,backend/routes/conversation.py,323,,sí,in-body,,,,,
/api/superadmin/conversations/takeover,POST,backend/routes/conversation.py,331,,sí,in-body,,,,,
/api/superadmin/ab-testing/create,POST,backend/routes/conversation_ab_testing.py,93,,sí,in-body,,,,,
/api/superadmin/ab-testing/list,GET,backend/routes/conversation_ab_testing.py,115,,sí,in-body,,,,,
/api/superadmin/ab-testing/results/{test_id},GET,backend/routes/conversation_ab_testing.py,123,,sí,in-body,,,,,
/api/superadmin/ab-testing/pick-winner,POST,backend/routes/conversation_ab_testing.py,133,,sí,in-body,,,,,
/api/superadmin/ab-testing/{test_id},DELETE,backend/routes/conversation_ab_testing.py,147,,sí,in-body,,,,,
/api/conversation/{conversation_id}/confidence-history,GET,backend/routes/conversation_confidence.py,60,,sí,in-body,,,,,
/api/superadmin/confidence/stats,GET,backend/routes/conversation_confidence.py,111,,sí,in-body,,,,,
/api/superadmin/conversation-cost/tenant-cost,GET,backend/routes/conversation_cost.py,63,,sí,in-body,,,,,
/api/superadmin/conversation-cost/top-expensive,GET,backend/routes/conversation_cost.py,74,,sí,in-body,,,,,
/api/superadmin/conversation-cost/model-distribution,GET,backend/routes/conversation_cost.py,86,,sí,in-body,,,,,
/api/superadmin/conversation-cost/stats-summary,GET,backend/routes/conversation_cost.py,96,,sí,in-body,,,,,
/api/superadmin/conversation-drift/compute,GET,backend/routes/conversation_drift.py,220,,sí,in-body,,,,,
/api/superadmin/conversation-drift/alerts/history,GET,backend/routes/conversation_drift.py,227,,sí,in-body,,,,,
/api/superadmin/conversation-drift/alerts/{alert_id}/ack,POST,backend/routes/conversation_drift.py,240,,sí,in-body,,,,,
/api/superadmin/conversation-drift/baseline/recompute,GET,backend/routes/conversation_drift.py,247,,sí,in-body,,,,,
/api/superadmin/kb-gaps/list,GET,backend/routes/conversation_kb_gaps.py,61,,sí,in-body,,,,,
/api/superadmin/kb-gaps/add-faq,POST,backend/routes/conversation_kb_gaps.py,78,,sí,in-body,,,,,
/api/superadmin/kb-gaps/dismiss-gap,POST,backend/routes/conversation_kb_gaps.py,96,,sí,in-body,,,,,
/api/copilot/ask,POST,backend/routes/copilot.py,34,,sí,in-body,,,,,
/api/copilot/conversations,GET,backend/routes/copilot.py,41,,sí,in-body,,,,,
/api/copilot/conversations/{conversation_id},GET,backend/routes/copilot.py,48,,sí,in-body,,,,,
/api/copilot/conversations/{conversation_id},DELETE,backend/routes/copilot.py,58,,sí,in-body,,,,,
/api/copilot/quick-actions,GET,backend/routes/copilot.py,134,,sí,in-body,,,,,
/api/copiloto/cierre,POST,backend/routes/copiloto_flywheel.py,174,,sí,cron/webhook,,,,,
/api/buyer/parecidos-cerraron,GET,backend/routes/copiloto_flywheel.py,222,,sí,PÚBLICO?,,,,,
/api/comprador/cross-sell/offers,GET,backend/routes/cross_sell.py,60,_require_buyer,sí,depends,,,,,
/api/comprador/cross-sell/offers/{offer_id}/click,POST,backend/routes/cross_sell.py,105,_require_buyer,sí,depends,,,,,
/api/comprador/cross-sell/offers/{offer_id}/fill,POST,backend/routes/cross_sell.py,126,_require_buyer,sí,depends,,,,,
/api/comprador/cross-sell/my-offers,GET,backend/routes/cross_sell.py,191,_require_buyer,sí,depends,,,,,
/api/desarrollador/cube-actions,GET,backend/routes/cube_inbox.py,36,,sí,in-body,,,,,
/api/desarrollador/cube-actions/{action_id}/estado,POST,backend/routes/cube_inbox.py,52,,sí,in-body,,,,,
/api/desarrollador/memory,GET,backend/routes/cube_inbox.py,63,,sí,in-body,,,,,
/api/desarrollador/generar-copy,POST,backend/routes/cube_inbox.py,78,,sí,in-body,,,,,
/api/asesor/cube-actions,GET,backend/routes/cube_inbox.py,113,,sí,in-body,,,,,
/api/asesor/cube-actions/{action_id}/estado,POST,backend/routes/cube_inbox.py,123,,sí,in-body,,,,,
/api/marketplace/cube-actions,GET,backend/routes/cube_inbox.py,134,,sí,PÚBLICO?,,,,,
/api/superadmin/data-licensing/bundles,GET,backend/routes/data_licensing.py,203,,sí,in-body(deleg),,,,,
/api/superadmin/data-licensing/subscriptions,GET,backend/routes/data_licensing.py,218,,sí,in-body(deleg),,,,,
/api/superadmin/data-licensing/subscriptions,POST,backend/routes/data_licensing.py,276,,sí,in-body(deleg),,,,,
/api/superadmin/data-licensing/subscriptions/{sub_id},PATCH,backend/routes/data_licensing.py,353,,sí,in-body(deleg),,,,,
/api/superadmin/data-sources-gov-mx/banxico/lookup,GET,backend/routes/data_sources.py,79,,sí,in-body,,,,,
/api/superadmin/data-sources-gov-mx/sigcdmx/lookup,GET,backend/routes/data_sources.py,89,,sí,in-body,,,,,
/api/superadmin/data-sources-gov-mx/atlas-riesgos/lookup,GET,backend/routes/data_sources.py,99,,sí,in-body,,,,,
/api/superadmin/data-sources-gov-mx/catastro/lookup,GET,backend/routes/data_sources.py,109,,sí,in-body,,,,,
/api/superadmin/data-sources-gov-mx/gtfs/transit-accessibility,GET,backend/routes/data_sources.py,119,,sí,in-body,,,,,
/api/superadmin/data-sources-gov-mx/osm/amenities-radius,GET,backend/routes/data_sources.py,131,,sí,in-body,,,,,
/api/superadmin/data-sources-gov-mx/stats,GET,backend/routes/data_sources.py,147,,sí,in-body,,,,,
/api/superadmin/data-sources-gov-mx/{source}/sync-now,POST,backend/routes/data_sources.py,178,,sí,in-body,,,,,
/api/superadmin/data-sources-gov-mx/banxico/series-list,GET,backend/routes/data_sources.py,210,,sí,in-body,,,,,
/api/dev/demanda-demografica,GET,backend/routes/demanda_demografica.py,33,,sí,in-body,,,,,
/api/dev/projects/{project_id}/amenity-intel,GET,backend/routes/dev_amenity_intel.py,60,,sí,in-body,,,,,
/api/dev/bulk-upload/parse,POST,backend/routes/dev_batch1.py,204,,sí,in-body,,,,,
/api/dev/bulk-upload/commit,POST,backend/routes/dev_batch1.py,252,,sí,in-body,,,,,
/api/dev/bulk-upload/jobs,GET,backend/routes/dev_batch1.py,374,,sí,in-body,,,,,
/api/dev/projects/{project_id}/location,PATCH,backend/routes/dev_batch1.py,399,,sí,in-body,,,,,
/api/dev/projects/{project_id}/basics,PATCH,backend/routes/dev_batch1.py,455,,sí,in-body,,,,,
/api/dev/projects/{project_id}/payment-schemes,GET,backend/routes/dev_batch1.py,522,,sí,in-body,,,,,
/api/dev/projects/{project_id}/payment-schemes,PUT,backend/routes/dev_batch1.py,555,,sí,in-body,,,,,
/api/dev/projects/{project_id}/payment-quote,POST,backend/routes/dev_batch1.py,586,,sí,in-body,,,,,
/api/dev/projects/{project_id}/quote-pdf,POST,backend/routes/dev_batch1.py,1008,,sí,in-body,,,,,
/api/dev/projects,GET,backend/routes/dev_batch1.py,1063,,sí,in-body,,,,,
/api/dev/units/{unit_id}/hold,POST,backend/routes/dev_batch1.py,1120,,sí,in-body,,,,,
/api/dev/units/{unit_id}/hold,DELETE,backend/routes/dev_batch1.py,1174,,sí,in-body,,,,,
/api/dev/units/{unit_id}/hold,GET,backend/routes/dev_batch1.py,1201,,sí,in-body,,,,,
/api/dev/holds,GET,backend/routes/dev_batch1.py,1221,,sí,in-body,,,,,
/api/dev/org/settings,PATCH,backend/routes/dev_batch1.py,1304,,sí,in-body,,,,,
/api/dev/org/settings,GET,backend/routes/dev_batch1.py,1325,,sí,in-body,,,,,
/api/dev/erp-webhooks,GET,backend/routes/dev_batch1.py,1352,,sí,in-body,,,,,
/api/dev/erp-webhooks,POST,backend/routes/dev_batch1.py,1365,,sí,in-body,,,,,
/api/dev/erp-webhooks/{wid},PATCH,backend/routes/dev_batch1.py,1403,,sí,in-body,,,,,
/api/dev/erp-webhooks/{provider}/event,POST,backend/routes/dev_batch1.py,1418,,sí,PÚBLICO?,,,,,
/api/dev/erp-webhooks/{provider}/events,GET,backend/routes/dev_batch1.py,1464,,sí,in-body,,,,,
/api/dev/content/upload,POST,backend/routes/dev_batch1.py,1502,,sí,in-body,,,,,
/api/dev/content,GET,backend/routes/dev_batch1.py,1534,,sí,in-body,,,,,
/api/dev/content/{cid}/approve,POST,backend/routes/dev_batch1.py,1554,,sí,in-body,,,,,
/api/dev/content/{cid}/reject,POST,backend/routes/dev_batch1.py,1573,,sí,in-body,,,,,
/api/dev/content/{cid}/publish,POST,backend/routes/dev_batch1.py,1592,,sí,in-body,,,,,
/api/dev/projects/list-with-stats,GET,backend/routes/dev_batch10.py,102,,sí,in-body,,,,,
/api/dev/projects/plays,GET,backend/routes/dev_batch10.py,359,,sí,in-body,,,,,
/api/dev/projects/{project_id}/summary,GET,backend/routes/dev_batch10.py,493,,sí,in-body,,,,,
/api/dev/amenities-catalog,GET,backend/routes/dev_batch11.py,227,,sí,in-body,,,,,
/api/dev/projects/{project_id}/amenities,GET,backend/routes/dev_batch11.py,238,,sí,in-body,,,,,
/api/dev/projects/{project_id}/amenities,PATCH,backend/routes/dev_batch11.py,275,,sí,in-body,,,,,
/api/dev/projects/{project_id}/commercialization,GET,backend/routes/dev_batch11.py,350,,sí,in-body,,,,,
/api/dev/projects/{project_id}/commercialization,PATCH,backend/routes/dev_batch11.py,374,,sí,in-body,,,,,
/api/dev/projects/{project_id}/preassignments,GET,backend/routes/dev_batch11.py,410,,sí,in-body,,,,,
/api/dev/projects/{project_id}/preassignments,POST,backend/routes/dev_batch11.py,428,,sí,in-body,,,,,
/api/dev/projects/{project_id}/preassignments/{assigned_user_id},DELETE,backend/routes/dev_batch11.py,459,,sí,in-body,,,,,
/api/dev/units/{dev_id}/{unit_id}/insights,GET,backend/routes/dev_batch11.py,486,,sí,in-body,,,,,
/api/dev/units/{dev_id}/{unit_id}/price-history,GET,backend/routes/dev_batch11.py,511,,sí,in-body,,,,,
/api/dev/units/{dev_id}/{unit_id}/comparables,GET,backend/routes/dev_batch11.py,567,,sí,in-body,,,,,
/api/dev/units/{dev_id}/{unit_id}/market-comparables,GET,backend/routes/dev_batch11.py,603,,sí,in-body,,,,,
/api/dev/units/{dev_id}/{unit_id},PATCH,backend/routes/dev_batch11.py,660,,sí,in-body,,,,,
/api/dev/units/{dev_id}/{unit_id}/ai-prediction,POST,backend/routes/dev_batch11.py,727,,sí,in-body,,,,,
/api/dev/units/{dev_id}/{unit_id}/avm,GET,backend/routes/dev_batch11.py,821,,sí,in-body,,,,,
/api/dev/construction-cost,GET,backend/routes/dev_batch11.py,916,,sí,in-body,,,,,
/api/dev/valor-mercado-zona,GET,backend/routes/dev_batch11.py,946,,sí,in-body,,,,,
/api/dev/units/{dev_id}/{unit_id}/engagement,GET,backend/routes/dev_batch11.py,1046,,sí,in-body,,,,,
/api/dev/projects/{project_id}/assets/{asset_id}/role,PATCH,backend/routes/dev_batch11.py,1108,,sí,in-body,,,,,
/api/health-score/{entity_type}/{entity_id},GET,backend/routes/dev_batch14.py,135,,sí,in-body,,,,,
/api/health-score/{entity_type}/{entity_id}/recompute,POST,backend/routes/dev_batch14.py,154,,sí,in-body,,,,,
/api/activity/feed,GET,backend/routes/dev_batch14.py,194,,sí,in-body,,,,,
/api/activity/log,POST,backend/routes/dev_batch14.py,224,,sí,in-body,,,,,
/api/panel/setup-progress,GET,backend/routes/dev_batch14.py,304,,sí,in-body,,,,,
/api/panel/weekly-brief,GET,backend/routes/dev_batch14.py,459,,sí,in-body,,,,,
/api/oauth/google/initiate,GET,backend/routes/dev_batch15.py,73,,sí,in-body,,,,,
/api/oauth/google/callback,GET,backend/routes/dev_batch15.py,89,,sí,PÚBLICO?,,,,,
/api/oauth/google/revoke,POST,backend/routes/dev_batch15.py,130,,sí,in-body,,,,,
/api/oauth/connections,GET,backend/routes/dev_batch15.py,153,,sí,in-body,,,,,
/api/appointments/availability,POST,backend/routes/dev_batch15.py,211,,sí,in-body,,,,,
/api/appointments/auto-assign,POST,backend/routes/dev_batch15.py,231,,sí,in-body,,,,,
/api/appointments/policy/{project_id},GET,backend/routes/dev_batch15.py,269,,sí,in-body,,,,,
/api/appointments/policy/{project_id},PUT,backend/routes/dev_batch15.py,279,,sí,in-body,,,,,
/api/appointments/metrics,GET,backend/routes/dev_batch15.py,302,,sí,in-body,,,,,
/api/public/appointments/book,POST,backend/routes/dev_batch15.py,411,,sí,PÚBLICO?,,,,,
/api/oauth/advisor-pool,GET,backend/routes/dev_batch15.py,479,,sí,in-body,,,,,
/api/public/projects/{slug}/booking,GET,backend/routes/dev_batch16.py,60,,sí,PÚBLICO?,,,,,
/api/public/projects/{slug}/availability,POST,backend/routes/dev_batch16.py,133,,sí,PÚBLICO?,,,,,
/api/public/projects/{slug}/book,POST,backend/routes/dev_batch16.py,183,,sí,PÚBLICO?,,,,,
/api/inline/{entity_type}/{entity_id},PATCH,backend/routes/dev_batch17.py,222,,sí,in-body,,,,,
/api/undo/{undo_id},POST,backend/routes/dev_batch17.py,388,,sí,in-body,,,,,
/api/undo/recent,GET,backend/routes/dev_batch17.py,433,,sí,in-body,,,,,
/api/filter-presets,GET,backend/routes/dev_batch17.py,469,,sí,in-body,,,,,
/api/filter-presets,POST,backend/routes/dev_batch17.py,480,,sí,in-body,,,,,
/api/filter-presets/{preset_id},DELETE,backend/routes/dev_batch17.py,501,,sí,in-body,,,,,
/api/dev/projects/{dev_id}/documents/reorder,POST,backend/routes/dev_batch17.py,564,,sí,in-body,,,,,
/api/dev/projects/{project_id}/prototypes/reorder,POST,backend/routes/dev_batch17.py,580,,sí,in-body,,,,,
/api/asesor/tareas/reorder,POST,backend/routes/dev_batch17.py,596,,sí,in-body,,,,,
/api/preferences/me,GET,backend/routes/dev_batch18.py,60,,sí,in-body,,,,,
/api/preferences/me,PATCH,backend/routes/dev_batch18.py,108,,sí,in-body,,,,,
/api/preferences/me/recent-project,POST,backend/routes/dev_batch18.py,182,,sí,in-body,,,,,
/api/preferences/me/tour-complete,POST,backend/routes/dev_batch19.py,80,,sí,in-body,,,,,
/api/preferences/me/tour-dismiss,POST,backend/routes/dev_batch19.py,102,,sí,in-body,,,,,
/api/orgs/me/branding,GET,backend/routes/dev_batch19.py,140,,sí,in-body,,,,,
/api/orgs/me/branding,PUT,backend/routes/dev_batch19.py,150,,sí,in-body,,,,,
/api/orgs/me/branding/logo,POST,backend/routes/dev_batch19.py,190,,sí,in-body,,,,,
/api/orgs/me/branding/logo,DELETE,backend/routes/dev_batch19.py,232,,sí,in-body,,,,,
/api/orgs/cross-portal/log,POST,backend/routes/dev_batch19.py,259,,sí,in-body,,,,,
/api/orgs/cross-portal/events,GET,backend/routes/dev_batch19.py,287,,sí,in-body,,,,,
/api/dev/projects/{project_id}/location,GET,backend/routes/dev_batch2.py,72,,sí,in-body,,,,,
/api/dev/analytics/absorption,GET,backend/routes/dev_batch2.py,112,,sí,in-body,,,,,
/api/dev/analytics/forecast,GET,backend/routes/dev_batch2.py,240,,sí,in-body,,,,,
/api/dev/analytics/forecast/adjust,POST,backend/routes/dev_batch2.py,322,,sí,in-body,,,,,
/api/dev/competitors/enriched,GET,backend/routes/dev_batch2.py,365,,sí,in-body,,,,,
/api/dev/competitors/{competitor_id}/history,GET,backend/routes/dev_batch2.py,410,,sí,in-body,,,,,
/api/dev/competitors/alert-config,POST,backend/routes/dev_batch2.py,464,,sí,in-body,,,,,
/api/dev/ie/projects/{project_id}/breakdown,GET,backend/routes/dev_batch2.py,575,,sí,in-body,,,,,
/api/dev/ie/projects/{project_id}/improve,GET,backend/routes/dev_batch2.py,740,,sí,in-body,,,,,
/api/dev/construction/{project_id}/progress,GET,backend/routes/dev_batch2.py,951,,sí,in-body,,,,,
/api/dev/construction/{project_id}/sistema,PATCH,backend/routes/dev_batch2.py,990,,sí,in-body,,,,,
/api/dev/construction/{project_id}/update-stage,POST,backend/routes/dev_batch2.py,1014,,sí,in-body,,,,,
/api/dev/construction/{project_id}/comment,POST,backend/routes/dev_batch2.py,1082,,sí,in-body,,,,,
/api/dev/ie/projects/{project_id}/colonia-benchmark,GET,backend/routes/dev_batch2.py,1128,,sí,in-body,,,,,
/api/dev/competitors/{competitor_id}/simulate-price-update,POST,backend/routes/dev_batch2.py,1304,,sí,in-body,,,,,
/api/dev/notifications,GET,backend/routes/dev_batch2.py,1364,,sí,in-body,,,,,
/api/dev/notifications/{nid}/read,POST,backend/routes/dev_batch2.py,1376,,sí,in-body,,,,,
/api/dev/notifications/mark-all-read,POST,backend/routes/dev_batch2.py,1389,,sí,in-body,,,,,
/api/dev/construction/{project_id}/unit-update,POST,backend/routes/dev_batch2.py,1499,,sí,in-body,,,,,
/api/dev/invitations/{token}/verify,GET,backend/routes/dev_batch3.py,53,,sí,PÚBLICO?,,,,,
/api/dev/invitations/{token}/accept,POST,backend/routes/dev_batch3.py,88,,sí,PÚBLICO?,,,,,
/api/auth/internal/login,POST,backend/routes/dev_batch3.py,205,,sí,PÚBLICO?,,,,,
/api/dev/projects/{project_id}/export/geojson,GET,backend/routes/dev_batch3.py,269,,sí,in-body,,,,,
/api/dev/leads,POST,backend/routes/dev_batch4.py,194,,sí,in-body,,,,,
/api/dev/leads,GET,backend/routes/dev_batch4.py,267,,sí,in-body,,,,,
/api/dev/leads/{lead_id},PATCH,backend/routes/dev_batch4.py,324,,sí,in-body,,,,,
/api/dev/leads/{lead_id}/note,POST,backend/routes/dev_batch4.py,476,,sí,in-body,,,,,
/api/dev/leads/{lead_id}/assign,POST,backend/routes/dev_batch4.py,507,,sí,in-body,,,,,
/api/dev/leads/{lead_id}/move-column,POST,backend/routes/dev_batch4.py,553,,sí,in-body,,,,,
/api/dev/leads/kanban,GET,backend/routes/dev_batch4.py,617,,sí,in-body,,,,,
/api/dev/leads/analytics,GET,backend/routes/dev_batch4.py,684,,sí,in-body,,,,,
/api/dev/projects/{project_id}/brokers,GET,backend/routes/dev_batch4.py,808,,sí,in-body,,,,,
/api/dev/projects/{project_id}/brokers,POST,backend/routes/dev_batch4.py,830,,sí,in-body,,,,,
/api/dev/projects/{project_id}/brokers/{row_id},PATCH,backend/routes/dev_batch4.py,894,,sí,in-body,,,,,
/api/dev/projects/{project_id}/brokers/{row_id},DELETE,backend/routes/dev_batch4.py,931,,sí,in-body,,,,,
/api/dev/projects/{project_id}/slots,POST,backend/routes/dev_batch4_1.py,788,,sí,in-body,,,,,
/api/projects/{project_id}/slots/availability,GET,backend/routes/dev_batch4_1.py,817,,sí,PÚBLICO?,,,,,
/api/cita,POST,backend/routes/dev_batch4_1.py,920,,sí,in-body(deleg),,,,,
/api/asesor/citas,GET,backend/routes/dev_batch4_1.py,1296,,sí,in-body,,,,,
/api/dev/citas,GET,backend/routes/dev_batch4_1.py,1349,,sí,in-body,,,,,
/api/cita/{apt_id},PATCH,backend/routes/dev_batch4_1.py,1404,,sí,in-body,,,,,
/api/cita/{apt_id}/wa-template,GET,backend/routes/dev_batch4_1.py,1468,,sí,in-body,,,,,
/api/dev/leads/{lead_id}/approve-review,POST,backend/routes/dev_batch4_1.py,1524,,sí,in-body,,,,,
/api/dev/leads/{lead_id}/reject-review,POST,backend/routes/dev_batch4_1.py,1555,,sí,in-body,,,,,
/api/inmobiliaria/asesores,POST,backend/routes/dev_batch4_1.py,1614,,sí,in-body,,,,,
/api/inmobiliaria/asesores,GET,backend/routes/dev_batch4_1.py,1654,,sí,in-body,,,,,
/api/inmobiliaria/asesores/{user_id},PATCH,backend/routes/dev_batch4_1.py,1671,,sí,in-body,,,,,
/api/inmobiliaria/asesores/{user_id},DELETE,backend/routes/dev_batch4_1.py,1706,,sí,in-body,,,,,
/api/inmobiliaria/dashboard,GET,backend/routes/dev_batch4_1.py,1728,,sí,in-body,,,,,
/api/inmobiliaria/list,GET,backend/routes/dev_batch4_1.py,1804,,sí,in-body,,,,,
/api/leads/kanban,GET,backend/routes/dev_batch4_2.py,428,,sí,in-body(deleg),,,,,
/api/leads/{lead_id}/move-column,POST,backend/routes/dev_batch4_2.py,454,,sí,in-body,,,,,
/api/leads/{lead_id},GET,backend/routes/dev_batch4_2.py,592,,sí,in-body,,,,,
/api/leads/{lead_id}/conversation,GET,backend/routes/dev_batch4_2.py,673,,sí,in-body,,,,,
/api/leads/{lead_id}/ai-summary,GET,backend/routes/dev_batch4_2.py,707,,sí,in-body,,,,,
/api/clients/{client_gid}/leads,GET,backend/routes/dev_batch4_2.py,768,,sí,in-body,,,,,
/api/leads/{lead_id}/activate-nurture,POST,backend/routes/dev_batch4_2.py,859,,sí,in-body,,,,,
/api/leads/{lead_id}/deactivate-nurture,POST,backend/routes/dev_batch4_2.py,891,,sí,in-body,,,,,
/api/leads/{lead_id}/mark-lost,POST,backend/routes/dev_batch4_2.py,923,,sí,in-body,,,,,
/api/internal/reminders/trigger,POST,backend/routes/dev_batch4_3.py,297,,sí,PÚBLICO?,,,,,
/api/cita/public/{token},GET,backend/routes/dev_batch4_3.py,324,,sí,PÚBLICO?,,,,,
/api/cita/public/{token}/confirm,POST,backend/routes/dev_batch4_3.py,389,,sí,PÚBLICO?,,,,,
/api/cita/public/{token}/cancel,POST,backend/routes/dev_batch4_3.py,432,,sí,PÚBLICO?,,,,,
/api/cita/public/{token}/reschedule,POST,backend/routes/dev_batch4_3.py,482,,sí,PÚBLICO?,,,,,
/api/cita/{apt_id}/post-action,POST,backend/routes/dev_batch4_3.py,647,,sí,in-body,,,,,
/api/leads/{lead_id}/post-realizada-followup,POST,backend/routes/dev_batch4_3.py,745,,sí,PÚBLICO?,,,,,
/api/notifications,GET,backend/routes/dev_batch4_3.py,795,,sí,in-body,,,,,
/api/notifications/{nid}/dismiss,POST,backend/routes/dev_batch4_3.py,810,,sí,PÚBLICO?,,,,,
/api/leads/{lead_id}/recalc-heat,POST,backend/routes/dev_batch4_4.py,306,,sí,in-body,,,,,
/api/leads/{lead_id}/heat,GET,backend/routes/dev_batch4_4.py,330,,sí,PÚBLICO?,,,,,
/api/leads/{lead_id}/ai-summary-v2,GET,backend/routes/dev_batch4_4.py,515,,sí,in-body,,,,,
/api/leads/{lead_id}/refresh-ai-summary,POST,backend/routes/dev_batch4_4.py,555,,sí,PÚBLICO?,,,,,
/api/dev/analytics/cancel-reasons,GET,backend/routes/dev_batch4_4.py,663,,sí,in-body,,,,,
/api/inmobiliaria/analytics/cancel-reasons,GET,backend/routes/dev_batch4_4.py,684,,sí,in-body,,,,,
/api/dev/analytics/heat-cohort,GET,backend/routes/dev_batch4_4.py,705,,sí,in-body,,,,,
/api/dev/analytics/movement-alerts,GET,backend/routes/dev_batch4_4.py,742,,sí,PÚBLICO?,,,,,
/api/dev/pricing-experiments,POST,backend/routes/dev_batch5.py,110,,sí,in-body,,,,,
/api/dev/pricing-experiments,GET,backend/routes/dev_batch5.py,155,,sí,in-body,,,,,
/api/dev/pricing-experiments/{exp_id},PATCH,backend/routes/dev_batch5.py,182,,sí,in-body,,,,,
/api/dev/pricing-experiments/{exp_id}/assign-visitor,POST,backend/routes/dev_batch5.py,224,,sí,PÚBLICO?,,,,,
/api/dev/pricing-experiments/resolve,POST,backend/routes/dev_batch5.py,277,,sí,PÚBLICO?,,,,,
/api/dev/pricing-experiments/{exp_id}/track-event,POST,backend/routes/dev_batch5.py,343,,sí,PÚBLICO?,,,,,
/api/dev/pricing-experiments/{exp_id}/results,GET,backend/routes/dev_batch5.py,369,,sí,in-body,,,,,
/api/dev/reports/templates,POST,backend/routes/dev_batch5.py,447,,sí,in-body,,,,,
/api/dev/reports/templates,GET,backend/routes/dev_batch5.py,468,,sí,in-body,,,,,
/api/dev/reports/generate,POST,backend/routes/dev_batch5.py,794,,sí,in-body,,,,,
/api/dev/reports/files/{file_id},GET,backend/routes/dev_batch5.py,831,,sí,in-body,,,,,
/api/dev/reports/distributions,POST,backend/routes/dev_batch5.py,885,,sí,in-body,,,,,
/api/dev/reports/distributions,GET,backend/routes/dev_batch5.py,908,,sí,in-body,,,,,
/api/dev/reports/distributions/{dist_id},PATCH,backend/routes/dev_batch5.py,920,,sí,in-body,,,,,
/api/dev/analytics/demand-heatmap,GET,backend/routes/dev_batch6.py,98,,sí,in-body,,,,,
/api/dev/projects/{project_id}/engagement-units,GET,backend/routes/dev_batch6.py,294,,sí,in-body,,,,,
/api/dev/projects/{project_id}/engagement-units/{unit_id}/timeline,GET,backend/routes/dev_batch6.py,445,,sí,in-body,,,,,
/api/dev/site-selection/studies,POST,backend/routes/dev_batch7.py,519,,sí,in-body,,,,,
/api/dev/site-selection/studies/{study_id}/run,POST,backend/routes/dev_batch7.py,548,,sí,in-body,,,,,
/api/dev/site-selection/studies,GET,backend/routes/dev_batch7.py,583,,sí,in-body,,,,,
/api/dev/site-selection/studies/compare,GET,backend/routes/dev_batch7.py,597,,sí,in-body(deleg),,,,,
/api/dev/site-selection/studies/{study_id},GET,backend/routes/dev_batch7.py,602,,sí,in-body,,,,,
/api/dev/site-selection/studies/{study_id}/export-pdf,POST,backend/routes/dev_batch7.py,754,,sí,in-body,,,,,
/api/dev/site-selection/files/{file_id},GET,backend/routes/dev_batch7.py,794,,sí,in-body,,,,,
/api/dev/site-selection/studies/{study_id}/simulate,POST,backend/routes/dev_batch7.py,1086,,sí,in-body,,,,,
/api/dev/site-selection/simulations/{sim_id},GET,backend/routes/dev_batch7.py,1178,,sí,in-body,,,,,
/api/dev/site-selection/studies/{study_id}/simulations,GET,backend/routes/dev_batch7.py,1194,,sí,in-body,,,,,
/api/dev/site-selection/simulations/{sim_id}/export-pdf,POST,backend/routes/dev_batch7.py,1300,,sí,in-body,,,,,
/api/dev/site-selection/similar-zones,GET,backend/routes/dev_batch7.py,1389,,sí,in-body,,,,,
/api/dev/inegi/demographics,GET,backend/routes/dev_batch7_2.py,364,,sí,in-body,,,,,
/api/dev/inegi/demographics/refresh,POST,backend/routes/dev_batch7_2.py,387,,sí,in-body,,,,,
/api/dev/inegi/cache-stats,GET,backend/routes/dev_batch7_2.py,403,,sí,PÚBLICO?,,,,,
/api/dev/projects/{project_id}/cash-flow/recalc,POST,backend/routes/dev_batch8.py,547,,sí,in-body,,,,,
/api/dev/projects/{project_id}/cash-flow/current,GET,backend/routes/dev_batch8.py,584,,sí,in-body,,,,,
/api/dev/projects/{project_id}/cash-flow/history,GET,backend/routes/dev_batch8.py,597,,sí,in-body,,,,,
/api/dev/projects/{project_id}/cash-flow/scenarios,GET,backend/routes/dev_batch8.py,612,,sí,in-body,,,,,
/api/dev/projects/{project_id}/cash-flow/recommendations,GET,backend/routes/dev_batch8.py,625,,sí,in-body,,,,,
/api/dev/projects/{project_id}/cash-flow/recommendations/apply,POST,backend/routes/dev_batch8.py,644,,sí,in-body,,,,,
/api/dev/projects/{project_id}/cash-flow/export-pdf,POST,backend/routes/dev_batch8.py,803,,sí,in-body,,,,,
/api/dev/projects/{project_id}/cash-flow/files/{file_id},GET,backend/routes/dev_batch8.py,831,,sí,in-body,,,,,
/api/dev/projects/{project_id}/broker-intel,GET,backend/routes/dev_broker_intel.py,49,,sí,in-body,,,,,
/api/dev/channel-intel,GET,backend/routes/dev_channel_intel.py,50,,sí,in-body,,,,,
/api/dev/projects/{project_id}/insights-intel,GET,backend/routes/dev_insights_intel.py,68,,sí,in-body,,,,,
/api/dev/market/benchmark,GET,backend/routes/dev_market.py,32,,sí,in-body,,,,,
/api/dev/market/amenity-ranker,GET,backend/routes/dev_market.py,41,,sí,in-body,,,,,
/api/dev/market/demand-gap,GET,backend/routes/dev_market.py,50,,sí,in-body,,,,,
/api/dev/market/demand-features,GET,backend/routes/dev_market.py,80,,sí,in-body,,,,,
/api/dev/market/demand-intel,GET,backend/routes/dev_market.py,119,,sí,in-body,,,,,
/api/dev/market/zona-cambios,GET,backend/routes/dev_market.py,205,,sí,in-body,,,,,
/api/dev/market/competidor-whatif,POST,backend/routes/dev_market.py,328,,sí,in-body,,,,,
/api/dev/projects/{project_id}/price-history,GET,backend/routes/dev_price_history.py,91,,sí,in-body,,,,,
/api/dev/projects/{project_id}/portal-preview,GET,backend/routes/dev_project_full.py,364,,sí,in-body,,,,,
/api/dev/projects/{project_id}/full,GET,backend/routes/dev_project_full.py,373,,sí,in-body,,,,,
/api/dev/projects/{project_id}/publish,POST,backend/routes/dev_project_full.py,388,,sí,in-body,,,,,
/api/dev/projects/{project_id}/sales-intel,GET,backend/routes/dev_sales_intel.py,109,,sí,in-body,,,,,
/api/dev/valor-residual/categorias,GET,backend/routes/dev_valor_residual.py,47,,sí,in-body,,,,,
/api/dev/valor-residual/colonias,GET,backend/routes/dev_valor_residual.py,58,,sí,in-body,,,,,
/api/dev/valor-residual/due-diligence,POST,backend/routes/dev_valor_residual.py,85,,sí,in-body,,,,,
/api/dev/valor-residual/analizar,POST,backend/routes/dev_valor_residual.py,100,,sí,in-body,,,,,
/api/dev/valor-residual/norma3,POST,backend/routes/dev_valor_residual.py,127,,sí,in-body,,,,,
/api/dev/valor-residual/calcular,POST,backend/routes/dev_valor_residual.py,141,,sí,in-body,,,,,
/api/desarrollador/elasticidad,GET,backend/routes/developer.py,99,,sí,in-body,,,,,
/api/desarrollador/dashboard,GET,backend/routes/developer.py,119,,sí,in-body,,,,,
/api/desarrollador/portfolio-reading,GET,backend/routes/developer.py,180,,sí,in-body,,,,,
/api/desarrollador/leads-cockpit,GET,backend/routes/developer.py,390,,sí,in-body,,,,,
/api/desarrollador/comportamiento,GET,backend/routes/developer.py,458,,sí,in-body,,,,,
/api/desarrollador/pricing-inteligente,GET,backend/routes/developer.py,471,,sí,in-body,,,,,
/api/desarrollador/red-salud,GET,backend/routes/developer.py,523,,sí,in-body,,,,,
/api/desarrollador/marketing-jugadas,GET,backend/routes/developer.py,592,,sí,in-body,,,,,
/api/desarrollador/reporte-ejecutivo,GET,backend/routes/developer.py,659,,sí,in-body,,,,,
/api/desarrollador/ciclo-renta,GET,backend/routes/developer.py,757,,sí,in-body,,,,,
/api/desarrollador/indices,GET,backend/routes/developer.py,800,,sí,in-body,,,,,
/api/desarrollador/inventario,GET,backend/routes/developer.py,886,,sí,in-body,,,,,
/api/desarrollador/inventario/unit-status,PATCH,backend/routes/developer.py,964,,sí,in-body,,,,,
/api/desarrollador/inventario/unit-fields,PATCH,backend/routes/developer.py,1123,,sí,in-body,,,,,
/api/desarrollador/inventario/unit-fields-bulk,PATCH,backend/routes/developer.py,1154,,sí,in-body,,,,,
/api/desarrollador/demanda,GET,backend/routes/developer.py,1190,,sí,in-body,,,,,
/api/desarrollador/reportes/generar,POST,backend/routes/developer.py,1201,,sí,in-body,,,,,
/api/desarrollador/reportes,GET,backend/routes/developer.py,1298,,sí,in-body,,,,,
/api/desarrollador/bancabilidad,GET,backend/routes/developer.py,1308,,sí,in-body,,,,,
/api/desarrollador/pricing/suggestions,GET,backend/routes/developer.py,1317,,sí,in-body,,,,,
/api/desarrollador/pricing/suggestions/{sid},PATCH,backend/routes/developer.py,1417,,sí,in-body,,,,,
/api/desarrollador/pricing/cross-check-warnings,GET,backend/routes/developer.py,1449,,sí,in-body,,,,,
/api/desarrollador/competidores,GET,backend/routes/developer.py,1475,,sí,in-body,,,,,
/api/desarrollador/competidores/alert-ack,POST,backend/routes/developer.py,1548,,sí,in-body,,,,,
/api/desarrollador/audit,GET,backend/routes/developer.py,1561,,sí,in-body,,,,,
/api/desarrollador/security/summary,GET,backend/routes/developer.py,1570,,sí,PÚBLICO?,,,,,
/api/dev/projects/{project_id}/diagnostic/run,POST,backend/routes/diagnostic.py,71,,sí,in-body,,,,,
/api/dev/projects/{project_id}/diagnostic/latest,GET,backend/routes/diagnostic.py,113,,sí,in-body,,,,,
/api/dev/projects/{project_id}/diagnostic/history,GET,backend/routes/diagnostic.py,126,,sí,in-body,,,,,
/api/dev/projects/{project_id}/diagnostic/auto-fix/{action_id},POST,backend/routes/diagnostic.py,136,,sí,in-body,,,,,
/api/dev/projects/{project_id}/diagnostic/ai-recommend,POST,backend/routes/diagnostic.py,160,,sí,in-body,,,,,
/api/diagnostic/user/{user_id}/run,POST,backend/routes/diagnostic.py,221,,sí,in-body,,,,,
/api/diagnostic/user/{user_id}/latest,GET,backend/routes/diagnostic.py,359,,sí,in-body,,,,,
/api/diagnostic/problem-reports,POST,backend/routes/diagnostic.py,384,,sí,in-body,,,,,
/api/superadmin/problem-reports,GET,backend/routes/diagnostic.py,459,,sí,in-body,,,,,
/api/superadmin/problem-reports/{report_id},GET,backend/routes/diagnostic.py,472,,sí,in-body,,,,,
/api/superadmin/problem-reports/{report_id},PATCH,backend/routes/diagnostic.py,487,,sí,in-body,,,,,
/api/superadmin/system-map,GET,backend/routes/diagnostic.py,522,,sí,in-body,,,,,
/api/superadmin/probe-recurrence,GET,backend/routes/diagnostic.py,598,,sí,in-body,,,,,
/api/superadmin/diagnostics/per-org,GET,backend/routes/diagnostic.py,625,,sí,in-body,,,,,
/api/dev/diagnostic/probe-registry,GET,backend/routes/diagnostic.py,660,,sí,in-body,,,,,
/api/diagnostic/dev/{dev_id},GET,backend/routes/diagnostic.py,799,,sí,in-body,,,,,
/api/director/sessions,POST,backend/routes/director.py,99,,sí,in-body,,,,,
/api/director/sessions/{session_id},GET,backend/routes/director.py,126,,sí,in-body,,,,,
/api/director/sessions/{session_id}/messages,POST,backend/routes/director.py,137,,sí,in-body,,,,,
/api/director/sessions/{session_id}/messages,GET,backend/routes/director.py,192,,sí,in-body,,,,,
/api/director/sessions/{session_id},DELETE,backend/routes/director.py,213,,sí,in-body,,,,,
/api/superadmin/director/usage,GET,backend/routes/director.py,231,,sí,in-body,,,,,
/api/director/memory/ingest/diagnostic/{diagnostic_id},POST,backend/routes/director_memory.py,43,,sí,in-body,,,,,
/api/director/memory/ingest/behavioral/{session_id},POST,backend/routes/director_memory.py,55,,sí,in-body,,,,,
/api/director/memory/retrieve,POST,backend/routes/director_memory.py,67,,sí,in-body,,,,,
/api/director/memory/{memory_id},DELETE,backend/routes/director_memory.py,86,,sí,in-body,,,,,
/api/superadmin/director/memory/stats,GET,backend/routes/director_memory.py,102,,sí,PÚBLICO?,,,,,
/api/dev/red-comercial,GET,backend/routes/directories.py,42,,sí,in-body,,,,,
/api/asesor/mis-aliados,GET,backend/routes/directories.py,51,,sí,in-body,,,,,
/api/inmobiliaria/red-comercial,GET,backend/routes/directories.py,59,,sí,in-body,,,,,
/api/dev/disputes/{lead_id}/resolve,POST,backend/routes/disputes.py,74,,sí,in-body,,,,,
/api/dev/disputes/pending,GET,backend/routes/disputes.py,262,,sí,in-body,,,,,
/api/dev/disputes/history,GET,backend/routes/disputes.py,315,,sí,in-body,,,,,
/api/indices/zona/{zone_id},GET,backend/routes/dmx_indices.py,104,,sí,in-body(deleg),,,,,
/api/superadmin/indices,GET,backend/routes/dmx_indices.py,139,,sí,in-body(deleg),,,,,
/api/superadmin/colonias/coverage,GET,backend/routes/dmx_indices.py,185,,sí,in-body(deleg),,,,,
/api/superadmin/colonias/ingest,POST,backend/routes/dmx_indices.py,192,,sí,in-body(deleg),,,,,
/api/superadmin/colonias/compute-scores,POST,backend/routes/dmx_indices.py,205,,sí,in-body(deleg),,,,,
/api/superadmin/colonias/sync-comercios,POST,backend/routes/dmx_indices.py,217,,sí,in-body(deleg),,,,,
/api/superadmin/colonias/sync-seguridad,POST,backend/routes/dmx_indices.py,232,,sí,in-body(deleg),,,,,
/api/superadmin/shf,GET,backend/routes/dmx_indices.py,244,,sí,in-body(deleg),,,,,
/api/superadmin/shf/serie,GET,backend/routes/dmx_indices.py,266,,sí,in-body(deleg),,,,,
/api/superadmin/shf/refresh,POST,backend/routes/dmx_indices.py,274,,sí,in-body(deleg),,,,,
/api/superadmin/colonias/sync-catastro,POST,backend/routes/dmx_indices.py,283,,sí,in-body(deleg),,,,,
/api/superadmin/colonias/sync-zonificacion,POST,backend/routes/dmx_indices.py,295,,sí,in-body(deleg),,,,,
/api/superadmin/colonias/dedupe,POST,backend/routes/dmx_indices.py,307,,sí,in-body(deleg),,,,,
/api/superadmin/colonias/recalibrate-comercial,POST,backend/routes/dmx_indices.py,319,,sí,in-body(deleg),,,,,
/api/superadmin/colonias/calibracion-comercial,GET,backend/routes/dmx_indices.py,332,,sí,in-body(deleg),,,,,
/api/superadmin/colonias/valores-unitarios,GET,backend/routes/dmx_indices.py,343,,sí,in-body(deleg),,,,,
/api/superadmin/colonias/valores-unitarios/ingest,POST,backend/routes/dmx_indices.py,351,,sí,in-body(deleg),,,,,
/api/superadmin/colonias/fill-chunk,POST,backend/routes/dmx_indices.py,359,,sí,in-body(deleg),,,,,
/api/superadmin/calibracion/terreno,GET,backend/routes/dmx_indices.py,373,,sí,in-body(deleg),,,,,
/api/superadmin/calibracion/terreno/aplicar,POST,backend/routes/dmx_indices.py,382,,sí,in-body(deleg),,,,,
/api/superadmin/document-types,GET,backend/routes/documents.py,237,,sí,in-body,,,,,
/api/superadmin/developments/{dev_id}/documents/upload,POST,backend/routes/documents.py,245,,sí,PÚBLICO?,,,,,
/api/superadmin/developments/{dev_id}/documents,GET,backend/routes/documents.py,293,,sí,in-body,,,,,
/api/superadmin/documents,GET,backend/routes/documents.py,316,,sí,in-body,,,,,
/api/superadmin/documents/{doc_id},GET,backend/routes/documents.py,343,,sí,in-body,,,,,
/api/superadmin/documents/{doc_id}/download,GET,backend/routes/documents.py,355,,sí,in-body,,,,,
/api/superadmin/documents/{doc_id}/reprocess-ocr,POST,backend/routes/documents.py,389,,sí,in-body,,,,,
/api/superadmin/documents/{doc_id},DELETE,backend/routes/documents.py,406,,sí,in-body,,,,,
/api/superadmin/documents/{doc_id}/extract,POST,backend/routes/documents.py,433,,sí,in-body,,,,,
/api/superadmin/documents/{doc_id}/extraction,GET,backend/routes/documents.py,458,,sí,in-body,,,,,
/api/superadmin/developments/{dev_id}/documents/bulk-extract,POST,backend/routes/documents.py,479,,sí,in-body,,,,,
/api/superadmin/developments/{dev_id}/cross-check,POST,backend/routes/documents.py,513,,sí,in-body,,,,,
/api/superadmin/developments/{dev_id}/cross-check,GET,backend/routes/documents.py,523,,sí,in-body,,,,,
/api/superadmin/cross-checks/{cc_id},GET,backend/routes/documents.py,532,,sí,in-body,,,,,
/api/superadmin/cross-checks/stats/global,GET,backend/routes/documents.py,544,,sí,in-body,,,,,
/api/superadmin/developments/{dev_id}/sync-preview,GET,backend/routes/documents.py,566,,sí,in-body,,,,,
/api/superadmin/developments/{dev_id}/sync-apply,POST,backend/routes/documents.py,581,,sí,PÚBLICO?,,,,,
/api/superadmin/developments/{dev_id}/auto-sync,POST,backend/routes/documents.py,601,,sí,in-body,,,,,
/api/superadmin/developments/{dev_id}/sync-revert/{audit_id},POST,backend/routes/documents.py,607,,sí,in-body,,,,,
/api/superadmin/developments/{dev_id}/sync-audit,GET,backend/routes/documents.py,629,,sí,in-body,,,,,
/api/superadmin/developments/{dev_id}/sync-lock-field,POST,backend/routes/documents.py,639,,sí,in-body,,,,,
/api/superadmin/sync/pending-summary,GET,backend/routes/documents.py,648,,sí,in-body,,,,,
/api/superadmin/developments/{dev_id}/assets/upload,POST,backend/routes/documents.py,677,,sí,PÚBLICO?,,,,,
/api/superadmin/developments/{dev_id}/assets/reorder,POST,backend/routes/documents.py,752,,sí,in-body,,,,,
/api/superadmin/developments/{dev_id}/assets/{asset_id}/categorize,POST,backend/routes/documents.py,787,,sí,in-body,,,,,
/api/superadmin/developments/{dev_id}/assets/{asset_id}/generate-360,POST,backend/routes/documents.py,813,,sí,in-body,,,,,
/api/superadmin/developments/{dev_id}/assets/{asset_id},DELETE,backend/routes/documents.py,837,,sí,in-body,,,,,
/api/superadmin/developments/{dev_id}/assets/regenerate-plano-thumbnails,POST,backend/routes/documents.py,856,,sí,PÚBLICO?,,,,,
/api/developments/{dev_id}/assets,GET,backend/routes/documents.py,869,,sí,PÚBLICO?,,,,,
/api/desarrollador/developments/{dev_id}/documents,GET,backend/routes/documents.py,891,,sí,PÚBLICO?,,,,,
/api/desarrollador/developments/{dev_id}/documents/upload,POST,backend/routes/documents.py,898,,sí,PÚBLICO?,,,,,
/api/desarrollador/documents/{doc_id},GET,backend/routes/documents.py,916,,sí,PÚBLICO?,,,,,
/api/desarrollador/documents/{doc_id}/download,GET,backend/routes/documents.py,921,,sí,PÚBLICO?,,,,,
/api/desarrollador/documents/{doc_id}/reprocess-ocr,POST,backend/routes/documents.py,926,,sí,PÚBLICO?,,,,,
/api/desarrollador/documents/{doc_id},DELETE,backend/routes/documents.py,931,,sí,PÚBLICO?,,,,,
/api/desarrollador/documents,GET,backend/routes/documents.py,936,,sí,PÚBLICO?,,,,,
/api/desarrollador/documents/{doc_id}/extract,POST,backend/routes/documents.py,945,,sí,PÚBLICO?,,,,,
/api/desarrollador/documents/{doc_id}/extraction,GET,backend/routes/documents.py,950,,sí,PÚBLICO?,,,,,
/api/desarrollador/developments/{dev_id}/documents/bulk-extract,POST,backend/routes/documents.py,955,,sí,PÚBLICO?,,,,,
/api/desarrollador/developments/{dev_id}/cross-check,POST,backend/routes/documents.py,961,,sí,PÚBLICO?,,,,,
/api/desarrollador/developments/{dev_id}/cross-check,GET,backend/routes/documents.py,966,,sí,PÚBLICO?,,,,,
/api/desarrollador/developments/{dev_id}/sync-preview,GET,backend/routes/documents.py,972,,sí,PÚBLICO?,,,,,
/api/desarrollador/developments/{dev_id}/sync-apply,POST,backend/routes/documents.py,977,,sí,PÚBLICO?,,,,,
/api/desarrollador/developments/{dev_id}/sync-revert/{audit_id},POST,backend/routes/documents.py,982,,sí,PÚBLICO?,,,,,
/api/desarrollador/developments/{dev_id}/sync-audit,GET,backend/routes/documents.py,987,,sí,PÚBLICO?,,,,,
/api/desarrollador/developments/{dev_id}/sync-lock-field,POST,backend/routes/documents.py,992,,sí,PÚBLICO?,,,,,
/api/desarrollador/sync/pending-summary,GET,backend/routes/documents.py,997,,sí,PÚBLICO?,,,,,
/api/desarrollador/developments/{dev_id}/assets/upload,POST,backend/routes/documents.py,1003,,sí,PÚBLICO?,,,,,
/api/desarrollador/developments/{dev_id}/assets/reorder,POST,backend/routes/documents.py,1012,,sí,PÚBLICO?,,,,,
/api/desarrollador/developments/{dev_id}/assets/{asset_id}/categorize,POST,backend/routes/documents.py,1017,,sí,PÚBLICO?,,,,,
/api/desarrollador/developments/{dev_id}/assets/{asset_id}/generate-360,POST,backend/routes/documents.py,1022,,sí,PÚBLICO?,,,,,
/api/desarrollador/developments/{dev_id}/assets/{asset_id},DELETE,backend/routes/documents.py,1027,,sí,PÚBLICO?,,,,,
/api/desarrollador/developments/{dev_id}/assets/regenerate-plano-thumbnails,POST,backend/routes/documents.py,1032,,sí,PÚBLICO?,,,,,
/api/drpi/snapshot/{zone_id},GET,backend/routes/drpi.py,69,,sí,in-body(deleg),,,,,
/api/drpi/national/{period},GET,backend/routes/drpi.py,140,,sí,PÚBLICO?,,,,,
/api/superadmin/drpi/recompute,POST,backend/routes/drpi.py,156,,sí,in-body(deleg),,,,,
/api/superadmin/drpi/coefficients/{zone_id},GET,backend/routes/drpi.py,176,,sí,in-body(deleg),,,,,
/api/superadmin/drpi/list,GET,backend/routes/drpi.py,198,,sí,in-body(deleg),,,,,
/api/superadmin/entity-resolution/pending,GET,backend/routes/entity_resolution.py,48,,sí,in-body,,,,,
/api/superadmin/entity-resolution/pending/{pending_id}/merge,POST,backend/routes/entity_resolution.py,97,,sí,in-body,,,,,
/api/superadmin/entity-resolution/pending/{pending_id}/reject,POST,backend/routes/entity_resolution.py,120,,sí,in-body,,,,,
/api/superadmin/entity-resolution/pending/{pending_id}/ignore,POST,backend/routes/entity_resolution.py,139,,sí,in-body,,,,,
/api/superadmin/entity-resolution/undo/{merge_id},POST,backend/routes/entity_resolution.py,182,,sí,in-body,,,,,
/api/superadmin/entity-resolution/blacklist,GET,backend/routes/entity_resolution.py,195,,sí,in-body,,,,,
/api/superadmin/entity-resolution/fraud-patterns,GET,backend/routes/entity_resolution.py,208,,sí,in-body,,,,,
/api/superadmin/entity-resolution/runs,GET,backend/routes/entity_resolution.py,221,,sí,in-body,,,,,
/api/superadmin/entity-resolution/trigger-run,POST,backend/routes/entity_resolution.py,234,,sí,in-body,,,,,
/api/superadmin/audit/verify-chain,GET,backend/routes/entity_resolution.py,247,,sí,in-body,,,,,
/api/superadmin/audit/log,GET,backend/routes/entity_resolution.py,262,,sí,in-body,,,,,
/api/dev/estudio-mercado,GET,backend/routes/estudio_mercado.py,34,,sí,in-body,,,,,
/api/dev/absorcion,GET,backend/routes/estudio_mercado.py,44,,sí,in-body,,,,,
/api/dev/perfil-zona,GET,backend/routes/estudio_mercado.py,52,,sí,in-body,,,,,
/api/dev/memo-inversionista,GET,backend/routes/estudio_mercado.py,60,,sí,in-body,,,,,
/api/dev/comercio-pb,GET,backend/routes/estudio_mercado.py,72,,sí,in-body,,,,,
/api/dev/amenidades-ranker,GET,backend/routes/estudio_mercado.py,80,,sí,in-body,,,,,
/api/dev/cuota-recomendada,GET,backend/routes/estudio_mercado.py,88,,sí,in-body,,,,,
/api/dev/tono-marketing,GET,backend/routes/estudio_mercado.py,100,,sí,in-body,,,,,
/api/dev/estudio-mercado/guardar,POST,backend/routes/estudio_mercado.py,115,,sí,in-body,,,,,
/api/dev/simulador-palancas/factores,GET,backend/routes/estudio_mercado.py,125,,sí,in-body,,,,,
/api/dev/simulador-palancas,GET,backend/routes/estudio_mercado.py,133,,sí,in-body,,,,,
/api/dev/estudio-mercado/propuestas,GET,backend/routes/estudio_mercado.py,144,,sí,in-body,,,,,
/api/dev/estudio-mercado/regenerar,POST,backend/routes/estudio_mercado.py,152,,sí,in-body,,,,,
/api/dev/estudio-mercado/historial,GET,backend/routes/estudio_mercado.py,162,,sí,in-body,,,,,
/api/dev/estudio-mercado/pdf,GET,backend/routes/estudio_mercado.py,176,,sí,in-body,,,,,
/api/dev/estudio-mercado/radio,GET,backend/routes/estudio_mercado.py,204,,sí,in-body,,,,,
/api/public/search/by-url,POST,backend/routes/external_search.py,148,,sí,PÚBLICO?,,,,,
/api/public/saved-search,POST,backend/routes/external_search.py,194,,sí,in-body,,,,,
/api/public/saved-search/confirm/{token},GET,backend/routes/external_search.py,296,,sí,PÚBLICO?,,,,,
/api/public/saved-search/unsubscribe/{token},GET,backend/routes/external_search.py,308,,sí,PÚBLICO?,,,,,
/api/buyer/favoritos,GET,backend/routes/favoritos.py,50,,sí,PÚBLICO?,,,,,
/api/buyer/favoritos/quitar,POST,backend/routes/favoritos.py,100,,sí,PÚBLICO?,,,,,
/api/buyer/favoritos/cita,POST,backend/routes/favoritos.py,125,,sí,PÚBLICO?,,,,,
/api/buyer/favoritos/nota,POST,backend/routes/favoritos.py,158,,sí,PÚBLICO?,,,,,
/api/fit/score,GET,backend/routes/fit.py,60,,sí,in-body,,,,,
/api/fit/lead/{lead_id}/top-properties,GET,backend/routes/fit.py,109,,sí,in-body,,,,,
/api/fit/property/{property_id}/top-leads,GET,backend/routes/fit.py,142,,sí,in-body,,,,,
/api/projects/{project_id}/floors,GET,backend/routes/floor_view.py,98,,sí,in-body(deleg),,,,,
/api/projects/{project_id}/floors/{floor_number},GET,backend/routes/floor_view.py,140,,sí,in-body(deleg),,,,,
/api/projects/{project_id}/floors/{floor_number}/layout,PUT,backend/routes/floor_view.py,208,,sí,in-body,,,,,
/api/units/{unit_id}/position,PATCH,backend/routes/floor_view.py,279,,sí,in-body,,,,,
/api/superadmin/forecast-accuracy/summary,GET,backend/routes/forecast_accuracy.py,146,,sí,in-body,,,,,
/api/superadmin/forecast-accuracy/per-zone,GET,backend/routes/forecast_accuracy.py,202,,sí,in-body,,,,,
/api/superadmin/forecast-accuracy/run-backtest,POST,backend/routes/forecast_accuracy.py,236,,sí,in-body,,,,,
/api/forecast-public/zone/{slug},GET,backend/routes/forecast_public.py,54,,sí,PÚBLICO?,,,,,
/api/forecast-public/property,GET,backend/routes/forecast_public.py,116,,sí,PÚBLICO?,,,,,
/api/forecast-public/cache-stats,GET,backend/routes/forecast_public.py,179,,no,PÚBLICO?,,,,,
/api/free-audit/submit,POST,backend/routes/free_audit.py,65,,sí,PÚBLICO?,,,,,
/api/free-audit/upload-floor-plan,POST,backend/routes/free_audit.py,91,,sí,PÚBLICO?,,,,,
/api/free-audit/floor-plan/{filename},GET,backend/routes/free_audit.py,116,,sí,PÚBLICO?,,,,,
/api/free-audit/{audit_id},GET,backend/routes/free_audit.py,126,,sí,PÚBLICO?,,,,,
/api/free-audit/{audit_id}/download,GET,backend/routes/free_audit.py,139,,sí,PÚBLICO?,,,,,
/api/free-audit/{audit_id}/resend-email,POST,backend/routes/free_audit.py,157,,sí,PÚBLICO?,,,,,
/api/free-audit/admin/funnel-stats,GET,backend/routes/free_audit.py,181,,sí,in-body,,,,,
/api/free-audit/admin/recent,GET,backend/routes/free_audit.py,191,,sí,in-body,,,,,
/api/free-audit/admin/export.csv,GET,backend/routes/free_audit.py,218,,sí,in-body,,,,,
/api/fsd/accuracy,GET,backend/routes/fsd.py,35,,sí,in-body,,,,,
/api/funnel/event,POST,backend/routes/funnel.py,65,,sí,PÚBLICO?,,,,,
/api/funnel/{project_id},GET,backend/routes/funnel.py,95,,sí,in-body,,,,,
/api/funnel/{project_id}/breakdown,GET,backend/routes/funnel.py,159,,sí,in-body,,,,,
/api/funnel/{project_id}/suggestion,GET,backend/routes/funnel.py,291,,sí,in-body,,,,,
/api/sankey/attribution,GET,backend/routes/funnel.py,306,,sí,in-body,,,,,
/api/dev/generador-producto,GET,backend/routes/generador_producto.py,33,,sí,in-body,,,,,
/api/zona/{colonia_id}/gentrificacion,GET,backend/routes/gentrificacion.py,22,,sí,PÚBLICO?,,,,,
/api/superadmin/gentrificacion/{colonia_id}/persist,POST,backend/routes/gentrificacion.py,38,,sí,PÚBLICO?,,,,,
/api/superadmin/gentrificacion/backfill,POST,backend/routes/gentrificacion.py,48,,sí,PÚBLICO?,,,,,
/api/superadmin/gov-data-mx/sources,GET,backend/routes/gov_data_mx.py,48,,sí,in-body,,,,,
/api/superadmin/gov-data-mx/cron-status,GET,backend/routes/gov_data_mx.py,57,,sí,in-body,,,,,
/api/superadmin/gov-data-mx/refresh/{source_id},POST,backend/routes/gov_data_mx.py,66,,sí,in-body,,,,,
/api/superadmin/gov-data-mx/stats,GET,backend/routes/gov_data_mx.py,93,,sí,in-body,,,,,
/api/superadmin/gov-data-mx/upload,POST,backend/routes/gov_data_mx.py,102,,sí,in-body,,,,,
/api/superadmin/gov-data-mx/uploads,GET,backend/routes/gov_data_mx.py,137,,sí,in-body,,,,,
/api/superadmin/gov-data-mx/uploads/{upload_id},DELETE,backend/routes/gov_data_mx.py,151,,sí,in-body,,,,,
/api/gov-data-mx/public/{source_id},GET,backend/routes/gov_data_mx.py,169,,sí,PÚBLICO?,,,,,
/api/dev/grafo-comprador,GET,backend/routes/grafo_comprador.py,38,,sí,in-body,,,,,
/api/asesor/grafo/contacto/{contacto_id},GET,backend/routes/grafo_comprador.py,48,,sí,in-body,,,,,
/api/superadmin/grafo-comprador,GET,backend/routes/grafo_comprador.py,56,,sí,in-body,,,,,
/api/hook-predictor/score,POST,backend/routes/hook_predictor.py,86,,sí,in-body,,,,,
/api/hook-predictor/stats,GET,backend/routes/hook_predictor.py,100,,sí,in-body,,,,,
/api/superadmin/hook-predictor/stats-global,GET,backend/routes/hook_predictor.py,110,,sí,in-body,,,,,
/api/superadmin/inmobiliaria/leads,GET,backend/routes/house_leads.py,106,,sí,in-body(deleg),,,,,
/api/superadmin/inmobiliaria/asesores,GET,backend/routes/house_leads.py,128,,sí,in-body(deleg),,,,,
/api/superadmin/inmobiliaria/leads/{lead_id}/assign,POST,backend/routes/house_leads.py,140,,sí,in-body(deleg),,,,,
/api/asesor/inmobiliaria/solicitudes,GET,backend/routes/house_leads.py,172,,sí,in-body(deleg),,,,,
/api/asesor/inmobiliaria/solicitudes/{lead_id}/claim,POST,backend/routes/house_leads.py,208,,sí,in-body(deleg),,,,,
/api/asesor/inmobiliaria/solicitudes/{lead_id}/accept,POST,backend/routes/house_leads.py,235,,sí,in-body(deleg),,,,,
/api/asesor/inmobiliaria/solicitudes/{lead_id}/decline,POST,backend/routes/house_leads.py,248,,sí,in-body(deleg),,,,,
/api/superadmin/data-sources,GET,backend/routes/ie_engine.py,266,,sí,in-body,,,,,
/api/superadmin/data-sources/stats,GET,backend/routes/ie_engine.py,275,,sí,in-body,,,,,
/api/superadmin/recipes-coverage,GET,backend/routes/ie_engine.py,306,,sí,in-body,,,,,
/api/superadmin/data-sources/{source_id},GET,backend/routes/ie_engine.py,317,,sí,in-body,,,,,
/api/superadmin/ingestion-jobs,GET,backend/routes/ie_engine.py,327,,sí,in-body,,,,,
/api/superadmin/data-sources/{source_id}/uploads,GET,backend/routes/ie_engine.py,341,,sí,in-body,,,,,
/api/superadmin/uploads/recent,GET,backend/routes/ie_engine.py,350,,sí,in-body,,,,,
/api/superadmin/data-sources/{source_id},PATCH,backend/routes/ie_engine.py,385,,sí,in-body,,,,,
/api/superadmin/data-sources/{source_id}/test,POST,backend/routes/ie_engine.py,428,,sí,in-body,,,,,
/api/superadmin/data-sources/{source_id}/sync,POST,backend/routes/ie_engine.py,468,,sí,in-body,,,,,
/api/superadmin/data-sources/{source_id}/upload,POST,backend/routes/ie_engine.py,562,,sí,in-body,,,,,
/api/superadmin/uploads/{upload_id}/process,POST,backend/routes/ie_engine.py,666,,sí,in-body,,,,,
/api/superadmin/uploads/{upload_id},GET,backend/routes/ie_engine.py,692,,sí,in-body,,,,,
/api/superadmin/uploads/{upload_id}/download,GET,backend/routes/ie_engine.py,703,,sí,in-body,,,,,
/api/superadmin/cron/trigger,POST,backend/routes/ie_engine.py,750,,sí,in-body,,,,,
/api/auth/inmobiliaria/signup,POST,backend/routes/inmobiliaria.py,96,,sí,in-body,,,,,
/api/inmobiliaria/ampi-verify,POST,backend/routes/inmobiliaria.py,151,,sí,PÚBLICO?,,,,,
/api/inmobiliaria/me,GET,backend/routes/inmobiliaria.py,159,,sí,in-body,,,,,
/api/inmobiliaria/users/invite,POST,backend/routes/inmobiliaria.py,193,,sí,in-body,,,,,
/api/inmobiliaria/advisor-relationships,GET,backend/routes/inmobiliaria.py,255,,sí,in-body,,,,,
/api/inmobiliaria/dev-partnerships,POST,backend/routes/inmobiliaria.py,271,,sí,in-body,,,,,
/api/inmobiliaria/dev-partnerships,GET,backend/routes/inmobiliaria.py,310,,sí,in-body,,,,,
/api/inmobiliaria/dev-partnerships/{partnership_id},PATCH,backend/routes/inmobiliaria.py,324,,sí,in-body,,,,,
/api/dev/projects/{project_id}/insights/resumen,GET,backend/routes/insights.py,73,,sí,in-body,,,,,
/api/dev/projects/{project_id}/insights/engagement,GET,backend/routes/insights.py,149,,sí,in-body,,,,,
/api/dev/projects/{project_id}/insights/comparables,GET,backend/routes/insights.py,162,,sí,in-body,,,,,
/api/dev/projects/{project_id}/insights/market-value,GET,backend/routes/insights.py,186,,sí,in-body,,,,,
/api/dev/projects/{project_id}/insights/comparables/export,GET,backend/routes/insights.py,423,,sí,in-body,,,,,
/api/dev/projects/{project_id}/insights/ai/predictions,GET,backend/routes/insights.py,453,,sí,in-body,,,,,
/api/dev/projects/{project_id}/insights/ai/recommendations,GET,backend/routes/insights.py,461,,sí,in-body,,,,,
/api/dev/projects/{project_id}/insights/ai/narrative,GET,backend/routes/insights.py,469,,sí,in-body,,,,,
/api/dev/internal-users,POST,backend/routes/internal_users.py,99,,sí,in-body,,,,,
/api/dev/internal-users,GET,backend/routes/internal_users.py,121,,sí,in-body,,,,,
/api/dev/internal-users/{email},PATCH,backend/routes/internal_users.py,131,,sí,in-body,,,,,
/api/dev/internal-users/{email},DELETE,backend/routes/internal_users.py,152,,sí,in-body,,,,,
/api/dev/settings/external-inventory,PUT,backend/routes/internal_users.py,171,,sí,in-body,,,,,
/api/dev/mini-market,GET,backend/routes/internal_users.py,191,,sí,in-body,,,,,
/api/dev/internal-users/invitations/{invitation_id}/resend,POST,backend/routes/internal_users.py,200,,sí,in-body,,,,,
/api/inmobiliaria/internal-users,POST,backend/routes/internal_users.py,213,,sí,in-body,,,,,
/api/inmobiliaria/internal-users,GET,backend/routes/internal_users.py,235,,sí,in-body,,,,,
/api/inmobiliaria/internal-users/{email},PATCH,backend/routes/internal_users.py,245,,sí,in-body,,,,,
/api/inmobiliaria/internal-users/{email},DELETE,backend/routes/internal_users.py,266,,sí,in-body,,,,,
/api/inmobiliaria/settings/external-inventory,PUT,backend/routes/internal_users.py,285,,sí,in-body,,,,,
/api/inmobiliaria/mini-market,GET,backend/routes/internal_users.py,295,,sí,in-body,,,,,
/api/auth/in-house/invitation,GET,backend/routes/internal_users.py,306,,sí,PÚBLICO?,,,,,
/api/cross-partnerships,POST,backend/routes/internal_users.py,318,,sí,in-body,,,,,
/api/cross-partnerships,GET,backend/routes/internal_users.py,340,,sí,in-body,,,,,
/api/cross-partnerships/{partnership_id},GET,backend/routes/internal_users.py,354,,sí,in-body,,,,,
/api/cross-partnerships/{partnership_id}/approve,POST,backend/routes/internal_users.py,371,,sí,in-body,,,,,
/api/cross-partnerships/{partnership_id}/reject,POST,backend/routes/internal_users.py,384,,sí,in-body,,,,,
/api/cross-partnerships/{partnership_id}/revoke,POST,backend/routes/internal_users.py,398,,sí,in-body,,,,,
/api/superadmin/investment-explorer/zones,GET,backend/routes/investment_explorer.py,115,,sí,in-body(deleg),,,,,
/api/superadmin/investment-explorer/zones/{zone_id}/detail,GET,backend/routes/investment_explorer.py,168,,sí,in-body(deleg),,,,,
/api/investment-simulator/colonia/{slug}/baseline,GET,backend/routes/investment_simulator.py,72,,sí,PÚBLICO?,,,,,
/api/investment-simulator/stress-test,POST,backend/routes/investment_simulator.py,83,,sí,PÚBLICO?,,,,,
/api/investment-simulator/colonia/{slug}/comparables,GET,backend/routes/investment_simulator.py,97,,sí,PÚBLICO?,,,,,
/api/investment-simulator/analyze,POST,backend/routes/investment_simulator.py,132,,sí,PÚBLICO?,,,,,
/api/investment-simulator/min-rent,POST,backend/routes/investment_simulator.py,152,,sí,PÚBLICO?,,,,,
/api/investment-simulator/colonia/{slug}/autofill,GET,backend/routes/investment_simulator.py,160,,sí,PÚBLICO?,,,,,
/api/investment-simulator/capture-lead,POST,backend/routes/investment_simulator.py,176,,sí,PÚBLICO?,,,,,
/api/investment-simulator/save,POST,backend/routes/investment_simulator.py,189,,sí,PÚBLICO?,,,,,
/api/superadmin/kg/health,GET,backend/routes/knowledge_graph.py,33,,sí,in-body,,,,,
/api/superadmin/kg/stats,GET,backend/routes/knowledge_graph.py,44,,sí,in-body,,,,,
/api/superadmin/kg/query,POST,backend/routes/knowledge_graph.py,125,,sí,in-body,,,,,
/api/superadmin/kg/trigger-rebuild,POST,backend/routes/knowledge_graph.py,178,,sí,in-body,,,,,
/api/superadmin/kg/templates,GET,backend/routes/knowledge_graph.py,195,,sí,in-body,,,,,
/api/superadmin/kg/subgraph,GET,backend/routes/knowledge_graph.py,205,,sí,in-body,,,,,
/api/superadmin/kg/anomalies,GET,backend/routes/knowledge_graph.py,339,,sí,in-body,,,,,
/api/superadmin/kg/trigger-anomaly,POST,backend/routes/knowledge_graph.py,368,,sí,in-body,,,,,
/api/public/landing/colonia/{slug},GET,backend/routes/landings.py,54,,sí,PÚBLICO?,,,,,
/api/public/landing/alcaldia/{slug},GET,backend/routes/landings.py,117,,sí,PÚBLICO?,,,,,
/api/public/landing/intent/{intent},GET,backend/routes/landings.py,179,,sí,PÚBLICO?,,,,,
/api/public/landing/lead,POST,backend/routes/landings.py,235,,sí,PÚBLICO?,,,,,
/api/superadmin/landing-leads/by-zone,GET,backend/routes/landings.py,389,,sí,in-body,,,,,
/api/superadmin/landing-leads/summary,GET,backend/routes/landings.py,420,,sí,in-body,,,,,
/api/superadmin/landing-leads/export.csv,GET,backend/routes/landings.py,459,,sí,in-body,,,,,
/api/asesor/lead-capture/aliases,GET,backend/routes/lead_capture.py,75,,sí,in-body,,,,,
/api/asesor/lead-capture/aliases,POST,backend/routes/lead_capture.py,85,,sí,in-body,,,,,
/api/webhooks/email-inbound,POST,backend/routes/lead_capture.py,104,,sí,PÚBLICO?,,,,,
/api/asesor/lead-capture/fb-config,GET,backend/routes/lead_capture.py,130,,sí,in-body,,,,,
/api/asesor/lead-capture/fb-config,POST,backend/routes/lead_capture.py,141,,sí,in-body,,,,,
/api/webhooks/fb-lead-ads,GET,backend/routes/lead_capture.py,183,,sí,PÚBLICO?,,,,,
/api/webhooks/fb-lead-ads,POST,backend/routes/lead_capture.py,195,,sí,PÚBLICO?,,,,,
/api/superadmin/lead-capture/stats,GET,backend/routes/lead_capture.py,259,,sí,in-body,,,,,
/api/lead-capture/score,POST,backend/routes/lead_capture_marketplace.py,110,,sí,PÚBLICO?,,,,,
/api/lead-capture,POST,backend/routes/lead_capture_marketplace.py,150,,sí,PÚBLICO?,,,,,
/api/lead-capture/pdf/{file_id},GET,backend/routes/lead_capture_marketplace.py,174,,sí,PÚBLICO?,,,,,
/api/leads/{lead_id}/enrich,POST,backend/routes/lead_enrichment.py,107,,sí,in-body,,,,,
/api/leads/enrich-bulk,POST,backend/routes/lead_enrichment.py,139,,sí,in-body,,,,,
/api/leads/{lead_id}/enrichment-cache,GET,backend/routes/lead_enrichment.py,200,,sí,in-body,,,,,
/api/superadmin/lead-enrichment/stats,GET,backend/routes/lead_enrichment.py,208,,sí,in-body,,,,,
/api/leads/{lead_id}/journey,GET,backend/routes/lead_journey.py,70,,sí,in-body,,,,,
/api/lead-journey/bulk-reroute,POST,backend/routes/lead_journey.py,84,,sí,in-body,,,,,
/api/leads/{lead_id}/pause-nurture,POST,backend/routes/lead_journey.py,108,,sí,in-body,,,,,
/api/lead-journey/stats,GET,backend/routes/lead_journey.py,118,,sí,in-body,,,,,
/api/leads/{lead_id}/outbound-claim,POST,backend/routes/lead_journey.py,130,,sí,in-body,,,,,
/api/lead-journey/outbound-available,GET,backend/routes/lead_journey.py,139,,sí,in-body,,,,,
/api/lead-journey/leaderboard,GET,backend/routes/lead_journey.py,148,,sí,in-body,,,,,
/api/lead-journey/emit,POST,backend/routes/lead_journey.py,175,,sí,in-body,,,,,
/api/lead-match/compute,POST,backend/routes/lead_match.py,69,,sí,in-body,,,,,
/api/lead-match/{match_id},GET,backend/routes/lead_match.py,84,,sí,in-body,,,,,
/api/asesor/daily-feed,GET,backend/routes/lead_match.py,103,,sí,in-body,,,,,
/api/asesor/daily-feed/{lead_id}/execute,POST,backend/routes/lead_match.py,117,,sí,in-body,,,,,
/api/live-pulse/zones,GET,backend/routes/live_pulse.py,96,,sí,PÚBLICO?,,,,,
/api/live-pulse/zone/{slug}/timeline,GET,backend/routes/live_pulse.py,127,,sí,PÚBLICO?,,,,,
/api/live-pulse/alerts/subscribe,POST,backend/routes/live_pulse.py,161,,sí,in-body,,,,,
/api/live-pulse/alerts/my-subs,GET,backend/routes/live_pulse.py,213,,sí,in-body,,,,,
/api/live-pulse/alerts/{sub_id},DELETE,backend/routes/live_pulse.py,227,,sí,in-body,,,,,
/api/superadmin/live-pulse/readiness,GET,backend/routes/live_pulse.py,263,,sí,in-body,,,,,
/api/superadmin/live-pulse/set-frequency,POST,backend/routes/live_pulse.py,272,,sí,in-body,,,,,
/api/superadmin/live-pulse/stats,GET,backend/routes/live_pulse.py,316,,sí,in-body,,,,,
/api/superadmin/live-pulse/score-distribution,GET,backend/routes/live_pulse.py,387,,sí,in-body,,,,,
/api/dev/projects/{project_id}/location-intel,GET,backend/routes/location_intel.py,191,,sí,in-body,,,,,
/api/mapa/capas,GET,backend/routes/mapa_capas.py,62,,sí,PÚBLICO?,,,,,
/api/mapa/capa/{key},GET,backend/routes/mapa_capas.py,76,,sí,PÚBLICO?,,,,,
/api/mapa/colonia/{colonia_id}/predios-avm,GET,backend/routes/mapa_predios.py,40,,sí,PÚBLICO?,,,,,
/api/maps/layers/{layer_key},GET,backend/routes/maps.py,46,,sí,PÚBLICO?,,,,,
/api/maps/atlax-context,POST,backend/routes/maps.py,96,,sí,PÚBLICO?,,,,,
/api/maps/property/{prop_type}/{prop_id},GET,backend/routes/maps.py,110,,sí,PÚBLICO?,,,,,
/api/superadmin/maps/cache-stats,GET,backend/routes/maps.py,127,,sí,in-body(deleg),,,,,
/api/superadmin/maps/cache-refresh,POST,backend/routes/maps.py,162,,sí,in-body(deleg),,,,,
/api/maps-cross/funnel-inverso/{listing_id},GET,backend/routes/maps_cross.py,36,,sí,PÚBLICO?,,,,,
/api/maps-cross/match-catastro/me,GET,backend/routes/maps_cross.py,44,,sí,in-body,,,,,
/api/maps-cross/match-catastro/refresh,POST,backend/routes/maps_cross.py,54,,sí,in-body,,,,,
/api/maps-cross/demand-gap,GET,backend/routes/maps_cross.py,65,,sí,PÚBLICO?,,,,,
/api/maps-cross/saved-zones,POST,backend/routes/maps_cross.py,79,,sí,in-body,,,,,
/api/maps-cross/saved-zones,GET,backend/routes/maps_cross.py,92,,sí,in-body,,,,,
/api/maps-cross/saved-zones/{zone_id},DELETE,backend/routes/maps_cross.py,102,,sí,in-body,,,,,
/api/maps-cross/battle-card/{dev_id},GET,backend/routes/maps_cross.py,115,,sí,in-body,,,,,
/api/maps-cross/saved-zones/cron-evaluate,POST,backend/routes/maps_cross.py,142,,sí,in-body,,,,,
/api/superadmin/marketing-mcp/publish,POST,backend/routes/marketing_mcp.py,66,,sí,in-body,,,,,
/api/superadmin/marketing-mcp/schedule,POST,backend/routes/marketing_mcp.py,75,,sí,in-body,,,,,
/api/superadmin/marketing-mcp/history,GET,backend/routes/marketing_mcp.py,84,,sí,in-body,,,,,
/api/superadmin/marketing-mcp/stats,GET,backend/routes/marketing_mcp.py,96,,sí,in-body,,,,,
/api/superadmin/marketing-mcp/scheduled/{scheduled_id},DELETE,backend/routes/marketing_mcp.py,103,,sí,in-body,,,,,
/api/public/mortgage/calculate,POST,backend/routes/marketplace_calculator.py,87,,sí,PÚBLICO?,,,,,
/api/public/mortgage/save,POST,backend/routes/marketplace_calculator.py,122,,sí,PÚBLICO?,,,,,
/api/public/virtual-tour/request,POST,backend/routes/marketplace_calculator.py,150,,sí,PÚBLICO?,,,,,
/api/public/colonia/{colonia_id}/report-request,POST,backend/routes/marketplace_lead_tools.py,100,,sí,PÚBLICO?,,,,,
/api/public/quiz/submit,POST,backend/routes/marketplace_lead_tools.py,176,,sí,PÚBLICO?,,,,,
/api/public/compare,POST,backend/routes/marketplace_lead_tools.py,243,,sí,PÚBLICO?,,,,,
/api/public/compare/pdf,POST,backend/routes/marketplace_lead_tools.py,277,,sí,PÚBLICO?,,,,,
/api/public/map/levels,GET,backend/routes/marketplace_map.py,220,,sí,PÚBLICO?,,,,,
/api/public/map/heatmap,GET,backend/routes/marketplace_map.py,234,,sí,PÚBLICO?,,,,,
/api/public/map/colonia/{colonia_id},GET,backend/routes/marketplace_map.py,308,,sí,PÚBLICO?,,,,,
/api/public/search/by-image,POST,backend/routes/marketplace_search.py,54,,sí,PÚBLICO?,,,,,
/api/marketplace/developments,GET,backend/routes/marketplace_search.py,144,,sí,PÚBLICO?,,,,,
/api/marketplace/templates/publish,POST,backend/routes/marketplace_templates.py,130,,sí,in-body,,,,,
/api/marketplace/templates,GET,backend/routes/marketplace_templates.py,152,,sí,PÚBLICO?,,,,,
/api/marketplace/templates/search,GET,backend/routes/marketplace_templates.py,166,,sí,PÚBLICO?,,,,,
/api/marketplace/templates/revenue/my,GET,backend/routes/marketplace_templates.py,172,,sí,in-body,,,,,
/api/marketplace/templates/{template_id},GET,backend/routes/marketplace_templates.py,180,,sí,in-body(deleg),,,,,
/api/marketplace/templates/{template_id}/clone,POST,backend/routes/marketplace_templates.py,197,,sí,in-body,,,,,
/api/marketplace/templates/{template_id}/rate,POST,backend/routes/marketplace_templates.py,216,,sí,in-body,,,,,
/api/superadmin/marketplace/templates/{template_id}/approve,POST,backend/routes/marketplace_templates.py,232,,sí,in-body,,,,,
/api/superadmin/marketplace/templates/{template_id}/reject,POST,backend/routes/marketplace_templates.py,243,,sí,in-body,,,,,
/api/superadmin/marketplace/templates/{template_id},DELETE,backend/routes/marketplace_templates.py,255,,sí,in-body,,,,,
/api/superadmin/marketplace/templates/admin-stats,GET,backend/routes/marketplace_templates.py,266,,sí,in-body,,,,,
/api/superadmin/marketplace/templates/list,GET,backend/routes/marketplace_templates.py,275,,sí,in-body,,,,,
/api/mcp/track-adoption,POST,backend/routes/mcp_distribution.py,33,,sí,PÚBLICO?,,,,,
/api/mcp/adoption-stats,GET,backend/routes/mcp_distribution.py,43,,sí,in-body,,,,,
/api/mood/quiz/submit,POST,backend/routes/mood.py,72,,sí,PÚBLICO?,,,,,
/api/mood/property/{property_id}/profile,GET,backend/routes/mood.py,91,,sí,PÚBLICO?,,,,,
/api/mood/user/{visitor_session_id}/latest,GET,backend/routes/mood.py,112,,sí,PÚBLICO?,,,,,
/api/narrative/generate,POST,backend/routes/narrative.py,71,,sí,PÚBLICO?,,,,,
/api/narrative/cached/{scope}/{entity_id},GET,backend/routes/narrative.py,91,,sí,PÚBLICO?,,,,,
/api/narrative/feedback,POST,backend/routes/narrative.py,110,,sí,PÚBLICO?,,,,,
/api/superadmin/newsletter/preview,POST,backend/routes/newsletter.py,42,,sí,in-body(deleg),,,,,
/api/superadmin/newsletter/runs,GET,backend/routes/newsletter.py,64,,sí,in-body(deleg),,,,,
/api/superadmin/newsletter/send-manual,POST,backend/routes/newsletter.py,96,,sí,in-body(deleg),,,,,
/api/superadmin/newsletter/stats,GET,backend/routes/newsletter.py,132,,sí,in-body(deleg),,,,,
/api/users/{user_id}/newsletter-opt-in,POST,backend/routes/newsletter.py,150,,sí,PÚBLICO?,,,,,
/api/users/{user_id}/newsletter-opt-out/{segment},POST,backend/routes/newsletter.py,178,,sí,PÚBLICO?,,,,,
/api/users/{user_id}/newsletter-opt-out/{segment},GET,backend/routes/newsletter.py,179,,sí,PÚBLICO?,,,,,
/api/notifications,GET,backend/routes/notifications.py,39,,sí,in-body,,,,,
/api/notifications/unread-count,GET,backend/routes/notifications.py,56,,sí,in-body,,,,,
/api/notifications/{notif_id}/mark-read,POST,backend/routes/notifications.py,66,,sí,in-body,,,,,
/api/notifications/mark-all-read,POST,backend/routes/notifications.py,82,,sí,in-body,,,,,
/api/notifications/preferences,GET,backend/routes/notifications.py,92,,sí,in-body,,,,,
/api/notifications/preferences,PUT,backend/routes/notifications.py,109,,sí,in-body,,,,,
/api/superadmin/observability/audit-replay,GET,backend/routes/observability.py,84,,sí,in-body,,,,,
/api/superadmin/observability/ml-accuracy,GET,backend/routes/observability.py,109,,sí,in-body,,,,,
/api/superadmin/observability/replay/list,GET,backend/routes/observability.py,140,,sí,in-body,,,,,
/api/superadmin/observability/replay/{event_id},POST,backend/routes/observability.py,160,,sí,in-body,,,,,
/api/dev/ai-roi,GET,backend/routes/observability.py,181,,sí,in-body,,,,,
/api/superadmin/observability/ai-roi/matrix,GET,backend/routes/observability.py,207,,sí,in-body,,,,,
/api/superadmin/observability/dashboard,GET,backend/routes/observability.py,225,,sí,in-body,,,,,
/api/superadmin/partners,GET,backend/routes/partners.py,85,,sí,in-body(deleg),,,,,
/api/superadmin/partners,POST,backend/routes/partners.py,150,,sí,in-body(deleg),,,,,
/api/superadmin/partners/{partner_id},PATCH,backend/routes/partners.py,220,,sí,in-body(deleg),,,,,
/api/superadmin/partners/{partner_id},GET,backend/routes/partners.py,255,,sí,in-body(deleg),,,,,
/api/superadmin/cross-sell/analytics,GET,backend/routes/partners.py,302,,sí,in-body(deleg),,,,,
/api/superadmin/cross-sell/revenue-events/manual,POST,backend/routes/partners.py,312,,sí,in-body(deleg),,,,,
/api/webhooks/partners/{partner_id}/offer-status,POST,backend/routes/partners.py,340,,sí,cron/webhook,,,,,
/api/perfil/recomendar,POST,backend/routes/perfil_recomendar.py,168,,sí,PÚBLICO?,,,,,
/api/perfil/registrar-busqueda,POST,backend/routes/perfil_recomendar.py,269,,sí,PÚBLICO?,,,,,
/api/superadmin/phase-y/settings-overview,GET,backend/routes/phase_y_controls.py,124,,sí,in-body(deleg),,,,,
/api/superadmin/phase-y/{org_id},GET,backend/routes/phase_y_controls.py,142,,sí,in-body,,,,,
/api/superadmin/phase-y/{org_id},PATCH,backend/routes/phase_y_controls.py,151,,sí,in-body,,,,,
/api/superadmin/phase-y/{org_id}/master-switch,POST,backend/routes/phase_y_controls.py,195,,sí,in-body,,,,,
/api/plusvalia/{colonia_id},GET,backend/routes/plusvalia.py,55,,sí,PÚBLICO?,,,,,
/api/plusvalia/_meta/colonias,GET,backend/routes/plusvalia.py,81,,sí,PÚBLICO?,,,,,
/api/plusvalia/_admin/estado,GET,backend/routes/plusvalia.py,93,,sí,PÚBLICO?,,,,,
/api/asesor/alertas,GET,backend/routes/predictive_alerts.py,75,,sí,in-body,,,,,
/api/asesor/alertas/{alert_id}/snooze,POST,backend/routes/predictive_alerts.py,199,,sí,in-body,,,,,
/api/asesor/alertas/{alert_id}/contactar,POST,backend/routes/predictive_alerts.py,232,,sí,in-body,,,,,
/api/asesor/alertas/{alert_id}/descartar,POST,backend/routes/predictive_alerts.py,259,,sí,in-body,,,,,
/api/public/press/stats,GET,backend/routes/press.py,29,,sí,PÚBLICO?,,,,,
/api/superadmin/invites/generate,POST,backend/routes/private_beta.py,86,,sí,in-body,,,,,
/api/superadmin/invites,GET,backend/routes/private_beta.py,96,,sí,in-body,,,,,
/api/superadmin/invites/{code}/revoke,POST,backend/routes/private_beta.py,109,,sí,in-body,,,,,
/api/auth/validate-code/{code},GET,backend/routes/private_beta.py,120,,sí,PÚBLICO?,,,,,
/api/auth/signup-broker,POST,backend/routes/private_beta.py,136,,sí,PÚBLICO?,,,,,
/api/waitlist/signup,POST,backend/routes/private_beta.py,208,,sí,PÚBLICO?,,,,,
/api/superadmin/waitlist,GET,backend/routes/private_beta.py,228,,sí,in-body,,,,,
/api/projects/duplicate,POST,backend/routes/project_wizard.py,99,,sí,in-body,,,,,
/api/projects/templates,GET,backend/routes/project_wizard.py,125,,sí,in-body,,,,,
/api/projects/{project_id}/mark-as-template,POST,backend/routes/project_wizard.py,135,,sí,in-body,,,,,
/api/zona/{colonia_id}/pulso,GET,backend/routes/public.py,296,,sí,PÚBLICO?,,,,,
/api/zona/{colonia_id}/inversion,GET,backend/routes/public.py,335,,sí,PÚBLICO?,,,,,
/api/zona/{colonia_id}/ciclo,GET,backend/routes/public.py,497,,sí,PÚBLICO?,,,,,
/api/zona/{colonia_id}/riesgo,GET,backend/routes/public.py,524,,sí,PÚBLICO?,,,,,
/api/zona/{colonia_id}/vida,GET,backend/routes/public.py,541,,sí,PÚBLICO?,,,,,
/api/zona/{colonia_id}/lugares,GET,backend/routes/public.py,560,,sí,PÚBLICO?,,,,,
/api/zona/place-photo,GET,backend/routes/public.py,616,,sí,PÚBLICO?,,,,,
/api/market/vehiculos,GET,backend/routes/public.py,628,,sí,PÚBLICO?,,,,,
/api/inversion-v4/analyze,POST,backend/routes/public.py,640,,sí,PÚBLICO?,,,,,
/api/inversion-v4/analytics,GET,backend/routes/public.py,748,,sí,PÚBLICO?,,,,,
/api/inversion-v4/portafolio,POST,backend/routes/public.py,773,,sí,PÚBLICO?,,,,,
/api/inversion-v4/zona-contexto,GET,backend/routes/public.py,829,,sí,PÚBLICO?,,,,,
/api/superadmin/atlas-riesgo/ingest,POST,backend/routes/public.py,921,,sí,PÚBLICO?,,,,,
/api/superadmin/shf/refresh,POST,backend/routes/public.py,952,,sí,PÚBLICO?,,,,,
/api/inversion-v4/airroi,POST,backend/routes/public.py,974,,sí,PÚBLICO?,,,,,
/api/superadmin/google-places/ingest-lugares,POST,backend/routes/public.py,1029,,sí,PÚBLICO?,,,,,
/api/superadmin/google-places/ingest,POST,backend/routes/public.py,1040,,sí,PÚBLICO?,,,,,
/api/colonias,GET,backend/routes/public.py,1052,,sí,PÚBLICO?,,,,,
/api/colonias-geojson,GET,backend/routes/public.py,1057,,sí,PÚBLICO?,,,,,
/api/colonia-watch,POST,backend/routes/public.py,1170,,sí,PÚBLICO?,,,,,
/api/colonia-watch,DELETE,backend/routes/public.py,1185,,sí,PÚBLICO?,,,,,
/api/colonia-watch,GET,backend/routes/public.py,1191,,sí,PÚBLICO?,,,,,
/api/catastro/colonia/{colonia_id}/far-vintage,GET,backend/routes/public.py,1208,,sí,PÚBLICO?,,,,,
/api/catastro/colonia/{colonia},GET,backend/routes/public.py,1216,,sí,PÚBLICO?,,,,,
/api/precio-posicion,GET,backend/routes/public.py,1237,,sí,PÚBLICO?,,,,,
/api/mapa/colonia/{colonia_id}/valoracion,GET,backend/routes/public.py,1263,,sí,PÚBLICO?,,,,,
/api/precio-posicion-batch,POST,backend/routes/public.py,1286,,sí,PÚBLICO?,,,,,
/api/public/payment-schemes/{project_id},GET,backend/routes/public.py,1314,,sí,PÚBLICO?,,,,,
/api/catastro/predios-bbox,GET,backend/routes/public.py,1334,,sí,PÚBLICO?,,,,,
/api/para-ti,GET,backend/routes/public.py,1393,,sí,PÚBLICO?,,,,,
/api/colonias-similar/{colonia_id},GET,backend/routes/public.py,1432,,sí,PÚBLICO?,,,,,
/api/colonias/{colonia_id},GET,backend/routes/public.py,1443,,no,PÚBLICO?,,,,,
/api/colonias/{colonia_id}/propiedades,GET,backend/routes/public.py,1451,,no,PÚBLICO?,,,,,
/api/properties,GET,backend/routes/public.py,1459,,no,PÚBLICO?,,,,,
/api/properties/{prop_id},GET,backend/routes/public.py,1509,,no,PÚBLICO?,,,,,
/api/properties/{prop_id}/similares,GET,backend/routes/public.py,1517,,no,PÚBLICO?,,,,,
/api/properties/{prop_id}/briefing,POST,backend/routes/public.py,1545,,sí,PÚBLICO?,,,,,
/api/developments,GET,backend/routes/public.py,1653,,sí,PÚBLICO?,,,,,
/api/developments/casi,GET,backend/routes/public.py,1908,,sí,PÚBLICO?,,,,,
/api/developments/{dev_id},GET,backend/routes/public.py,2029,,sí,PÚBLICO?,,,,,
/api/developments/{dev_id}/units,GET,backend/routes/public.py,2090,,sí,PÚBLICO?,,,,,
/api/developments/{dev_id}/compliance-badge,GET,backend/routes/public.py,2117,,sí,PÚBLICO?,,,,,
/api/developments/{dev_id}/similar,GET,backend/routes/public.py,2163,,sí,PÚBLICO?,,,,,
/api/developments/{dev_id}/rank,GET,backend/routes/public.py,2175,,sí,PÚBLICO?,,,,,
/api/developers/{developer_id},GET,backend/routes/public.py,2209,,sí,PÚBLICO?,,,,,
/api/developments/{dev_id}/briefing,POST,backend/routes/public.py,2221,,sí,PÚBLICO?,,,,,
/api/colonias-search,GET,backend/routes/public.py,2380,,sí,PÚBLICO?,,,,,
/api/public/pulso-zona,GET,backend/routes/public.py,2410,,sí,PÚBLICO?,,,,,
/api/public/registro-interes,POST,backend/routes/public.py,2500,,sí,PÚBLICO?,,,,,
/api/properties/search-ai,POST,backend/routes/public.py,2519,,sí,PÚBLICO?,,,,,
/api/search/nlp,POST,backend/routes/public.py,3144,,no,PÚBLICO?,,,,,
/api/health,GET,backend/routes/public.py,3152,,no,PÚBLICO?,,,,,
/api/v1/zones/{zone_id}/snapshot,GET,backend/routes/public_api_v1.py,82,,sí,PÚBLICO?,,,,,
/api/v1/zones/{zone_id}/timeseries,GET,backend/routes/public_api_v1.py,127,,sí,PÚBLICO?,,,,,
/api/v1/zones/{zone_id}/zone-score,GET,backend/routes/public_api_v1.py,148,,sí,PÚBLICO?,,,,,
/api/v1/zones/{zone_id}/risk-score,GET,backend/routes/public_api_v1.py,175,,sí,PÚBLICO?,,,,,
/api/v1/zones/{zone_id}/drpi,GET,backend/routes/public_api_v1.py,203,,sí,PÚBLICO?,,,,,
/api/v1/comparables,GET,backend/routes/public_api_v1.py,232,,sí,PÚBLICO?,,,,,
/api/v1/market/indices,GET,backend/routes/public_api_v1.py,284,,sí,PÚBLICO?,,,,,
/api/v1/market/indices/history,GET,backend/routes/public_api_v1.py,310,,sí,PÚBLICO?,,,,,
/api/v1/zones/{zone_id}/demand,GET,backend/routes/public_api_v1.py,325,,sí,PÚBLICO?,,,,,
/api/v1/zones/{zone_id}/bancabilidad,GET,backend/routes/public_api_v1.py,354,,sí,PÚBLICO?,,,,,
/api/v1/valuations/{property_id},GET,backend/routes/public_api_v1.py,367,,sí,PÚBLICO?,,,,,
/api/v1/demand-pulse,GET,backend/routes/public_api_v1.py,409,,sí,PÚBLICO?,,,,,
/api/superadmin/api-keys,GET,backend/routes/public_api_v1.py,473,,sí,in-body(deleg),,,,,
/api/superadmin/api-keys,POST,backend/routes/public_api_v1.py,505,,sí,in-body(deleg),,,,,
/api/superadmin/api-keys/{key_id},PATCH,backend/routes/public_api_v1.py,549,,sí,in-body(deleg),,,,,
/api/superadmin/api-keys/{key_id},DELETE,backend/routes/public_api_v1.py,572,,sí,in-body(deleg),,,,,
/api/superadmin/api-keys/{key_id}/usage,GET,backend/routes/public_api_v1.py,590,,sí,in-body(deleg),,,,,
/api/stripe/webhook,POST,backend/routes/public_api_v1.py,627,,sí,cron/webhook,,,,,
/api/superadmin/stripe/{tenant_id},GET,backend/routes/public_api_v1.py,665,,sí,in-body(deleg),,,,,
/api/superadmin/stripe/{tenant_id}/subscribe,POST,backend/routes/public_api_v1.py,672,,sí,in-body(deleg),,,,,
/api/superadmin/stripe/{tenant_id}/cancel,POST,backend/routes/public_api_v1.py,688,,sí,in-body(deleg),,,,,
/api/v1/openapi,GET,backend/routes/public_api_v1.py,706,,sí,PÚBLICO?,,,,,
/api/public/market/index,GET,backend/routes/public_market.py,37,,sí,PÚBLICO?,,,,,
/api/public/market/amenity-ranker,GET,backend/routes/public_market.py,67,,sí,PÚBLICO?,,,,,
/api/public/zones/{slug},GET,backend/routes/public_zones.py,48,,sí,PÚBLICO?,,,,,
/api/recommendations/top,GET,backend/routes/recommendations.py,49,,sí,in-body,,,,,
/api/reverse-search,POST,backend/routes/reverse_search.py,81,,sí,PÚBLICO?,,,,,
/api/reviews/zone/{zone_id},GET,backend/routes/reviews_residents.py,38,,sí,PÚBLICO?,,,,,
/api/reviews/development/{dev_id},GET,backend/routes/reviews_residents.py,45,,sí,PÚBLICO?,,,,,
/api/reviews/summary/{entity_type}/{entity_id},GET,backend/routes/reviews_residents.py,52,,sí,PÚBLICO?,,,,,
/api/superadmin/reviews/scrape/{entity_type}/{entity_id},POST,backend/routes/reviews_residents.py,60,,sí,in-body,,,,,
/api/superadmin/reviews/stats,GET,backend/routes/reviews_residents.py,81,,sí,in-body,,,,,
/api/superadmin/reviews/{entity_type}/{entity_id},DELETE,backend/routes/reviews_residents.py,89,,sí,in-body,,,,,
/api/superadmin/risk-alerts,GET,backend/routes/risk_alerts.py,36,,sí,in-body(deleg),,,,,
/api/superadmin/risk-alerts/timeline/{zone_id},GET,backend/routes/risk_alerts.py,85,,sí,in-body(deleg),,,,,
/api/superadmin/risk-alerts/{change_id}/acknowledge,POST,backend/routes/risk_alerts.py,98,,sí,in-body(deleg),,,,,
/api/risk-score/zone/{zone_id},GET,backend/routes/risk_score.py,65,,sí,in-body(deleg),,,,,
/api/superadmin/risk-score/all,GET,backend/routes/risk_score.py,142,,sí,in-body(deleg),,,,,
/api/superadmin/risk-score/recompute,POST,backend/routes/risk_score.py,156,,sí,in-body(deleg),,,,,
/api/superadmin/crime-data/{zone_id}/breakdown,GET,backend/routes/risk_score.py,174,,sí,in-body(deleg),,,,,
/api/investment-simulator/score,GET,backend/routes/score_inversion.py,43,,sí,PÚBLICO?,,,,,
/api/investment-simulator/score/top-colonias,GET,backend/routes/score_inversion.py,71,,sí,PÚBLICO?,,,,,
/api/superadmin/scores/recompute,POST,backend/routes/scores.py,84,,sí,in-body,,,,,
/api/superadmin/scores/refresh-moat-feeders,POST,backend/routes/scores.py,113,,sí,in-body,,,,,
/api/superadmin/scores,GET,backend/routes/scores.py,151,,sí,in-body,,,,,
/api/superadmin/scores/recipes,GET,backend/routes/scores.py,173,,sí,in-body,,,,,
/api/superadmin/scores/history,GET,backend/routes/scores.py,192,,sí,in-body,,,,,
/api/zones/{zone_id}/scores,GET,backend/routes/scores.py,211,,sí,PÚBLICO?,,,,,
/api/zones/{zone_id}/scores/coverage,GET,backend/routes/scores.py,244,,sí,PÚBLICO?,,,,,
/api/developments/{dev_id}/scores,GET,backend/routes/scores.py,287,,sí,PÚBLICO?,,,,,
/api/units/{unit_id}/scores,GET,backend/routes/scores.py,293,,sí,PÚBLICO?,,,,,
/api/zones/{zone_id}/scores/explain,GET,backend/routes/scores.py,324,,sí,PÚBLICO?,,,,,
/api/superadmin/seed-historic-from-upload,POST,backend/routes/scores.py,425,,sí,in-body,,,,,
/api/superadmin/scores/recompute-all,POST,backend/routes/scores.py,585,,sí,in-body,,,,,
/api/superadmin/scores/recompute-all/status,GET,backend/routes/scores.py,655,,sí,in-body,,,,,
/api/user/preferences,GET,backend/routes/search_prefs.py,37,,sí,in-body,,,,,
/api/user/preferences,PATCH,backend/routes/search_prefs.py,46,,sí,in-body,,,,,
/api/search,GET,backend/routes/search_prefs.py,72,,sí,in-body,,,,,
/api/seo/llms.txt,GET,backend/routes/seo_files.py,121,,sí,PÚBLICO?,,,,,
/api/seo/sitemap.xml,GET,backend/routes/seo_files.py,128,,sí,PÚBLICO?,,,,,
/api/seo/.well-known/ai-plugin.json,GET,backend/routes/seo_files.py,183,,no,PÚBLICO?,,,,,
/api/seo-themed/{theme_key},GET,backend/routes/seo_themed.py,85,,sí,PÚBLICO?,,,,,
/api/seo-themed,GET,backend/routes/seo_themed.py,154,,no,PÚBLICO?,,,,,
/api/public/colonia/{colonia_id}/history,GET,backend/routes/share_meta.py,44,,sí,PÚBLICO?,,,,,
/api/share/comparar/meta,GET,backend/routes/share_meta.py,57,,sí,PÚBLICO?,,,,,
/api/share/comparar/og-image,GET,backend/routes/share_meta.py,193,,sí,PÚBLICO?,,,,,
/api/exports/qr,GET,backend/routes/share_meta.py,261,,no,PÚBLICO?,,,,,
/api/share/cma/{cma_id}/og-image,GET,backend/routes/share_meta.py,396,,sí,PÚBLICO?,,,,,
/api/share/cma/{cma_id}/meta,GET,backend/routes/share_meta.py,442,,sí,PÚBLICO?,,,,,
/api/asesor/smart-lists/presets,GET,backend/routes/smart_lists.py,55,,sí,PÚBLICO?,,,,,
/api/asesor/smart-lists/counts,GET,backend/routes/smart_lists.py,62,,sí,in-body,,,,,
/api/asesor/smart-lists/{preset_key}/leads,GET,backend/routes/smart_lists.py,75,,sí,in-body,,,,,
/api/inmobiliaria/smart-lists/rollup,GET,backend/routes/smart_lists.py,128,,sí,in-body,,,,,
/api/soc-franchise/leaderboard,GET,backend/routes/soc_franchise.py,62,,sí,PÚBLICO?,,,,,
/api/soc-franchise/my-score,GET,backend/routes/soc_franchise.py,79,,sí,in-body,,,,,
/api/soc-franchise/user/{user_id},GET,backend/routes/soc_franchise.py,89,,sí,in-body,,,,,
/api/superadmin/soc-franchise/stats,GET,backend/routes/soc_franchise.py,101,,sí,in-body,,,,,
/api/superadmin/soc-franchise/certify,POST,backend/routes/soc_franchise.py,109,,sí,in-body,,,,,
/api/superadmin/soc-franchise/revoke,POST,backend/routes/soc_franchise.py,122,,sí,in-body,,,,,
/api/social-ads/oauth/url,GET,backend/routes/social_ads.py,144,,sí,in-body,,,,,
/api/social-ads/oauth/callback,GET,backend/routes/social_ads.py,165,,sí,PÚBLICO?,,,,,
/api/social-ads/accounts,GET,backend/routes/social_ads.py,192,,sí,in-body,,,,,
/api/social-ads/accounts/{account_id}/disconnect,POST,backend/routes/social_ads.py,214,,sí,in-body,,,,,
/api/social-ads/accounts/{account_id}/campaigns,GET,backend/routes/social_ads.py,228,,sí,in-body,,,,,
/api/social-ads/accounts/{account_id}/budget-suggestion,GET,backend/routes/social_ads.py,244,,sí,in-body,,,,,
/api/social-ads/accounts/{account_id}/performance,GET,backend/routes/social_ads.py,258,,sí,in-body,,,,,
/api/superadmin/social-ads/tenants,GET,backend/routes/social_ads.py,274,,sí,in-body,,,,,
/api/superadmin/social-ads/stats,GET,backend/routes/social_ads.py,285,,sí,in-body,,,,,
/api/state-of-cdmx,GET,backend/routes/state_of_cdmx.py,19,,sí,PÚBLICO?,,,,,
/api/state-of-cdmx/og-image/{period}.png,GET,backend/routes/state_of_cdmx.py,27,,sí,PÚBLICO?,,,,,
/api/state-of-cdmx/{period},GET,backend/routes/state_of_cdmx.py,42,,sí,PÚBLICO?,,,,,
/api/studio/library,GET,backend/routes/studio.py,354,,sí,PÚBLICO?,,,,,
/api/studio/dashboard,GET,backend/routes/studio.py,368,,sí,PÚBLICO?,,,,,
/api/studio/generate-video,POST,backend/routes/studio.py,388,,sí,PÚBLICO?,,,,,
/api/studio/generate-ads,POST,backend/routes/studio.py,422,,sí,PÚBLICO?,,,,,
/api/studio/videos/{vid},GET,backend/routes/studio.py,442,,sí,PÚBLICO?,,,,,
/api/studio/ad-batches/{bid},GET,backend/routes/studio.py,451,,sí,PÚBLICO?,,,,,
/api/studio/ad-batches/{bid}/hero-image/{angulo},POST,backend/routes/studio.py,460,,sí,PÚBLICO?,,,,,
/api/studio/assets/{asset_id},GET,backend/routes/studio.py,507,,sí,PÚBLICO?,,,,,
/api/studio/videos/{vid}/file,GET,backend/routes/studio.py,522,,sí,PÚBLICO?,,,,,
/api/studio/videos/{vid}/status,GET,backend/routes/studio.py,535,,sí,PÚBLICO?,,,,,
/api/studio/ad-batches/{bid}/activate-full,POST,backend/routes/studio.py,549,,sí,PÚBLICO?,,,,,
/api/studio/ad-batches/{bid}/full-status,GET,backend/routes/studio.py,603,,sí,PÚBLICO?,,,,,
/api/studio/tts/generate,POST,backend/routes/studio.py,624,,sí,PÚBLICO?,,,,,
/api/studio/tts/{aid}/download,GET,backend/routes/studio.py,648,,sí,PÚBLICO?,,,,,
/api/studio/my-budget,GET,backend/routes/studio.py,662,,sí,PÚBLICO?,,,,,
/api/studio/admin/budgets,GET,backend/routes/studio.py,688,,sí,PÚBLICO?,,,,,
/api/studio/admin/budgets/{user_id},PATCH,backend/routes/studio.py,699,,sí,PÚBLICO?,,,,,
/api/studio/asset/initiate,POST,backend/routes/studio_assets.py,79,,sí,in-body,,,,,
/api/studio/asset/confirm,POST,backend/routes/studio_assets.py,95,,sí,in-body,,,,,
/api/studio/studio-assets,GET,backend/routes/studio_assets.py,129,,sí,in-body,,,,,
/api/studio/asset/{asset_id},DELETE,backend/routes/studio_assets.py,153,,sí,in-body,,,,,
/api/studio/mood-board,POST,backend/routes/studio_assets.py,179,,sí,in-body,,,,,
/api/studio/mood-boards,GET,backend/routes/studio_assets.py,204,,sí,in-body,,,,,
/api/studio/mood-board/{board_id},GET,backend/routes/studio_assets.py,213,,sí,in-body,,,,,
/api/studio/mood-board/{board_id},PUT,backend/routes/studio_assets.py,223,,sí,in-body,,,,,
/api/studio/mood-board/{board_id},DELETE,backend/routes/studio_assets.py,247,,sí,in-body,,,,,
/api/studio/auto-content/queue/run,POST,backend/routes/studio_auto_content.py,43,,sí,in-body,,,,,
/api/studio/auto-content/queue,GET,backend/routes/studio_auto_content.py,63,,sí,in-body,,,,,
/api/studio/auto-content/{queue_id}/approve,POST,backend/routes/studio_auto_content.py,77,,sí,in-body,,,,,
/api/studio/auto-content/{queue_id}/reject,POST,backend/routes/studio_auto_content.py,87,,sí,in-body,,,,,
/api/studio/auto-content/stats,GET,backend/routes/studio_auto_content.py,97,,sí,in-body,,,,,
/api/studio/brand-kit/{kit_id},GET,backend/routes/studio_brand_kit.py,96,,sí,in-body,,,,,
/api/studio/brand-kit/{kit_id},DELETE,backend/routes/studio_brand_kit.py,106,,sí,in-body,,,,,
/api/studio/brand-kit/{kit_id}/activate,POST,backend/routes/studio_brand_kit.py,129,,sí,in-body,,,,,
/api/studio/brand-kit/upload-logo,POST,backend/routes/studio_brand_kit.py,146,,sí,in-body,,,,,
/api/studio/copy/generate,POST,backend/routes/studio_buyer_copy.py,45,,sí,in-body,,,,,
/api/studio/copy/personas,GET,backend/routes/studio_buyer_copy.py,62,,sí,in-body,,,,,
/api/studio/copy/job/{job_id},GET,backend/routes/studio_buyer_copy.py,84,,sí,in-body,,,,,
/api/studio/copy/jobs,GET,backend/routes/studio_buyer_copy.py,94,,sí,in-body,,,,,
/api/studio/carrusel/generate,POST,backend/routes/studio_carrusel.py,69,,sí,in-body,,,,,
/api/studio/carrusel/{carrusel_id}/track,POST,backend/routes/studio_carrusel.py,106,,sí,PÚBLICO?,,,,,
/api/studio/carrusel/ab/{group_id}/stats,GET,backend/routes/studio_carrusel.py,114,,sí,in-body,,,,,
/api/studio/carrusel/ab/{group_id}/declare-winner,POST,backend/routes/studio_carrusel.py,124,,sí,in-body,,,,,
/api/studio/carrusel/hook-score,POST,backend/routes/studio_carrusel.py,134,,sí,in-body,,,,,
/api/studio/carrusel/list,GET,backend/routes/studio_carrusel.py,145,,sí,in-body,,,,,
/api/studio/carrusel/{carrusel_id},GET,backend/routes/studio_carrusel.py,173,,sí,in-body,,,,,
/api/studio/carrusel/{carrusel_id}/export-pdf,GET,backend/routes/studio_carrusel.py,190,,sí,in-body,,,,,
/api/studio/carrusel/{carrusel_id}/export-pdf,POST,backend/routes/studio_carrusel.py,191,,sí,in-body,,,,,
/api/studio/landing/list,GET,backend/routes/studio_landing.py,164,,sí,in-body,,,,,
/api/studio/landing/starters,GET,backend/routes/studio_landing.py,182,,sí,in-body,,,,,
/api/studio/landing/property-templates,GET,backend/routes/studio_landing.py,195,,sí,in-body,,,,,
/api/studio/landing/templates,GET,backend/routes/studio_landing.py,208,,sí,PÚBLICO?,,,,,
/api/studio/landing/templates/{template_key},GET,backend/routes/studio_landing.py,219,,sí,PÚBLICO?,,,,,
/api/studio/landing/{landing_id}/apply-template-structure,POST,backend/routes/studio_landing.py,234,,sí,in-body,,,,,
/api/studio/landing/themes,GET,backend/routes/studio_landing.py,298,,sí,in-body,,,,,
/api/studio/landing/{landing_id},GET,backend/routes/studio_landing.py,308,,sí,in-body,,,,,
/api/studio/landing/{landing_id},PATCH,backend/routes/studio_landing.py,318,,sí,in-body,,,,,
/api/studio/landing/{landing_id}/publish,POST,backend/routes/studio_landing.py,328,,sí,in-body,,,,,
/api/studio/landing/{landing_id},DELETE,backend/routes/studio_landing.py,338,,sí,in-body,,,,,
/api/studio/landing/{landing_id}/ab-variant,POST,backend/routes/studio_landing.py,348,,sí,in-body,,,,,
/api/studio/landing/ab/{group_id}/stats,GET,backend/routes/studio_landing.py,361,,sí,in-body,,,,,
/api/studio/landing/ab/{group_id}/declare-winner,POST,backend/routes/studio_landing.py,371,,sí,in-body,,,,,
/api/studio/landing/{landing_id}/export-pdf,POST,backend/routes/studio_landing.py,399,,sí,in-body,,,,,
/api/studio/landing/{landing_id}/export-pdf,GET,backend/routes/studio_landing.py,411,,sí,in-body,,,,,
/api/studio/landing/{landing_id},GET,backend/routes/studio_landing.py,424,,sí,in-body,,,,,
/api/studio/landing/catalog/developments,GET,backend/routes/studio_landing.py,426,,sí,in-body,,,,,
/api/studio/landing/catalog/asesor,GET,backend/routes/studio_landing.py,434,,sí,in-body,,,,,
/api/studio/landing/catalog/marketplace-filters,GET,backend/routes/studio_landing.py,442,,sí,in-body,,,,,
/api/studio/landing/catalog/resales,GET,backend/routes/studio_landing.py,449,,sí,in-body,,,,,
/api/studio/landing/{landing_id}/auto-fill,POST,backend/routes/studio_landing.py,457,,sí,in-body,,,,,
/api/studio/landing/{landing_id}/theme-mode,PATCH,backend/routes/studio_landing.py,498,,sí,in-body,,,,,
/api/studio/landing/{landing_id}/routing-config,PATCH,backend/routes/studio_landing.py,509,,sí,in-body,,,,,
/api/studio/landing/starters,GET,backend/routes/studio_landing.py,520,,sí,PÚBLICO?,,,,,
/api/studio/landing/{landing_id}/sections,PATCH,backend/routes/studio_landing.py,526,,sí,in-body,,,,,
/api/studio/landing/{landing_id}/undo,POST,backend/routes/studio_landing.py,536,,sí,in-body,,,,,
/api/studio/landing/{landing_id}/tracking-pixels,PATCH,backend/routes/studio_landing.py,546,,sí,in-body,,,,,
/api/studio/landing/{landing_id}/marketplace-config,PATCH,backend/routes/studio_landing.py,556,,sí,in-body,,,,,
/api/studio/landing/{landing_id}/marketplace-preview,POST,backend/routes/studio_landing.py,567,,sí,in-body,,,,,
/api/landing/{slug},GET,backend/routes/studio_landing.py,586,,sí,PÚBLICO?,,,,,
/api/landing/{slug}/marketplace,GET,backend/routes/studio_landing.py,617,,sí,PÚBLICO?,,,,,
/api/landing/{slug}/lead,POST,backend/routes/studio_landing.py,660,,sí,PÚBLICO?,,,,,
/api/landing/{slug}/analytics,POST,backend/routes/studio_landing.py,675,,sí,PÚBLICO?,,,,,
/api/studio/landing/{landing_id}/analytics-summary,GET,backend/routes/studio_landing.py,683,,sí,in-body,,,,,
/api/studio/landing/ab/{group_id}/winner-quality,POST,backend/routes/studio_landing.py,694,,sí,in-body,,,,,
/api/landing/{slug}/cross-links,GET,backend/routes/studio_landing.py,705,,sí,PÚBLICO?,,,,,
/api/landing/{slug}/track,GET,backend/routes/studio_landing.py,748,,sí,PÚBLICO?,,,,,
/api/studio/listing-import,POST,backend/routes/studio_listing.py,40,,sí,in-body,,,,,
/api/studio/listing-imports,GET,backend/routes/studio_listing.py,70,,sí,in-body,,,,,
/api/studio/listing-import/{import_id},GET,backend/routes/studio_listing.py,79,,sí,in-body,,,,,
/api/studio/listing-import/{import_id},DELETE,backend/routes/studio_listing.py,89,,sí,in-body,,,,,
/api/studio/property-intake/list,GET,backend/routes/studio_property_intake.py,141,,sí,PÚBLICO?,,,,,
/api/studio/property-intake/public/{slug},GET,backend/routes/studio_property_intake.py,163,,sí,PÚBLICO?,,,,,
/api/studio/property-intake/public/{slug}/lead,POST,backend/routes/studio_property_intake.py,192,,sí,in-body,,,,,
/api/studio/property-intake/{intake_id},GET,backend/routes/studio_property_intake.py,232,,sí,in-body,,,,,
/api/studio/property-intake/{intake_id},PATCH,backend/routes/studio_property_intake.py,244,,sí,in-body,,,,,
/api/studio/property-intake/{intake_id}/generate-copy,POST,backend/routes/studio_property_intake.py,274,,sí,in-body,,,,,
/api/studio/property-intake/{intake_id}/publish,POST,backend/routes/studio_property_intake.py,324,,sí,PÚBLICO?,,,,,
/api/studio/video/script,POST,backend/routes/studio_video.py,137,,sí,in-body,,,,,
/api/studio-video/generate-video,POST,backend/routes/studio_video.py,186,,sí,in-body,,,,,
/api/subagents/pricing/analyze,POST,backend/routes/subagents.py,86,,sí,in-body,,,,,
/api/subagents/pricing/recommendations,GET,backend/routes/subagents.py,120,,sí,in-body,,,,,
/api/subagents/pricing/recommendations/{rec_id}/apply,POST,backend/routes/subagents.py,155,,sí,in-body,,,,,
/api/subagents/pricing/recommendations/{rec_id}/reject,POST,backend/routes/subagents.py,299,,sí,in-body,,,,,
/api/superadmin/subagents/pricing/runs,GET,backend/routes/subagents.py,346,,sí,in-body,,,,,
/api/subagents/marketing/analyze,POST,backend/routes/subagents.py,392,,sí,in-body,,,,,
/api/subagents/marketing/recommendations,GET,backend/routes/subagents.py,424,,sí,in-body,,,,,
/api/subagents/marketing/recommendations/{rec_id}/apply,POST,backend/routes/subagents.py,458,,sí,in-body,,,,,
/api/subagents/marketing/recommendations/{rec_id}/reject,POST,backend/routes/subagents.py,496,,sí,in-body,,,,,
/api/superadmin/subagents/marketing/runs,GET,backend/routes/subagents.py,533,,sí,in-body,,,,,
/api/subagents/lead/analyze,POST,backend/routes/subagents.py,581,,sí,in-body,,,,,
/api/subagents/lead/recommendations,GET,backend/routes/subagents.py,608,,sí,in-body,,,,,
/api/subagents/lead/recommendations/{rec_id}/apply,POST,backend/routes/subagents.py,642,,sí,in-body,,,,,
/api/subagents/lead/recommendations/{rec_id}/reject,POST,backend/routes/subagents.py,680,,sí,in-body,,,,,
/api/superadmin/subagents/lead/runs,GET,backend/routes/subagents.py,717,,sí,in-body,,,,,
/api/superadmin/catalog-pulse/dashboard,GET,backend/routes/superadmin_catalog_pulse.py,162,,sí,in-body,,,,,
/api/superadmin/catalog-pulse/project/{project_id},GET,backend/routes/superadmin_catalog_pulse.py,248,,sí,in-body,,,,,
/api/me/feature-flags,GET,backend/routes/superadmin_commercial.py,373,,sí,in-body,,,,,
/api/superadmin/demand-intel/overview,GET,backend/routes/superadmin_demand_intel.py,12,,sí,in-body,,,,,
/api/superadmin/demand-intel/deep,GET,backend/routes/superadmin_demand_intel.py,34,,sí,in-body,,,,,
/api/superadmin/demand-intel/zonas,GET,backend/routes/superadmin_demand_intel.py,55,,sí,in-body,,,,,
/api/superadmin/demand-intel/screener/metricas,GET,backend/routes/superadmin_demand_intel.py,69,,sí,in-body,,,,,
/api/superadmin/demand-intel/screener/buscar,POST,backend/routes/superadmin_demand_intel.py,78,,sí,in-body,,,,,
/api/superadmin/demand-intel/explorar,GET,backend/routes/superadmin_demand_intel.py,90,,sí,in-body,,,,,
/api/superadmin/demand-intel/explorar/segmento,POST,backend/routes/superadmin_demand_intel.py,100,,sí,in-body,,,,,
/api/superadmin/demand-intel/engines/catalog,GET,backend/routes/superadmin_demand_intel.py,110,,sí,in-body,,,,,
/api/superadmin/demand-intel/engines/run,GET,backend/routes/superadmin_demand_intel.py,119,,sí,in-body,,,,,
/api/superadmin/demand-intel/colonias,GET,backend/routes/superadmin_demand_intel.py,130,,sí,in-body,,,,,
/api/superadmin/demand-intel/disenar,GET,backend/routes/superadmin_demand_intel.py,148,,sí,in-body,,,,,
/api/superadmin/demand-intel/activar,POST,backend/routes/superadmin_demand_intel.py,157,,sí,in-body,,,,,
/api/superadmin/demand-intel/acciones,GET,backend/routes/superadmin_demand_intel.py,168,,sí,in-body,,,,,
/api/superadmin/demand-intel/simetria,GET,backend/routes/superadmin_demand_intel.py,177,,sí,in-body,,,,,
/api/superadmin/demand-intel/vistas,GET,backend/routes/superadmin_demand_intel.py,187,,sí,in-body,,,,,
/api/superadmin/demand-intel/vistas,POST,backend/routes/superadmin_demand_intel.py,196,,sí,in-body,,,,,
/api/superadmin/demand-intel/vistas/{view_id},DELETE,backend/routes/superadmin_demand_intel.py,207,,sí,in-body,,,,,
/api/superadmin/demand-intel/vistas/alertas,GET,backend/routes/superadmin_demand_intel.py,215,,sí,in-body,,,,,
/api/superadmin/demand-intel/sankey,GET,backend/routes/superadmin_demand_intel.py,224,,sí,in-body,,,,,
/api/superadmin/demand-intel/memorandum,GET,backend/routes/superadmin_demand_intel.py,234,,sí,in-body,,,,,
/api/superadmin/demand-intel/whatif/opciones,GET,backend/routes/superadmin_demand_intel.py,243,,sí,in-body,,,,,
/api/superadmin/demand-intel/whatif,GET,backend/routes/superadmin_demand_intel.py,251,,sí,in-body,,,,,
/api/superadmin/demand-intel/lookalike,GET,backend/routes/superadmin_demand_intel.py,260,,sí,in-body,,,,,
/api/superadmin/demand-intel/heatmap/opciones,GET,backend/routes/superadmin_demand_intel.py,269,,sí,in-body,,,,,
/api/superadmin/demand-intel/heatmap,GET,backend/routes/superadmin_demand_intel.py,278,,sí,in-body,,,,,
/api/superadmin/demand-intel/explorar/biografia,GET,backend/routes/superadmin_demand_intel.py,287,,sí,in-body,,,,,
/api/superadmin/demand-intel/explorar/oportunidades,GET,backend/routes/superadmin_demand_intel.py,296,,sí,in-body,,,,,
/api/superadmin/demand-intel/dimensiones,GET,backend/routes/superadmin_demand_intel.py,306,,sí,in-body,,,,,
/api/superadmin/demand-intel/atlas/entity,GET,backend/routes/superadmin_demand_intel.py,320,,sí,in-body,,,,,
/api/superadmin/demand-intel/atlas/children,GET,backend/routes/superadmin_demand_intel.py,330,,sí,in-body,,,,,
/api/superadmin/demand-intel/indicadores/atributos,GET,backend/routes/superadmin_demand_intel.py,339,,sí,in-body,,,,,
/api/superadmin/demand-intel/indicadores/financiero,GET,backend/routes/superadmin_demand_intel.py,349,,sí,in-body,,,,,
/api/superadmin/demand-intel/compare/run,GET,backend/routes/superadmin_demand_intel.py,359,,sí,in-body,,,,,
/api/superadmin/demand-intel/compare/insights,GET,backend/routes/superadmin_demand_intel.py,370,,sí,in-body,,,,,
/api/superadmin/demand-intel/compare/set-launch,POST,backend/routes/superadmin_demand_intel.py,380,,sí,in-body,,,,,
/api/superadmin/demand-intel/compare/launch-coverage,GET,backend/routes/superadmin_demand_intel.py,389,,sí,in-body,,,,,
/api/superadmin/demand-intel/compare/catalog,GET,backend/routes/superadmin_demand_intel.py,401,,sí,in-body,,,,,
/api/superadmin/demand-intel/facet/catalog,GET,backend/routes/superadmin_demand_intel.py,410,,sí,in-body,,,,,
/api/superadmin/demand-intel/facet/query,GET,backend/routes/superadmin_demand_intel.py,419,,sí,in-body,,,,,
/api/superadmin/demand-intel/facet/list,GET,backend/routes/superadmin_demand_intel.py,434,,sí,in-body,,,,,
/api/superadmin/demand-intel/facet/crosstab,GET,backend/routes/superadmin_demand_intel.py,448,,sí,in-body,,,,,
/api/superadmin/demand-intel/facet/serie,GET,backend/routes/superadmin_demand_intel.py,459,,sí,in-body,,,,,
/api/superadmin/demand-intel/facet/unmet,GET,backend/routes/superadmin_demand_intel.py,470,,sí,in-body,,,,,
/api/superadmin/demand-intel/grid/overview,GET,backend/routes/superadmin_demand_intel.py,479,,sí,in-body,,,,,
/api/superadmin/demand-intel/grid/cell,GET,backend/routes/superadmin_demand_intel.py,488,,sí,in-body,,,,,
/api/superadmin/demand-intel/celda,GET,backend/routes/superadmin_demand_intel.py,501,,sí,in-body,,,,,
/api/superadmin/demand-intel/grid/ranking,GET,backend/routes/superadmin_demand_intel.py,515,,sí,in-body,,,,,
/api/superadmin/demand-intel/grid/insights,GET,backend/routes/superadmin_demand_intel.py,526,,sí,in-body,,,,,
/api/superadmin/demand-intel/grid/materialize,POST,backend/routes/superadmin_demand_intel.py,535,,sí,in-body,,,,,
/api/superadmin/demand-intel/terminal-zona,GET,backend/routes/superadmin_demand_intel.py,544,,sí,in-body,,,,,
/api/superadmin/demand-intel/granular-advanced,GET,backend/routes/superadmin_demand_intel.py,586,,sí,in-body,,,,,
/api/superadmin/demand-intel/notify,POST,backend/routes/superadmin_demand_intel.py,597,,sí,in-body,,,,,
/api/superadmin/demand-intel/feature,GET,backend/routes/superadmin_demand_intel.py,606,,sí,in-body,,,,,
/api/superadmin/devmaster/projects,GET,backend/routes/superadmin_devmaster.py,90,,sí,in-body,,,,,
/api/superadmin/devmaster/project/{project_id},GET,backend/routes/superadmin_devmaster.py,166,,sí,in-body,,,,,
/api/superadmin/devmaster/project/{project_id}/marketplace,POST,backend/routes/superadmin_devmaster.py,204,,sí,in-body,,,,,
/api/superadmin/devmaster/home,GET,backend/routes/superadmin_devmaster.py,230,,sí,in-body,,,,,
/api/superadmin/devmaster/brief,GET,backend/routes/superadmin_devmaster.py,401,,sí,in-body,,,,,
/api/superadmin/devmaster/donde-construir,GET,backend/routes/superadmin_devmaster.py,652,,sí,in-body,,,,,
/api/superadmin/devmaster/gusto-mercado,GET,backend/routes/superadmin_devmaster.py,897,,sí,in-body,,,,,
/api/superadmin/devmaster/comportamiento,GET,backend/routes/superadmin_devmaster.py,1120,,sí,in-body,,,,,
/api/superadmin/devmaster/stock-soldout,GET,backend/routes/superadmin_devmaster.py,1341,,sí,in-body,,,,,
/api/superadmin/devmaster/macro-ciudad,GET,backend/routes/superadmin_devmaster.py,1522,,sí,in-body,,,,,
/api/superadmin/devmaster/competencia-red,GET,backend/routes/superadmin_devmaster.py,1676,,sí,in-body,,,,,
/api/superadmin/devmaster/observabilidad-ia,GET,backend/routes/superadmin_devmaster.py,1861,,sí,in-body,,,,,
/api/superadmin/devmaster/activar-modelo/{modelo},POST,backend/routes/superadmin_devmaster.py,1943,,sí,in-body,,,,,
/api/superadmin/devmaster/equipo-en-riesgo,GET,backend/routes/superadmin_devmaster.py,1955,,sí,in-body,,,,,
/api/superadmin/devmaster/demanda-unidades,GET,backend/routes/superadmin_devmaster.py,1987,,sí,in-body,,,,,
/api/superadmin/granularity/coverage,GET,backend/routes/superadmin_granularity.py,13,,sí,in-body,,,,,
/api/superadmin/granularity/entity/{entity_type}/{entity_id},GET,backend/routes/superadmin_granularity.py,21,,sí,in-body,,,,,
/api/superadmin/granularity/stub-diagnosis,GET,backend/routes/superadmin_granularity.py,29,,sí,in-body,,,,,
/api/superadmin/granularity/backfill,POST,backend/routes/superadmin_granularity.py,38,,sí,in-body,,,,,
/api/swipe/{token},GET,backend/routes/swipe_public.py,103,,sí,PÚBLICO?,,,,,
/api/swipe/{token}/vote,POST,backend/routes/swipe_public.py,174,,sí,PÚBLICO?,,,,,
/api/swipe/{token}/cita,POST,backend/routes/swipe_public.py,199,,sí,PÚBLICO?,,,,,
/api/swipe/{token}/nota,POST,backend/routes/swipe_public.py,230,,sí,PÚBLICO?,,,,,
/api/swipe/{token}/events,POST,backend/routes/swipe_public.py,274,,sí,PÚBLICO?,,,,,
/api/swipe/{token}/profile,POST,backend/routes/swipe_public.py,305,,sí,PÚBLICO?,,,,,
/api/tax/isr-vendedor,POST,backend/routes/tax_projector.py,82,,sí,PÚBLICO?,,,,,
/api/tax/isai-comprador,POST,backend/routes/tax_projector.py,91,,sí,PÚBLICO?,,,,,
/api/tax/predial-projection,POST,backend/routes/tax_projector.py,100,,sí,PÚBLICO?,,,,,
/api/tax/closing-cost-total,POST,backend/routes/tax_projector.py,109,,sí,PÚBLICO?,,,,,
/api/tax/full-scenario,GET,backend/routes/tax_projector.py,118,,sí,PÚBLICO?,,,,,
/api/metrics/team-aggregated,GET,backend/routes/team_aggregated.py,84,,sí,in-body,,,,,
/api/metrics/team-productivity,GET,backend/routes/team_productivity.py,66,,sí,in-body,,,,,
/api/superadmin/terminal-mercado,GET,backend/routes/terminal_mercado.py,30,,sí,in-body,,,,,
/api/superadmin/indices-historial,GET,backend/routes/terminal_mercado.py,38,,sí,in-body,,,,,
/api/superadmin/indices-historial/snapshot,POST,backend/routes/terminal_mercado.py,46,,sí,in-body,,,,,
/api/superadmin/bancabilidad,GET,backend/routes/terminal_mercado.py,54,,sí,in-body,,,,,
/api/tour-3dgs/scans,POST,backend/routes/tour_3dgs.py,89,,sí,in-body,,,,,
/api/tour-3dgs/scans/upload,POST,backend/routes/tour_3dgs.py,116,,sí,in-body,,,,,
/api/tour-3dgs/scans,GET,backend/routes/tour_3dgs.py,145,,sí,in-body(deleg),,,,,
/api/tour-3dgs/scans/{scan_id},GET,backend/routes/tour_3dgs.py,170,,sí,in-body(deleg),,,,,
/api/tour-3dgs/scans/{scan_id}/viewer-config,PATCH,backend/routes/tour_3dgs.py,189,,sí,in-body,,,,,
/api/tour-3dgs/scans/{scan_id},DELETE,backend/routes/tour_3dgs.py,204,,sí,in-body,,,,,
/api/tour-3dgs/scans/{scan_id}/regenerate-thumbnail,POST,backend/routes/tour_3dgs.py,219,,sí,in-body,,,,,
/api/tour-3dgs/settings/{dev_id},GET,backend/routes/tour_3dgs.py,237,,sí,PÚBLICO?,,,,,
/api/tour-3dgs/settings/{dev_id},PUT,backend/routes/tour_3dgs.py,249,,sí,in-body,,,,,
/api/tour-3dgs/scans/{scan_id}/asset/{filename},GET,backend/routes/tour_3dgs.py,262,,sí,PÚBLICO?,,,,,
/api/tour-3dgs/scans/{scan_id}/thumbnail.png,GET,backend/routes/tour_3dgs.py,294,,sí,PÚBLICO?,,,,,
/api/tour-3dgs/embed/loaded,POST,backend/routes/tour_3dgs.py,317,,sí,PÚBLICO?,,,,,
/api/metrics/tour-completion,GET,backend/routes/tour_analytics.py,68,,sí,in-body,,,,,
/api/asesor/links,POST,backend/routes/tracking_links.py,61,,sí,in-body,,,,,
/api/asesor/links,GET,backend/routes/tracking_links.py,132,,sí,in-body,,,,,
/api/asesor/links/{link_id},DELETE,backend/routes/tracking_links.py,166,,sí,in-body,,,,,
/api/links/{slug}/click,GET,backend/routes/tracking_links.py,197,,sí,PÚBLICO?,,,,,
/api/superadmin/trends/lookup,GET,backend/routes/trends.py,35,,sí,in-body,,,,,
/api/superadmin/trends/cache/stats,GET,backend/routes/trends.py,59,,sí,in-body,,,,,
/api/superadmin/trends/cache,GET,backend/routes/trends.py,67,,sí,in-body,,,,,
/api/superadmin/trends/cache/{cache_key},DELETE,backend/routes/trends.py,79,,sí,in-body,,,,,
/api/superadmin/trends/refresh,POST,backend/routes/trends.py,95,,sí,in-body,,,,,
/api/superadmin/trends/keywords,GET,backend/routes/trends.py,111,,sí,in-body,,,,,
/api/v1/verticals/bank-avm,POST,backend/routes/vertical_products.py,132,,sí,PÚBLICO?,,,,,
/api/v1/verticals/insurance-risk,POST,backend/routes/vertical_products.py,167,,sí,PÚBLICO?,,,,,
/api/v1/verticals/notaria-title-check,POST,backend/routes/vertical_products.py,204,,sí,PÚBLICO?,,,,,
/api/v1/verticals/investor-yield,POST,backend/routes/vertical_products.py,250,,sí,PÚBLICO?,,,,,
/api/video-standalone/generate,POST,backend/routes/video_standalone.py,116,,sí,in-body,,,,,
/api/video-standalone/history,GET,backend/routes/video_standalone.py,157,,sí,in-body,,,,,
/api/video-standalone/{video_id}/export,POST,backend/routes/video_standalone.py,178,,sí,in-body,,,,,
/api/video-standalone/{video_id}/share-whatsapp,POST,backend/routes/video_standalone.py,209,,sí,in-body,,,,,
/api/video-standalone/{video_id},GET,backend/routes/video_standalone.py,228,,sí,in-body,,,,,
/api/video-standalone/{video_id},DELETE,backend/routes/video_standalone.py,239,,sí,in-body,,,,,
/api/superadmin/video-standalone/stats,GET,backend/routes/video_standalone.py,256,,sí,in-body,,,,,
/api/virtual-staging,POST,backend/routes/virtual_staging.py,89,,sí,in-body,,,,,
/api/virtual-staging/admin/stats,GET,backend/routes/virtual_staging.py,121,,sí,in-body,,,,,
/api/virtual-staging/cache/{image_hash},GET,backend/routes/virtual_staging.py,208,,sí,in-body,,,,,
/api/voice/transcribe,POST,backend/routes/voice.py,40,,sí,PÚBLICO?,,,,,
/api/voice/synthesize,POST,backend/routes/voice.py,82,,sí,PÚBLICO?,,,,,
/api/voice/{audio_id}/download,GET,backend/routes/voice.py,101,,sí,PÚBLICO?,,,,,
/api/superadmin/voice/usage,GET,backend/routes/voice.py,119,,sí,in-body(deleg),,,,,
/api/watchlist/subscribe,POST,backend/routes/watchlist.py,117,,sí,PÚBLICO?,,,,,
/api/watchlist/confirm/{confirm_token},GET,backend/routes/watchlist.py,160,,sí,PÚBLICO?,,,,,
/api/watchlist/manage/{manage_token},GET,backend/routes/watchlist.py,179,,sí,PÚBLICO?,,,,,
/api/watchlist/manage/{manage_token},POST,backend/routes/watchlist.py,195,,sí,PÚBLICO?,,,,,
/api/watchlist/manage/{manage_token},DELETE,backend/routes/watchlist.py,224,,sí,PÚBLICO?,,,,,
/api/whatif/simulate,POST,backend/routes/whatif.py,89,,sí,in-body,,,,,
/api/whatif/scenarios,GET,backend/routes/whatif.py,126,,sí,in-body,,,,,
/api/whatif/scenarios/{scenario_id},GET,backend/routes/whatif.py,151,,sí,in-body,,,,,
/api/whatif/scenarios/{scenario_id},DELETE,backend/routes/whatif.py,184,,sí,in-body,,,,,
/api/superadmin/whatif/usage,GET,backend/routes/whatif.py,200,,sí,in-body,,,,,
/api/webhooks/whatsapp-inbound,POST,backend/routes/whatsapp.py,58,,sí,PÚBLICO?,,,,,
/api/superadmin/whatsapp/messages,GET,backend/routes/whatsapp.py,97,,sí,in-body(deleg),,,,,
/api/superadmin/whatsapp/templates,POST,backend/routes/whatsapp.py,134,,sí,in-body(deleg),,,,,
/api/superadmin/whatsapp/templates,GET,backend/routes/whatsapp.py,164,,sí,in-body(deleg),,,,,
/api/superadmin/whatsapp/stats,GET,backend/routes/whatsapp.py,180,,sí,in-body(deleg),,,,,
/api/widgets/score/{slug},GET,backend/routes/widgets.py,39,,sí,PÚBLICO?,,,,,
/api/widgets/risk/{slug},GET,backend/routes/widgets.py,107,,sí,PÚBLICO?,,,,,
/api/dev/wizard/smart-defaults,GET,backend/routes/wizard.py,127,,sí,in-body,,,,,
/api/dev/wizard/suggest-schemes,POST,backend/routes/wizard.py,205,,sí,in-body,,,,,
/api/dev/wizard/construction-meta,GET,backend/routes/wizard.py,222,,sí,in-body,,,,,
/api/dev/wizard/construction-seal,POST,backend/routes/wizard.py,232,,sí,in-body,,,,,
/api/dev/wizard/legal-meta,GET,backend/routes/wizard.py,258,,sí,in-body,,,,,
/api/dev/wizard/draft/save,POST,backend/routes/wizard.py,277,,sí,in-body,,,,,
/api/dev/wizard/draft/load,GET,backend/routes/wizard.py,295,,sí,in-body,,,,,
/api/dev/wizard/projects,POST,backend/routes/wizard.py,325,,sí,in-body,,,,,
/api/dev/wizard/ia-extract,POST,backend/routes/wizard.py,636,,sí,in-body,,,,,
/api/dev/wizard/ia-extract/{run_id},GET,backend/routes/wizard.py,758,,sí,in-body,,,,,
/api/dev/wizard/drive/status,GET,backend/routes/wizard.py,774,,sí,in-body,,,,,
/api/dev/wizard/drive/url,POST,backend/routes/wizard.py,791,,sí,in-body,,,,,
/api/workflows/{wf_id},GET,backend/routes/workflows.py,159,,sí,in-body,,,,,
/api/workflows/{wf_id},PUT,backend/routes/workflows.py,172,,sí,in-body,,,,,
/api/workflows/{wf_id},DELETE,backend/routes/workflows.py,206,,sí,in-body,,,,,
/api/workflows/{wf_id}/toggle,POST,backend/routes/workflows.py,222,,sí,in-body,,,,,
/api/workflows/{wf_id}/test,POST,backend/routes/workflows.py,243,,sí,in-body,,,,,
/api/workflows/{wf_id}/runs,GET,backend/routes/workflows.py,262,,sí,in-body,,,,,
/api/comprador/wrapped,GET,backend/routes/wrapped.py,66,_require_buyer,sí,depends,,,,,
/api/comprador/wrapped/{year_month},GET,backend/routes/wrapped.py,76,_require_buyer,sí,depends,,,,,
/api/comprador/wrapped/annual-optin,POST,backend/routes/wrapped.py,142,_require_buyer,sí,depends,,,,,
/api/comprador/wrapped/{wrapped_id}/share,POST,backend/routes/wrapped.py,154,_require_buyer,sí,depends,,,,,
/api/comprador/wrapped/{wrapped_id}/og-image,GET,backend/routes/wrapped.py,190,_require_buyer,sí,depends,,,,,
/api/comprador/smart-match,GET,backend/routes/wrapped.py,237,_require_buyer,sí,depends,,,,,
/api/superadmin/ai-usage,GET,backend/ai_budget.py,483,,sí,in-body,,,,,
/api/superadmin/ai-usage/{dev_org_id}/cap,PATCH,backend/ai_budget.py,503,,sí,in-body,,,,,
/api/dev/ai-budget,GET,backend/ai_budget.py,521,,sí,in-body,,,,,
/api/dev/ai-budget/threshold,PATCH,backend/ai_budget.py,537,,sí,in-body,,,,,
/api/ai/suggestions/{entity_type}/{entity_id},GET,backend/ai_suggestions.py,490,,sí,in-body,,,,,
/api/ai/suggestions/{suggestion_id}/dismiss,POST,backend/ai_suggestions.py,513,,sí,in-body,,,,,
/api/ai/suggestions/{suggestion_id}/accept,POST,backend/ai_suggestions.py,542,,sí,in-body,,,,,
/api/atlax/query,POST,backend/atlax_engine.py,179,,sí,PÚBLICO?,,,,,
/api/atlax/blocks,POST,backend/atlax_engine.py,490,,sí,PÚBLICO?,,,,,
/api/atlax/sessions/{session_id}/history,GET,backend/atlax_engine.py,527,,sí,PÚBLICO?,,,,,
/api/atlax/threads,GET,backend/atlax_engine.py,544,,sí,PÚBLICO?,,,,,
/api/atlax/threads/{thread_id}/messages,GET,backend/atlax_engine.py,567,,sí,PÚBLICO?,,,,,
/api/audit/log,GET,backend/audit_log.py,257,,sí,in-body,,,,,
/api/audit/log/entity/{entity_type}/{entity_id},GET,backend/audit_log.py,308,,sí,in-body,,,,,
/api/audit/log/stats,GET,backend/audit_log.py,328,,sí,in-body,,,,,
/tools,GET,backend/mcp_server.py,121,,sí,in-body(deleg),,,,,
/call/{tool_name},POST,backend/mcp_server.py,128,,sí,in-body(deleg),,,,,
/,POST,backend/mcp_server.py,172,,sí,in-body(deleg),,,,,
/api/narrative/scenario,GET,backend/narrative_engine.py,339,,sí,PÚBLICO?,,,,,
/api/zones/{zone_id}/narrative,GET,backend/narrative_engine.py,575,,sí,PÚBLICO?,,,,,
/api/developments/{dev_id}/narrative,GET,backend/narrative_engine.py,587,,sí,PÚBLICO?,,,,,
/api/superadmin/narratives/regenerate,POST,backend/narrative_engine.py,606,,sí,in-body,,,,,
/api/superadmin/narratives/budget,GET,backend/narrative_engine.py,620,,sí,in-body,,,,,
/api/superadmin/narratives/batch-generate,POST,backend/narrative_engine.py,634,,sí,in-body,,,,,
/api/probability/{type},GET,backend/probability_engine.py,432,,sí,PÚBLICO?,,,,,
