canonical_url,query_text,colonia,tipo,recamaras_min,precio_max,stage,tier,score_realism,score_intent,score_volume,score_differentiation,score_total,founder_decision
/marketplace?colonia=polanco&recamaras_min=2&stage=preventa,Departamentos 2 recámaras en Polanco preventa,polanco,,2,,preventa,1,25,28,25,15,93,
/marketplace?colonia=lomas-chapultepec&recamaras_min=2&stage=preventa,Departamentos 2 recámaras en Lomas de Chapultepec preventa,lomas-chapultepec,,2,,preventa,1,25,28,25,15,93,
/marketplace?colonia=pedregal&recamaras_min=2&stage=preventa,Departamentos 2 recámaras en Jardines del Pedregal preventa,pedregal,,2,,preventa,1,25,28,25,15,93,
/marketplace?colonia=polanco&recamaras_min=3&stage=preventa,Departamentos 3 recámaras en Polanco preventa,polanco,,3,,preventa,1,25,28,23,15,91,
/marketplace?colonia=lomas-chapultepec&recamaras_min=3&stage=preventa,Departamentos 3 recámaras en Lomas de Chapultepec preventa,lomas-chapultepec,,3,,preventa,1,25,28,23,15,91,
/marketplace?colonia=pedregal&recamaras_min=3&stage=preventa,Departamentos 3 recámaras en Jardines del Pedregal preventa,pedregal,,3,,preventa,1,25,28,23,15,91,
/marketplace?colonia=roma-norte&recamaras_min=2&stage=preventa,Departamentos 2 recámaras en Roma Norte preventa,roma-norte,,2,,preventa,2,25,28,21,15,89,
/marketplace?colonia=condesa&recamaras_min=2&stage=preventa,Departamentos 2 recámaras en Condesa preventa,condesa,,2,,preventa,2,25,28,21,15,89,
/marketplace?colonia=coyoacan-centro&recamaras_min=2&stage=preventa,Departamentos 2 recámaras en Coyoacán Centro preventa,coyoacan-centro,,2,,preventa,2,25,28,21,15,89,
/marketplace?colonia=santa-fe&recamaras_min=2&stage=preventa,Departamentos 2 recámaras en Santa Fe preventa,santa-fe,,2,,preventa,2,25,28,21,15,89,
/marketplace?colonia=napoles&recamaras_min=2&stage=preventa,Departamentos 2 recámaras en Nápoles preventa,napoles,,2,,preventa,2,25,28,21,15,89,
/marketplace?colonia=polanco&recamaras_min=4&stage=preventa,Departamentos 4 recámaras en Polanco preventa,polanco,,4,,preventa,1,25,28,19,15,87,
/marketplace?colonia=lomas-chapultepec&recamaras_min=4&stage=preventa,Departamentos 4 recámaras en Lomas de Chapultepec preventa,lomas-chapultepec,,4,,preventa,1,25,28,19,15,87,
/marketplace?colonia=pedregal&recamaras_min=4&stage=preventa,Departamentos 4 recámaras en Jardines del Pedregal preventa,pedregal,,4,,preventa,1,25,28,19,15,87,
/marketplace?colonia=roma-norte&recamaras_min=3&stage=preventa,Departamentos 3 recámaras en Roma Norte preventa,roma-norte,,3,,preventa,2,25,28,19,15,87,
/marketplace?colonia=condesa&recamaras_min=3&stage=preventa,Departamentos 3 recámaras en Condesa preventa,condesa,,3,,preventa,2,25,28,19,15,87,
/marketplace?colonia=coyoacan-centro&recamaras_min=3&stage=preventa,Departamentos 3 recámaras en Coyoacán Centro preventa,coyoacan-centro,,3,,preventa,2,25,28,19,15,87,
/marketplace?colonia=santa-fe&recamaras_min=3&stage=preventa,Departamentos 3 recámaras en Santa Fe preventa,santa-fe,,3,,preventa,2,25,28,19,15,87,
/marketplace?colonia=napoles&recamaras_min=3&stage=preventa,Departamentos 3 recámaras en Nápoles preventa,napoles,,3,,preventa,2,25,28,19,15,87,
/marketplace?colonia=polanco&precio_max=8000000&recamaras_min=2,Departamentos 2 recámaras en Polanco hasta $8M,polanco,,2,8000000,,1,25,30,25,5,85,
/marketplace?colonia=polanco&precio_max=12000000&recamaras_min=2,Departamentos 2 recámaras en Polanco hasta $12M,polanco,,2,12000000,,1,25,30,25,5,85,
/marketplace?colonia=polanco&precio_max=15000000&recamaras_min=2,Departamentos 2 recámaras en Polanco hasta $15M,polanco,,2,15000000,,1,25,30,25,5,85,
/marketplace?colonia=polanco&precio_max=20000000&recamaras_min=2,Departamentos 2 recámaras en Polanco hasta $20M,polanco,,2,20000000,,1,25,30,25,5,85,
/marketplace?colonia=polanco&precio_max=30000000&recamaras_min=2,Departamentos 2 recámaras en Polanco hasta $30M,polanco,,2,30000000,,1,25,30,25,5,85,
/marketplace?colonia=lomas-chapultepec&precio_max=12000000&recamaras_min=2,Departamentos 2 recámaras en Lomas de Chapultepec hasta $12M,lomas-chapultepec,,2,12000000,,1,25,30,25,5,85,
/marketplace?colonia=lomas-chapultepec&precio_max=15000000&recamaras_min=2,Departamentos 2 recámaras en Lomas de Chapultepec hasta $15M,lomas-chapultepec,,2,15000000,,1,25,30,25,5,85,
/marketplace?colonia=lomas-chapultepec&precio_max=20000000&recamaras_min=2,Departamentos 2 recámaras en Lomas de Chapultepec hasta $20M,lomas-chapultepec,,2,20000000,,1,25,30,25,5,85,
/marketplace?colonia=lomas-chapultepec&precio_max=30000000&recamaras_min=2,Departamentos 2 recámaras en Lomas de Chapultepec hasta $30M,lomas-chapultepec,,2,30000000,,1,25,30,25,5,85,
/marketplace?colonia=pedregal&precio_max=15000000&recamaras_min=2,Departamentos 2 recámaras en Jardines del Pedregal hasta $15M,pedregal,,2,15000000,,1,25,30,25,5,85,
/marketplace?colonia=pedregal&precio_max=20000000&recamaras_min=2,Departamentos 2 recámaras en Jardines del Pedregal hasta $20M,pedregal,,2,20000000,,1,25,30,25,5,85,
/marketplace?colonia=pedregal&precio_max=30000000&recamaras_min=2,Departamentos 2 recámaras en Jardines del Pedregal hasta $30M,pedregal,,2,30000000,,1,25,30,25,5,85,
/marketplace?colonia=polanco&precio_max=8000000&recamaras_min=2&tipo=depto,Departamentos 2 recámaras en Polanco hasta $8M,polanco,depto,2,8000000,,1,25,30,25,5,85,
/marketplace?colonia=polanco&precio_max=12000000&recamaras_min=2&tipo=depto,Departamentos 2 recámaras en Polanco hasta $12M,polanco,depto,2,12000000,,1,25,30,25,5,85,
/marketplace?colonia=polanco&precio_max=15000000&recamaras_min=2&tipo=depto,Departamentos 2 recámaras en Polanco hasta $15M,polanco,depto,2,15000000,,1,25,30,25,5,85,
/marketplace?colonia=polanco&precio_max=20000000&recamaras_min=2&tipo=depto,Departamentos 2 recámaras en Polanco hasta $20M,polanco,depto,2,20000000,,1,25,30,25,5,85,
/marketplace?colonia=polanco&precio_max=30000000&recamaras_min=2&tipo=depto,Departamentos 2 recámaras en Polanco hasta $30M,polanco,depto,2,30000000,,1,25,30,25,5,85,
/marketplace?colonia=lomas-chapultepec&precio_max=12000000&recamaras_min=2&tipo=depto,Departamentos 2 recámaras en Lomas de Chapultepec hasta $12M,lomas-chapultepec,depto,2,12000000,,1,25,30,25,5,85,
/marketplace?colonia=lomas-chapultepec&precio_max=15000000&recamaras_min=2&tipo=depto,Departamentos 2 recámaras en Lomas de Chapultepec hasta $15M,lomas-chapultepec,depto,2,15000000,,1,25,30,25,5,85,
/marketplace?colonia=lomas-chapultepec&precio_max=20000000&recamaras_min=2&tipo=depto,Departamentos 2 recámaras en Lomas de Chapultepec hasta $20M,lomas-chapultepec,depto,2,20000000,,1,25,30,25,5,85,
/marketplace?colonia=lomas-chapultepec&precio_max=30000000&recamaras_min=2&tipo=depto,Departamentos 2 recámaras en Lomas de Chapultepec hasta $30M,lomas-chapultepec,depto,2,30000000,,1,25,30,25,5,85,
/marketplace?colonia=lomas-chapultepec&precio_max=12000000&recamaras_min=2&tipo=casa,Casas 2 recámaras en Lomas de Chapultepec hasta $12M,lomas-chapultepec,casa,2,12000000,,1,25,30,25,5,85,
/marketplace?colonia=lomas-chapultepec&precio_max=15000000&recamaras_min=2&tipo=casa,Casas 2 recámaras en Lomas de Chapultepec hasta $15M,lomas-chapultepec,casa,2,15000000,,1,25,30,25,5,85,
/marketplace?colonia=lomas-chapultepec&precio_max=20000000&recamaras_min=2&tipo=casa,Casas 2 recámaras en Lomas de Chapultepec hasta $20M,lomas-chapultepec,casa,2,20000000,,1,25,30,25,5,85,
/marketplace?colonia=lomas-chapultepec&precio_max=30000000&recamaras_min=2&tipo=casa,Casas 2 recámaras en Lomas de Chapultepec hasta $30M,lomas-chapultepec,casa,2,30000000,,1,25,30,25,5,85,
/marketplace?colonia=pedregal&precio_max=15000000&recamaras_min=2&tipo=depto,Departamentos 2 recámaras en Jardines del Pedregal hasta $15M,pedregal,depto,2,15000000,,1,25,30,25,5,85,
/marketplace?colonia=pedregal&precio_max=20000000&recamaras_min=2&tipo=depto,Departamentos 2 recámaras en Jardines del Pedregal hasta $20M,pedregal,depto,2,20000000,,1,25,30,25,5,85,
/marketplace?colonia=pedregal&precio_max=30000000&recamaras_min=2&tipo=depto,Departamentos 2 recámaras en Jardines del Pedregal hasta $30M,pedregal,depto,2,30000000,,1,25,30,25,5,85,
/marketplace?colonia=pedregal&precio_max=15000000&recamaras_min=2&tipo=casa,Casas 2 recámaras en Jardines del Pedregal hasta $15M,pedregal,casa,2,15000000,,1,25,30,25,5,85,
/marketplace?colonia=pedregal&precio_max=20000000&recamaras_min=2&tipo=casa,Casas 2 recámaras en Jardines del Pedregal hasta $20M,pedregal,casa,2,20000000,,1,25,30,25,5,85,
/marketplace?colonia=pedregal&precio_max=30000000&recamaras_min=2&tipo=casa,Casas 2 recámaras en Jardines del Pedregal hasta $30M,pedregal,casa,2,30000000,,1,25,30,25,5,85,
/marketplace?colonia=polanco&recamaras_min=2&stage=entrega_inmediata,Departamentos 2 recámaras en Polanco entrega inmediata,polanco,,2,,entrega_inmediata,1,25,26,25,8,84,
/marketplace?colonia=lomas-chapultepec&recamaras_min=2&stage=entrega_inmediata,Departamentos 2 recámaras en Lomas de Chapultepec entrega inmediata,lomas-chapultepec,,2,,entrega_inmediata,1,25,26,25,8,84,
/marketplace?colonia=pedregal&recamaras_min=2&stage=entrega_inmediata,Departamentos 2 recámaras en Jardines del Pedregal entrega inmediata,pedregal,,2,,entrega_inmediata,1,25,26,25,8,84,
/marketplace?colonia=roma-norte&recamaras_min=1&stage=preventa,Departamentos 1 recámaras en Roma Norte preventa,roma-norte,,1,,preventa,2,25,28,16,15,84,
/marketplace?colonia=condesa&recamaras_min=1&stage=preventa,Departamentos 1 recámaras en Condesa preventa,condesa,,1,,preventa,2,25,28,16,15,84,
/marketplace?colonia=coyoacan-centro&recamaras_min=1&stage=preventa,Departamentos 1 recámaras en Coyoacán Centro preventa,coyoacan-centro,,1,,preventa,2,25,28,16,15,84,
/marketplace?colonia=santa-fe&recamaras_min=1&stage=preventa,Departamentos 1 recámaras en Santa Fe preventa,santa-fe,,1,,preventa,2,25,28,16,15,84,
/marketplace?colonia=napoles&recamaras_min=1&stage=preventa,Departamentos 1 recámaras en Nápoles preventa,napoles,,1,,preventa,2,25,28,16,15,84,
/marketplace?colonia=polanco&precio_max=8000000&recamaras_min=3,Departamentos 3 recámaras en Polanco hasta $8M,polanco,,3,8000000,,1,25,30,23,5,83,
/marketplace?colonia=polanco&precio_max=12000000&recamaras_min=3,Departamentos 3 recámaras en Polanco hasta $12M,polanco,,3,12000000,,1,25,30,23,5,83,
/marketplace?colonia=polanco&precio_max=15000000&recamaras_min=3,Departamentos 3 recámaras en Polanco hasta $15M,polanco,,3,15000000,,1,25,30,23,5,83,
/marketplace?colonia=polanco&precio_max=20000000&recamaras_min=3,Departamentos 3 recámaras en Polanco hasta $20M,polanco,,3,20000000,,1,25,30,23,5,83,
/marketplace?colonia=polanco&precio_max=30000000&recamaras_min=3,Departamentos 3 recámaras en Polanco hasta $30M,polanco,,3,30000000,,1,25,30,23,5,83,
/marketplace?colonia=lomas-chapultepec&precio_max=12000000&recamaras_min=3,Departamentos 3 recámaras en Lomas de Chapultepec hasta $12M,lomas-chapultepec,,3,12000000,,1,25,30,23,5,83,
/marketplace?colonia=lomas-chapultepec&precio_max=15000000&recamaras_min=3,Departamentos 3 recámaras en Lomas de Chapultepec hasta $15M,lomas-chapultepec,,3,15000000,,1,25,30,23,5,83,
/marketplace?colonia=lomas-chapultepec&precio_max=20000000&recamaras_min=3,Departamentos 3 recámaras en Lomas de Chapultepec hasta $20M,lomas-chapultepec,,3,20000000,,1,25,30,23,5,83,
/marketplace?colonia=lomas-chapultepec&precio_max=30000000&recamaras_min=3,Departamentos 3 recámaras en Lomas de Chapultepec hasta $30M,lomas-chapultepec,,3,30000000,,1,25,30,23,5,83,
/marketplace?colonia=pedregal&precio_max=15000000&recamaras_min=3,Departamentos 3 recámaras en Jardines del Pedregal hasta $15M,pedregal,,3,15000000,,1,25,30,23,5,83,
/marketplace?colonia=pedregal&precio_max=20000000&recamaras_min=3,Departamentos 3 recámaras en Jardines del Pedregal hasta $20M,pedregal,,3,20000000,,1,25,30,23,5,83,
/marketplace?colonia=pedregal&precio_max=30000000&recamaras_min=3,Departamentos 3 recámaras en Jardines del Pedregal hasta $30M,pedregal,,3,30000000,,1,25,30,23,5,83,
/marketplace?colonia=polanco&precio_max=8000000&recamaras_min=3&tipo=depto,Departamentos 3 recámaras en Polanco hasta $8M,polanco,depto,3,8000000,,1,25,30,23,5,83,
/marketplace?colonia=polanco&precio_max=12000000&recamaras_min=3&tipo=depto,Departamentos 3 recámaras en Polanco hasta $12M,polanco,depto,3,12000000,,1,25,30,23,5,83,
/marketplace?colonia=polanco&precio_max=15000000&recamaras_min=3&tipo=depto,Departamentos 3 recámaras en Polanco hasta $15M,polanco,depto,3,15000000,,1,25,30,23,5,83,
/marketplace?colonia=polanco&precio_max=20000000&recamaras_min=3&tipo=depto,Departamentos 3 recámaras en Polanco hasta $20M,polanco,depto,3,20000000,,1,25,30,23,5,83,
/marketplace?colonia=polanco&precio_max=30000000&recamaras_min=3&tipo=depto,Departamentos 3 recámaras en Polanco hasta $30M,polanco,depto,3,30000000,,1,25,30,23,5,83,
/marketplace?colonia=lomas-chapultepec&precio_max=12000000&recamaras_min=3&tipo=depto,Departamentos 3 recámaras en Lomas de Chapultepec hasta $12M,lomas-chapultepec,depto,3,12000000,,1,25,30,23,5,83,
/marketplace?colonia=lomas-chapultepec&precio_max=15000000&recamaras_min=3&tipo=depto,Departamentos 3 recámaras en Lomas de Chapultepec hasta $15M,lomas-chapultepec,depto,3,15000000,,1,25,30,23,5,83,
/marketplace?colonia=lomas-chapultepec&precio_max=20000000&recamaras_min=3&tipo=depto,Departamentos 3 recámaras en Lomas de Chapultepec hasta $20M,lomas-chapultepec,depto,3,20000000,,1,25,30,23,5,83,
/marketplace?colonia=lomas-chapultepec&precio_max=30000000&recamaras_min=3&tipo=depto,Departamentos 3 recámaras en Lomas de Chapultepec hasta $30M,lomas-chapultepec,depto,3,30000000,,1,25,30,23,5,83,
/marketplace?colonia=lomas-chapultepec&precio_max=12000000&recamaras_min=3&tipo=casa,Casas 3 recámaras en Lomas de Chapultepec hasta $12M,lomas-chapultepec,casa,3,12000000,,1,25,30,23,5,83,
/marketplace?colonia=lomas-chapultepec&precio_max=15000000&recamaras_min=3&tipo=casa,Casas 3 recámaras en Lomas de Chapultepec hasta $15M,lomas-chapultepec,casa,3,15000000,,1,25,30,23,5,83,
/marketplace?colonia=lomas-chapultepec&precio_max=20000000&recamaras_min=3&tipo=casa,Casas 3 recámaras en Lomas de Chapultepec hasta $20M,lomas-chapultepec,casa,3,20000000,,1,25,30,23,5,83,
/marketplace?colonia=lomas-chapultepec&precio_max=30000000&recamaras_min=3&tipo=casa,Casas 3 recámaras en Lomas de Chapultepec hasta $30M,lomas-chapultepec,casa,3,30000000,,1,25,30,23,5,83,
/marketplace?colonia=pedregal&precio_max=15000000&recamaras_min=3&tipo=depto,Departamentos 3 recámaras en Jardines del Pedregal hasta $15M,pedregal,depto,3,15000000,,1,25,30,23,5,83,
/marketplace?colonia=pedregal&precio_max=20000000&recamaras_min=3&tipo=depto,Departamentos 3 recámaras en Jardines del Pedregal hasta $20M,pedregal,depto,3,20000000,,1,25,30,23,5,83,
/marketplace?colonia=pedregal&precio_max=30000000&recamaras_min=3&tipo=depto,Departamentos 3 recámaras en Jardines del Pedregal hasta $30M,pedregal,depto,3,30000000,,1,25,30,23,5,83,
/marketplace?colonia=pedregal&precio_max=15000000&recamaras_min=3&tipo=casa,Casas 3 recámaras en Jardines del Pedregal hasta $15M,pedregal,casa,3,15000000,,1,25,30,23,5,83,
/marketplace?colonia=pedregal&precio_max=20000000&recamaras_min=3&tipo=casa,Casas 3 recámaras en Jardines del Pedregal hasta $20M,pedregal,casa,3,20000000,,1,25,30,23,5,83,
/marketplace?colonia=pedregal&precio_max=30000000&recamaras_min=3&tipo=casa,Casas 3 recámaras en Jardines del Pedregal hasta $30M,pedregal,casa,3,30000000,,1,25,30,23,5,83,
/marketplace?colonia=roma-norte&recamaras_min=4&stage=preventa,Departamentos 4 recámaras en Roma Norte preventa,roma-norte,,4,,preventa,2,25,28,15,15,83,
/marketplace?colonia=condesa&recamaras_min=4&stage=preventa,Departamentos 4 recámaras en Condesa preventa,condesa,,4,,preventa,2,25,28,15,15,83,
/marketplace?colonia=coyoacan-centro&recamaras_min=4&stage=preventa,Departamentos 4 recámaras en Coyoacán Centro preventa,coyoacan-centro,,4,,preventa,2,25,28,15,15,83,
/marketplace?colonia=santa-fe&recamaras_min=4&stage=preventa,Departamentos 4 recámaras en Santa Fe preventa,santa-fe,,4,,preventa,2,25,28,15,15,83,
/marketplace?colonia=napoles&recamaras_min=4&stage=preventa,Departamentos 4 recámaras en Nápoles preventa,napoles,,4,,preventa,2,25,28,15,15,83,
/marketplace?colonia=juarez&recamaras_min=2&stage=preventa,Departamentos 2 recámaras en Juárez preventa,juarez,,2,,preventa,3,25,28,15,15,83,
/marketplace?colonia=cuauhtemoc&recamaras_min=2&stage=preventa,Departamentos 2 recámaras en Cuauhtémoc preventa,cuauhtemoc,,2,,preventa,3,25,28,15,15,83,
/marketplace?colonia=del-valle-centro&recamaras_min=2&stage=preventa,Departamentos 2 recámaras en Del Valle Centro preventa,del-valle-centro,,2,,preventa,3,25,28,15,15,83,
/marketplace?colonia=narvarte&recamaras_min=2&stage=preventa,Departamentos 2 recámaras en Narvarte Poniente preventa,narvarte,,2,,preventa,3,25,28,15,15,83,
/marketplace?colonia=escandon&recamaras_min=2&stage=preventa,Departamentos 2 recámaras en Escandón preventa,escandon,,2,,preventa,3,25,28,15,15,83,
/marketplace?colonia=anzures&recamaras_min=2&stage=preventa,Departamentos 2 recámaras en Anzures preventa,anzures,,2,,preventa,3,25,28,15,15,83,
/marketplace?colonia=roma-sur&recamaras_min=2&stage=preventa,Departamentos 2 recámaras en Roma Sur preventa,roma-sur,,2,,preventa,3,25,28,15,15,83,
/marketplace?colonia=polanco&stage=preventa,Departamentos en Polanco preventa,polanco,,,,preventa,1,25,20,22,15,82,
/marketplace?colonia=lomas-chapultepec&stage=preventa,Departamentos en Lomas de Chapultepec preventa,lomas-chapultepec,,,,preventa,1,25,20,22,15,82,
/marketplace?colonia=pedregal&stage=preventa,Departamentos en Jardines del Pedregal preventa,pedregal,,,,preventa,1,25,20,22,15,82,
/marketplace?colonia=polanco&recamaras_min=3&stage=entrega_inmediata,Departamentos 3 recámaras en Polanco entrega inmediata,polanco,,3,,entrega_inmediata,1,25,26,23,8,82,
/marketplace?colonia=lomas-chapultepec&recamaras_min=3&stage=entrega_inmediata,Departamentos 3 recámaras en Lomas de Chapultepec entrega inmediata,lomas-chapultepec,,3,,entrega_inmediata,1,25,26,23,8,82,
/marketplace?colonia=pedregal&recamaras_min=3&stage=entrega_inmediata,Departamentos 3 recámaras en Jardines del Pedregal entrega inmediata,pedregal,,3,,entrega_inmediata,1,25,26,23,8,82,
/marketplace?colonia=roma-norte&precio_max=3000000&recamaras_min=2,Departamentos 2 recámaras en Roma Norte hasta $3M,roma-norte,,2,3000000,,2,25,30,21,5,81,
/marketplace?colonia=roma-norte&precio_max=5000000&recamaras_min=2,Departamentos 2 recámaras en Roma Norte hasta $5M,roma-norte,,2,5000000,,2,25,30,21,5,81,
/marketplace?colonia=roma-norte&precio_max=8000000&recamaras_min=2,Departamentos 2 recámaras en Roma Norte hasta $8M,roma-norte,,2,8000000,,2,25,30,21,5,81,
/marketplace?colonia=roma-norte&precio_max=12000000&recamaras_min=2,Departamentos 2 recámaras en Roma Norte hasta $12M,roma-norte,,2,12000000,,2,25,30,21,5,81,
/marketplace?colonia=roma-norte&precio_max=15000000&recamaras_min=2,Departamentos 2 recámaras en Roma Norte hasta $15M,roma-norte,,2,15000000,,2,25,30,21,5,81,
/marketplace?colonia=roma-norte&precio_max=20000000&recamaras_min=2,Departamentos 2 recámaras en Roma Norte hasta $20M,roma-norte,,2,20000000,,2,25,30,21,5,81,
/marketplace?colonia=roma-norte&precio_max=30000000&recamaras_min=2,Departamentos 2 recámaras en Roma Norte hasta $30M,roma-norte,,2,30000000,,2,25,30,21,5,81,
/marketplace?colonia=condesa&precio_max=5000000&recamaras_min=2,Departamentos 2 recámaras en Condesa hasta $5M,condesa,,2,5000000,,2,25,30,21,5,81,
/marketplace?colonia=condesa&precio_max=8000000&recamaras_min=2,Departamentos 2 recámaras en Condesa hasta $8M,condesa,,2,8000000,,2,25,30,21,5,81,
/marketplace?colonia=condesa&precio_max=12000000&recamaras_min=2,Departamentos 2 recámaras en Condesa hasta $12M,condesa,,2,12000000,,2,25,30,21,5,81,
/marketplace?colonia=condesa&precio_max=15000000&recamaras_min=2,Departamentos 2 recámaras en Condesa hasta $15M,condesa,,2,15000000,,2,25,30,21,5,81,
/marketplace?colonia=condesa&precio_max=20000000&recamaras_min=2,Departamentos 2 recámaras en Condesa hasta $20M,condesa,,2,20000000,,2,25,30,21,5,81,
/marketplace?colonia=condesa&precio_max=30000000&recamaras_min=2,Departamentos 2 recámaras en Condesa hasta $30M,condesa,,2,30000000,,2,25,30,21,5,81,
/marketplace?colonia=coyoacan-centro&precio_max=3000000&recamaras_min=2,Departamentos 2 recámaras en Coyoacán Centro hasta $3M,coyoacan-centro,,2,3000000,,2,25,30,21,5,81,
/marketplace?colonia=coyoacan-centro&precio_max=5000000&recamaras_min=2,Departamentos 2 recámaras en Coyoacán Centro hasta $5M,coyoacan-centro,,2,5000000,,2,25,30,21,5,81,
/marketplace?colonia=coyoacan-centro&precio_max=8000000&recamaras_min=2,Departamentos 2 recámaras en Coyoacán Centro hasta $8M,coyoacan-centro,,2,8000000,,2,25,30,21,5,81,
/marketplace?colonia=coyoacan-centro&precio_max=12000000&recamaras_min=2,Departamentos 2 recámaras en Coyoacán Centro hasta $12M,coyoacan-centro,,2,12000000,,2,25,30,21,5,81,
/marketplace?colonia=coyoacan-centro&precio_max=15000000&recamaras_min=2,Departamentos 2 recámaras en Coyoacán Centro hasta $15M,coyoacan-centro,,2,15000000,,2,25,30,21,5,81,
/marketplace?colonia=coyoacan-centro&precio_max=20000000&recamaras_min=2,Departamentos 2 recámaras en Coyoacán Centro hasta $20M,coyoacan-centro,,2,20000000,,2,25,30,21,5,81,
/marketplace?colonia=coyoacan-centro&precio_max=30000000&recamaras_min=2,Departamentos 2 recámaras en Coyoacán Centro hasta $30M,coyoacan-centro,,2,30000000,,2,25,30,21,5,81,
/marketplace?colonia=santa-fe&precio_max=5000000&recamaras_min=2,Departamentos 2 recámaras en Santa Fe hasta $5M,santa-fe,,2,5000000,,2,25,30,21,5,81,
/marketplace?colonia=santa-fe&precio_max=8000000&recamaras_min=2,Departamentos 2 recámaras en Santa Fe hasta $8M,santa-fe,,2,8000000,,2,25,30,21,5,81,
/marketplace?colonia=santa-fe&precio_max=12000000&recamaras_min=2,Departamentos 2 recámaras en Santa Fe hasta $12M,santa-fe,,2,12000000,,2,25,30,21,5,81,
/marketplace?colonia=santa-fe&precio_max=15000000&recamaras_min=2,Departamentos 2 recámaras en Santa Fe hasta $15M,santa-fe,,2,15000000,,2,25,30,21,5,81,
/marketplace?colonia=santa-fe&precio_max=20000000&recamaras_min=2,Departamentos 2 recámaras en Santa Fe hasta $20M,santa-fe,,2,20000000,,2,25,30,21,5,81,
/marketplace?colonia=santa-fe&precio_max=30000000&recamaras_min=2,Departamentos 2 recámaras en Santa Fe hasta $30M,santa-fe,,2,30000000,,2,25,30,21,5,81,
/marketplace?colonia=napoles&precio_max=3000000&recamaras_min=2,Departamentos 2 recámaras en Nápoles hasta $3M,napoles,,2,3000000,,2,25,30,21,5,81,
/marketplace?colonia=napoles&precio_max=5000000&recamaras_min=2,Departamentos 2 recámaras en Nápoles hasta $5M,napoles,,2,5000000,,2,25,30,21,5,81,
/marketplace?colonia=napoles&precio_max=8000000&recamaras_min=2,Departamentos 2 recámaras en Nápoles hasta $8M,napoles,,2,8000000,,2,25,30,21,5,81,
/marketplace?colonia=napoles&precio_max=12000000&recamaras_min=2,Departamentos 2 recámaras en Nápoles hasta $12M,napoles,,2,12000000,,2,25,30,21,5,81,
/marketplace?colonia=napoles&precio_max=15000000&recamaras_min=2,Departamentos 2 recámaras en Nápoles hasta $15M,napoles,,2,15000000,,2,25,30,21,5,81,
/marketplace?colonia=napoles&precio_max=20000000&recamaras_min=2,Departamentos 2 recámaras en Nápoles hasta $20M,napoles,,2,20000000,,2,25,30,21,5,81,
/marketplace?colonia=roma-norte&precio_max=3000000&recamaras_min=2&tipo=depto,Departamentos 2 recámaras en Roma Norte hasta $3M,roma-norte,depto,2,3000000,,2,25,30,21,5,81,
/marketplace?colonia=roma-norte&precio_max=5000000&recamaras_min=2&tipo=depto,Departamentos 2 recámaras en Roma Norte hasta $5M,roma-norte,depto,2,5000000,,2,25,30,21,5,81,
/marketplace?colonia=roma-norte&precio_max=8000000&recamaras_min=2&tipo=depto,Departamentos 2 recámaras en Roma Norte hasta $8M,roma-norte,depto,2,8000000,,2,25,30,21,5,81,
/marketplace?colonia=roma-norte&precio_max=12000000&recamaras_min=2&tipo=depto,Departamentos 2 recámaras en Roma Norte hasta $12M,roma-norte,depto,2,12000000,,2,25,30,21,5,81,
/marketplace?colonia=roma-norte&precio_max=15000000&recamaras_min=2&tipo=depto,Departamentos 2 recámaras en Roma Norte hasta $15M,roma-norte,depto,2,15000000,,2,25,30,21,5,81,
/marketplace?colonia=roma-norte&precio_max=20000000&recamaras_min=2&tipo=depto,Departamentos 2 recámaras en Roma Norte hasta $20M,roma-norte,depto,2,20000000,,2,25,30,21,5,81,
/marketplace?colonia=roma-norte&precio_max=30000000&recamaras_min=2&tipo=depto,Departamentos 2 recámaras en Roma Norte hasta $30M,roma-norte,depto,2,30000000,,2,25,30,21,5,81,
/marketplace?colonia=roma-norte&precio_max=3000000&recamaras_min=2&tipo=loft,Lofts 2 recámaras en Roma Norte hasta $3M,roma-norte,loft,2,3000000,,2,25,30,21,5,81,
/marketplace?colonia=roma-norte&precio_max=5000000&recamaras_min=2&tipo=loft,Lofts 2 recámaras en Roma Norte hasta $5M,roma-norte,loft,2,5000000,,2,25,30,21,5,81,
/marketplace?colonia=roma-norte&precio_max=8000000&recamaras_min=2&tipo=loft,Lofts 2 recámaras en Roma Norte hasta $8M,roma-norte,loft,2,8000000,,2,25,30,21,5,81,
/marketplace?colonia=roma-norte&precio_max=12000000&recamaras_min=2&tipo=loft,Lofts 2 recámaras en Roma Norte hasta $12M,roma-norte,loft,2,12000000,,2,25,30,21,5,81,
/marketplace?colonia=roma-norte&precio_max=15000000&recamaras_min=2&tipo=loft,Lofts 2 recámaras en Roma Norte hasta $15M,roma-norte,loft,2,15000000,,2,25,30,21,5,81,
/marketplace?colonia=roma-norte&precio_max=20000000&recamaras_min=2&tipo=loft,Lofts 2 recámaras en Roma Norte hasta $20M,roma-norte,loft,2,20000000,,2,25,30,21,5,81,
/marketplace?colonia=roma-norte&precio_max=30000000&recamaras_min=2&tipo=loft,Lofts 2 recámaras en Roma Norte hasta $30M,roma-norte,loft,2,30000000,,2,25,30,21,5,81,
/marketplace?colonia=condesa&precio_max=5000000&recamaras_min=2&tipo=depto,Departamentos 2 recámaras en Condesa hasta $5M,condesa,depto,2,5000000,,2,25,30,21,5,81,
/marketplace?colonia=condesa&precio_max=8000000&recamaras_min=2&tipo=depto,Departamentos 2 recámaras en Condesa hasta $8M,condesa,depto,2,8000000,,2,25,30,21,5,81,
/marketplace?colonia=condesa&precio_max=12000000&recamaras_min=2&tipo=depto,Departamentos 2 recámaras en Condesa hasta $12M,condesa,depto,2,12000000,,2,25,30,21,5,81,
/marketplace?colonia=condesa&precio_max=15000000&recamaras_min=2&tipo=depto,Departamentos 2 recámaras en Condesa hasta $15M,condesa,depto,2,15000000,,2,25,30,21,5,81,
/marketplace?colonia=condesa&precio_max=20000000&recamaras_min=2&tipo=depto,Departamentos 2 recámaras en Condesa hasta $20M,condesa,depto,2,20000000,,2,25,30,21,5,81,
/marketplace?colonia=condesa&precio_max=30000000&recamaras_min=2&tipo=depto,Departamentos 2 recámaras en Condesa hasta $30M,condesa,depto,2,30000000,,2,25,30,21,5,81,
/marketplace?colonia=condesa&precio_max=5000000&recamaras_min=2&tipo=loft,Lofts 2 recámaras en Condesa hasta $5M,condesa,loft,2,5000000,,2,25,30,21,5,81,
/marketplace?colonia=condesa&precio_max=8000000&recamaras_min=2&tipo=loft,Lofts 2 recámaras en Condesa hasta $8M,condesa,loft,2,8000000,,2,25,30,21,5,81,
/marketplace?colonia=condesa&precio_max=12000000&recamaras_min=2&tipo=loft,Lofts 2 recámaras en Condesa hasta $12M,condesa,loft,2,12000000,,2,25,30,21,5,81,
/marketplace?colonia=condesa&precio_max=15000000&recamaras_min=2&tipo=loft,Lofts 2 recámaras en Condesa hasta $15M,condesa,loft,2,15000000,,2,25,30,21,5,81,
/marketplace?colonia=condesa&precio_max=20000000&recamaras_min=2&tipo=loft,Lofts 2 recámaras en Condesa hasta $20M,condesa,loft,2,20000000,,2,25,30,21,5,81,
/marketplace?colonia=condesa&precio_max=30000000&recamaras_min=2&tipo=loft,Lofts 2 recámaras en Condesa hasta $30M,condesa,loft,2,30000000,,2,25,30,21,5,81,
/marketplace?colonia=coyoacan-centro&precio_max=3000000&recamaras_min=2&tipo=depto,Departamentos 2 recámaras en Coyoacán Centro hasta $3M,coyoacan-centro,depto,2,3000000,,2,25,30,21,5,81,
/marketplace?colonia=coyoacan-centro&precio_max=5000000&recamaras_min=2&tipo=depto,Departamentos 2 recámaras en Coyoacán Centro hasta $5M,coyoacan-centro,depto,2,5000000,,2,25,30,21,5,81,
/marketplace?colonia=coyoacan-centro&precio_max=8000000&recamaras_min=2&tipo=depto,Departamentos 2 recámaras en Coyoacán Centro hasta $8M,coyoacan-centro,depto,2,8000000,,2,25,30,21,5,81,
/marketplace?colonia=coyoacan-centro&precio_max=12000000&recamaras_min=2&tipo=depto,Departamentos 2 recámaras en Coyoacán Centro hasta $12M,coyoacan-centro,depto,2,12000000,,2,25,30,21,5,81,
/marketplace?colonia=coyoacan-centro&precio_max=15000000&recamaras_min=2&tipo=depto,Departamentos 2 recámaras en Coyoacán Centro hasta $15M,coyoacan-centro,depto,2,15000000,,2,25,30,21,5,81,
/marketplace?colonia=coyoacan-centro&precio_max=20000000&recamaras_min=2&tipo=depto,Departamentos 2 recámaras en Coyoacán Centro hasta $20M,coyoacan-centro,depto,2,20000000,,2,25,30,21,5,81,
/marketplace?colonia=coyoacan-centro&precio_max=30000000&recamaras_min=2&tipo=depto,Departamentos 2 recámaras en Coyoacán Centro hasta $30M,coyoacan-centro,depto,2,30000000,,2,25,30,21,5,81,
/marketplace?colonia=coyoacan-centro&precio_max=3000000&recamaras_min=2&tipo=casa,Casas 2 recámaras en Coyoacán Centro hasta $3M,coyoacan-centro,casa,2,3000000,,2,25,30,21,5,81,
/marketplace?colonia=coyoacan-centro&precio_max=5000000&recamaras_min=2&tipo=casa,Casas 2 recámaras en Coyoacán Centro hasta $5M,coyoacan-centro,casa,2,5000000,,2,25,30,21,5,81,
/marketplace?colonia=coyoacan-centro&precio_max=8000000&recamaras_min=2&tipo=casa,Casas 2 recámaras en Coyoacán Centro hasta $8M,coyoacan-centro,casa,2,8000000,,2,25,30,21,5,81,
/marketplace?colonia=coyoacan-centro&precio_max=12000000&recamaras_min=2&tipo=casa,Casas 2 recámaras en Coyoacán Centro hasta $12M,coyoacan-centro,casa,2,12000000,,2,25,30,21,5,81,
/marketplace?colonia=coyoacan-centro&precio_max=15000000&recamaras_min=2&tipo=casa,Casas 2 recámaras en Coyoacán Centro hasta $15M,coyoacan-centro,casa,2,15000000,,2,25,30,21,5,81,
/marketplace?colonia=coyoacan-centro&precio_max=20000000&recamaras_min=2&tipo=casa,Casas 2 recámaras en Coyoacán Centro hasta $20M,coyoacan-centro,casa,2,20000000,,2,25,30,21,5,81,
/marketplace?colonia=coyoacan-centro&precio_max=30000000&recamaras_min=2&tipo=casa,Casas 2 recámaras en Coyoacán Centro hasta $30M,coyoacan-centro,casa,2,30000000,,2,25,30,21,5,81,
/marketplace?colonia=santa-fe&precio_max=5000000&recamaras_min=2&tipo=depto,Departamentos 2 recámaras en Santa Fe hasta $5M,santa-fe,depto,2,5000000,,2,25,30,21,5,81,
/marketplace?colonia=santa-fe&precio_max=8000000&recamaras_min=2&tipo=depto,Departamentos 2 recámaras en Santa Fe hasta $8M,santa-fe,depto,2,8000000,,2,25,30,21,5,81,
/marketplace?colonia=santa-fe&precio_max=12000000&recamaras_min=2&tipo=depto,Departamentos 2 recámaras en Santa Fe hasta $12M,santa-fe,depto,2,12000000,,2,25,30,21,5,81,
/marketplace?colonia=santa-fe&precio_max=15000000&recamaras_min=2&tipo=depto,Departamentos 2 recámaras en Santa Fe hasta $15M,santa-fe,depto,2,15000000,,2,25,30,21,5,81,
/marketplace?colonia=santa-fe&precio_max=20000000&recamaras_min=2&tipo=depto,Departamentos 2 recámaras en Santa Fe hasta $20M,santa-fe,depto,2,20000000,,2,25,30,21,5,81,
/marketplace?colonia=santa-fe&precio_max=30000000&recamaras_min=2&tipo=depto,Departamentos 2 recámaras en Santa Fe hasta $30M,santa-fe,depto,2,30000000,,2,25,30,21,5,81,
/marketplace?colonia=napoles&precio_max=3000000&recamaras_min=2&tipo=depto,Departamentos 2 recámaras en Nápoles hasta $3M,napoles,depto,2,3000000,,2,25,30,21,5,81,
/marketplace?colonia=napoles&precio_max=5000000&recamaras_min=2&tipo=depto,Departamentos 2 recámaras en Nápoles hasta $5M,napoles,depto,2,5000000,,2,25,30,21,5,81,
/marketplace?colonia=napoles&precio_max=8000000&recamaras_min=2&tipo=depto,Departamentos 2 recámaras en Nápoles hasta $8M,napoles,depto,2,8000000,,2,25,30,21,5,81,
/marketplace?colonia=napoles&precio_max=12000000&recamaras_min=2&tipo=depto,Departamentos 2 recámaras en Nápoles hasta $12M,napoles,depto,2,12000000,,2,25,30,21,5,81,
/marketplace?colonia=napoles&precio_max=15000000&recamaras_min=2&tipo=depto,Departamentos 2 recámaras en Nápoles hasta $15M,napoles,depto,2,15000000,,2,25,30,21,5,81,
/marketplace?colonia=napoles&precio_max=20000000&recamaras_min=2&tipo=depto,Departamentos 2 recámaras en Nápoles hasta $20M,napoles,depto,2,20000000,,2,25,30,21,5,81,
/marketplace?colonia=juarez&recamaras_min=3&stage=preventa,Departamentos 3 recámaras en Juárez preventa,juarez,,3,,preventa,3,25,28,13,15,81,
/marketplace?colonia=cuauhtemoc&recamaras_min=3&stage=preventa,Departamentos 3 recámaras en Cuauhtémoc preventa,cuauhtemoc,,3,,preventa,3,25,28,13,15,81,
/marketplace?colonia=del-valle-centro&recamaras_min=3&stage=preventa,Departamentos 3 recámaras en Del Valle Centro preventa,del-valle-centro,,3,,preventa,3,25,28,13,15,81,
/marketplace?colonia=narvarte&recamaras_min=3&stage=preventa,Departamentos 3 recámaras en Narvarte Poniente preventa,narvarte,,3,,preventa,3,25,28,13,15,81,
/marketplace?colonia=escandon&recamaras_min=3&stage=preventa,Departamentos 3 recámaras en Escandón preventa,escandon,,3,,preventa,3,25,28,13,15,81,
/marketplace?colonia=anzures&recamaras_min=3&stage=preventa,Departamentos 3 recámaras en Anzures preventa,anzures,,3,,preventa,3,25,28,13,15,81,
/marketplace?colonia=roma-sur&recamaras_min=3&stage=preventa,Departamentos 3 recámaras en Roma Sur preventa,roma-sur,,3,,preventa,3,25,28,13,15,81,
/marketplace?colonia=polanco&recamaras_min=1&stage=preventa,Departamentos 1 recámaras en Polanco preventa,polanco,,1,,preventa,1,17,28,20,15,80,
/marketplace?colonia=lomas-chapultepec&recamaras_min=1&stage=preventa,Departamentos 1 recámaras en Lomas de Chapultepec preventa,lomas-chapultepec,,1,,preventa,1,17,28,20,15,80,
/marketplace?colonia=pedregal&recamaras_min=1&stage=preventa,Departamentos 1 recámaras en Jardines del Pedregal preventa,pedregal,,1,,preventa,1,17,28,20,15,80,
/marketplace?colonia=roma-norte&recamaras_min=2&stage=entrega_inmediata,Departamentos 2 recámaras en Roma Norte entrega inmediata,roma-norte,,2,,entrega_inmediata,2,25,26,21,8,80,
/marketplace?colonia=condesa&recamaras_min=2&stage=entrega_inmediata,Departamentos 2 recámaras en Condesa entrega inmediata,condesa,,2,,entrega_inmediata,2,25,26,21,8,80,
/marketplace?colonia=coyoacan-centro&recamaras_min=2&stage=entrega_inmediata,Departamentos 2 recámaras en Coyoacán Centro entrega inmediata,coyoacan-centro,,2,,entrega_inmediata,2,25,26,21,8,80,
/marketplace?colonia=santa-fe&recamaras_min=2&stage=entrega_inmediata,Departamentos 2 recámaras en Santa Fe entrega inmediata,santa-fe,,2,,entrega_inmediata,2,25,26,21,8,80,
/marketplace?colonia=napoles&recamaras_min=2&stage=entrega_inmediata,Departamentos 2 recámaras en Nápoles entrega inmediata,napoles,,2,,entrega_inmediata,2,25,26,21,8,80,
/marketplace?colonia=polanco&precio_max=8000000&recamaras_min=4,Departamentos 4 recámaras en Polanco hasta $8M,polanco,,4,8000000,,1,25,30,19,5,79,
/marketplace?colonia=polanco&precio_max=12000000&recamaras_min=4,Departamentos 4 recámaras en Polanco hasta $12M,polanco,,4,12000000,,1,25,30,19,5,79,
/marketplace?colonia=polanco&precio_max=15000000&recamaras_min=4,Departamentos 4 recámaras en Polanco hasta $15M,polanco,,4,15000000,,1,25,30,19,5,79,
/marketplace?colonia=polanco&precio_max=20000000&recamaras_min=4,Departamentos 4 recámaras en Polanco hasta $20M,polanco,,4,20000000,,1,25,30,19,5,79,
/marketplace?colonia=polanco&precio_max=30000000&recamaras_min=4,Departamentos 4 recámaras en Polanco hasta $30M,polanco,,4,30000000,,1,25,30,19,5,79,
/marketplace?colonia=lomas-chapultepec&precio_max=12000000&recamaras_min=4,Departamentos 4 recámaras en Lomas de Chapultepec hasta $12M,lomas-chapultepec,,4,12000000,,1,25,30,19,5,79,
/marketplace?colonia=lomas-chapultepec&precio_max=15000000&recamaras_min=4,Departamentos 4 recámaras en Lomas de Chapultepec hasta $15M,lomas-chapultepec,,4,15000000,,1,25,30,19,5,79,
/marketplace?colonia=lomas-chapultepec&precio_max=20000000&recamaras_min=4,Departamentos 4 recámaras en Lomas de Chapultepec hasta $20M,lomas-chapultepec,,4,20000000,,1,25,30,19,5,79,
/marketplace?colonia=lomas-chapultepec&precio_max=30000000&recamaras_min=4,Departamentos 4 recámaras en Lomas de Chapultepec hasta $30M,lomas-chapultepec,,4,30000000,,1,25,30,19,5,79,
/marketplace?colonia=pedregal&precio_max=15000000&recamaras_min=4,Departamentos 4 recámaras en Jardines del Pedregal hasta $15M,pedregal,,4,15000000,,1,25,30,19,5,79,
/marketplace?colonia=pedregal&precio_max=20000000&recamaras_min=4,Departamentos 4 recámaras en Jardines del Pedregal hasta $20M,pedregal,,4,20000000,,1,25,30,19,5,79,
/marketplace?colonia=pedregal&precio_max=30000000&recamaras_min=4,Departamentos 4 recámaras en Jardines del Pedregal hasta $30M,pedregal,,4,30000000,,1,25,30,19,5,79,
/marketplace?colonia=roma-norte&precio_max=3000000&recamaras_min=3,Departamentos 3 recámaras en Roma Norte hasta $3M,roma-norte,,3,3000000,,2,25,30,19,5,79,
/marketplace?colonia=roma-norte&precio_max=5000000&recamaras_min=3,Departamentos 3 recámaras en Roma Norte hasta $5M,roma-norte,,3,5000000,,2,25,30,19,5,79,
/marketplace?colonia=roma-norte&precio_max=8000000&recamaras_min=3,Departamentos 3 recámaras en Roma Norte hasta $8M,roma-norte,,3,8000000,,2,25,30,19,5,79,
/marketplace?colonia=roma-norte&precio_max=12000000&recamaras_min=3,Departamentos 3 recámaras en Roma Norte hasta $12M,roma-norte,,3,12000000,,2,25,30,19,5,79,
/marketplace?colonia=roma-norte&precio_max=15000000&recamaras_min=3,Departamentos 3 recámaras en Roma Norte hasta $15M,roma-norte,,3,15000000,,2,25,30,19,5,79,
/marketplace?colonia=roma-norte&precio_max=20000000&recamaras_min=3,Departamentos 3 recámaras en Roma Norte hasta $20M,roma-norte,,3,20000000,,2,25,30,19,5,79,
/marketplace?colonia=roma-norte&precio_max=30000000&recamaras_min=3,Departamentos 3 recámaras en Roma Norte hasta $30M,roma-norte,,3,30000000,,2,25,30,19,5,79,
/marketplace?colonia=condesa&precio_max=5000000&recamaras_min=3,Departamentos 3 recámaras en Condesa hasta $5M,condesa,,3,5000000,,2,25,30,19,5,79,
/marketplace?colonia=condesa&precio_max=8000000&recamaras_min=3,Departamentos 3 recámaras en Condesa hasta $8M,condesa,,3,8000000,,2,25,30,19,5,79,
/marketplace?colonia=condesa&precio_max=12000000&recamaras_min=3,Departamentos 3 recámaras en Condesa hasta $12M,condesa,,3,12000000,,2,25,30,19,5,79,
/marketplace?colonia=condesa&precio_max=15000000&recamaras_min=3,Departamentos 3 recámaras en Condesa hasta $15M,condesa,,3,15000000,,2,25,30,19,5,79,
/marketplace?colonia=condesa&precio_max=20000000&recamaras_min=3,Departamentos 3 recámaras en Condesa hasta $20M,condesa,,3,20000000,,2,25,30,19,5,79,
/marketplace?colonia=condesa&precio_max=30000000&recamaras_min=3,Departamentos 3 recámaras en Condesa hasta $30M,condesa,,3,30000000,,2,25,30,19,5,79,
/marketplace?colonia=coyoacan-centro&precio_max=3000000&recamaras_min=3,Departamentos 3 recámaras en Coyoacán Centro hasta $3M,coyoacan-centro,,3,3000000,,2,25,30,19,5,79,
/marketplace?colonia=coyoacan-centro&precio_max=5000000&recamaras_min=3,Departamentos 3 recámaras en Coyoacán Centro hasta $5M,coyoacan-centro,,3,5000000,,2,25,30,19,5,79,
/marketplace?colonia=coyoacan-centro&precio_max=8000000&recamaras_min=3,Departamentos 3 recámaras en Coyoacán Centro hasta $8M,coyoacan-centro,,3,8000000,,2,25,30,19,5,79,
/marketplace?colonia=coyoacan-centro&precio_max=12000000&recamaras_min=3,Departamentos 3 recámaras en Coyoacán Centro hasta $12M,coyoacan-centro,,3,12000000,,2,25,30,19,5,79,
/marketplace?colonia=coyoacan-centro&precio_max=15000000&recamaras_min=3,Departamentos 3 recámaras en Coyoacán Centro hasta $15M,coyoacan-centro,,3,15000000,,2,25,30,19,5,79,
/marketplace?colonia=coyoacan-centro&precio_max=20000000&recamaras_min=3,Departamentos 3 recámaras en Coyoacán Centro hasta $20M,coyoacan-centro,,3,20000000,,2,25,30,19,5,79,
/marketplace?colonia=coyoacan-centro&precio_max=30000000&recamaras_min=3,Departamentos 3 recámaras en Coyoacán Centro hasta $30M,coyoacan-centro,,3,30000000,,2,25,30,19,5,79,
/marketplace?colonia=santa-fe&precio_max=5000000&recamaras_min=3,Departamentos 3 recámaras en Santa Fe hasta $5M,santa-fe,,3,5000000,,2,25,30,19,5,79,
/marketplace?colonia=santa-fe&precio_max=8000000&recamaras_min=3,Departamentos 3 recámaras en Santa Fe hasta $8M,santa-fe,,3,8000000,,2,25,30,19,5,79,
/marketplace?colonia=santa-fe&precio_max=12000000&recamaras_min=3,Departamentos 3 recámaras en Santa Fe hasta $12M,santa-fe,,3,12000000,,2,25,30,19,5,79,
/marketplace?colonia=santa-fe&precio_max=15000000&recamaras_min=3,Departamentos 3 recámaras en Santa Fe hasta $15M,santa-fe,,3,15000000,,2,25,30,19,5,79,
/marketplace?colonia=santa-fe&precio_max=20000000&recamaras_min=3,Departamentos 3 recámaras en Santa Fe hasta $20M,santa-fe,,3,20000000,,2,25,30,19,5,79,
/marketplace?colonia=santa-fe&precio_max=30000000&recamaras_min=3,Departamentos 3 recámaras en Santa Fe hasta $30M,santa-fe,,3,30000000,,2,25,30,19,5,79,
/marketplace?colonia=napoles&precio_max=3000000&recamaras_min=3,Departamentos 3 recámaras en Nápoles hasta $3M,napoles,,3,3000000,,2,25,30,19,5,79,
/marketplace?colonia=napoles&precio_max=5000000&recamaras_min=3,Departamentos 3 recámaras en Nápoles hasta $5M,napoles,,3,5000000,,2,25,30,19,5,79,
/marketplace?colonia=napoles&precio_max=8000000&recamaras_min=3,Departamentos 3 recámaras en Nápoles hasta $8M,napoles,,3,8000000,,2,25,30,19,5,79,
/marketplace?colonia=napoles&precio_max=12000000&recamaras_min=3,Departamentos 3 recámaras en Nápoles hasta $12M,napoles,,3,12000000,,2,25,30,19,5,79,
/marketplace?colonia=napoles&precio_max=15000000&recamaras_min=3,Departamentos 3 recámaras en Nápoles hasta $15M,napoles,,3,15000000,,2,25,30,19,5,79,
/marketplace?colonia=napoles&precio_max=20000000&recamaras_min=3,Departamentos 3 recámaras en Nápoles hasta $20M,napoles,,3,20000000,,2,25,30,19,5,79,
/marketplace?colonia=polanco&precio_max=8000000&recamaras_min=4&tipo=depto,Departamentos 4 recámaras en Polanco hasta $8M,polanco,depto,4,8000000,,1,25,30,19,5,79,
/marketplace?colonia=polanco&precio_max=12000000&recamaras_min=4&tipo=depto,Departamentos 4 recámaras en Polanco hasta $12M,polanco,depto,4,12000000,,1,25,30,19,5,79,
/marketplace?colonia=polanco&precio_max=15000000&recamaras_min=4&tipo=depto,Departamentos 4 recámaras en Polanco hasta $15M,polanco,depto,4,15000000,,1,25,30,19,5,79,
/marketplace?colonia=polanco&precio_max=20000000&recamaras_min=4&tipo=depto,Departamentos 4 recámaras en Polanco hasta $20M,polanco,depto,4,20000000,,1,25,30,19,5,79,
/marketplace?colonia=polanco&precio_max=30000000&recamaras_min=4&tipo=depto,Departamentos 4 recámaras en Polanco hasta $30M,polanco,depto,4,30000000,,1,25,30,19,5,79,
/marketplace?colonia=lomas-chapultepec&precio_max=12000000&recamaras_min=4&tipo=depto,Departamentos 4 recámaras en Lomas de Chapultepec hasta $12M,lomas-chapultepec,depto,4,12000000,,1,25,30,19,5,79,
/marketplace?colonia=lomas-chapultepec&precio_max=15000000&recamaras_min=4&tipo=depto,Departamentos 4 recámaras en Lomas de Chapultepec hasta $15M,lomas-chapultepec,depto,4,15000000,,1,25,30,19,5,79,
/marketplace?colonia=lomas-chapultepec&precio_max=20000000&recamaras_min=4&tipo=depto,Departamentos 4 recámaras en Lomas de Chapultepec hasta $20M,lomas-chapultepec,depto,4,20000000,,1,25,30,19,5,79,
/marketplace?colonia=lomas-chapultepec&precio_max=30000000&recamaras_min=4&tipo=depto,Departamentos 4 recámaras en Lomas de Chapultepec hasta $30M,lomas-chapultepec,depto,4,30000000,,1,25,30,19,5,79,
/marketplace?colonia=lomas-chapultepec&precio_max=12000000&recamaras_min=4&tipo=casa,Casas 4 recámaras en Lomas de Chapultepec hasta $12M,lomas-chapultepec,casa,4,12000000,,1,25,30,19,5,79,
/marketplace?colonia=lomas-chapultepec&precio_max=15000000&recamaras_min=4&tipo=casa,Casas 4 recámaras en Lomas de Chapultepec hasta $15M,lomas-chapultepec,casa,4,15000000,,1,25,30,19,5,79,
/marketplace?colonia=lomas-chapultepec&precio_max=20000000&recamaras_min=4&tipo=casa,Casas 4 recámaras en Lomas de Chapultepec hasta $20M,lomas-chapultepec,casa,4,20000000,,1,25,30,19,5,79,
/marketplace?colonia=lomas-chapultepec&precio_max=30000000&recamaras_min=4&tipo=casa,Casas 4 recámaras en Lomas de Chapultepec hasta $30M,lomas-chapultepec,casa,4,30000000,,1,25,30,19,5,79,
/marketplace?colonia=pedregal&precio_max=15000000&recamaras_min=4&tipo=depto,Departamentos 4 recámaras en Jardines del Pedregal hasta $15M,pedregal,depto,4,15000000,,1,25,30,19,5,79,
/marketplace?colonia=pedregal&precio_max=20000000&recamaras_min=4&tipo=depto,Departamentos 4 recámaras en Jardines del Pedregal hasta $20M,pedregal,depto,4,20000000,,1,25,30,19,5,79,
/marketplace?colonia=pedregal&precio_max=30000000&recamaras_min=4&tipo=depto,Departamentos 4 recámaras en Jardines del Pedregal hasta $30M,pedregal,depto,4,30000000,,1,25,30,19,5,79,
/marketplace?colonia=pedregal&precio_max=15000000&recamaras_min=4&tipo=casa,Casas 4 recámaras en Jardines del Pedregal hasta $15M,pedregal,casa,4,15000000,,1,25,30,19,5,79,
/marketplace?colonia=pedregal&precio_max=20000000&recamaras_min=4&tipo=casa,Casas 4 recámaras en Jardines del Pedregal hasta $20M,pedregal,casa,4,20000000,,1,25,30,19,5,79,
/marketplace?colonia=pedregal&precio_max=30000000&recamaras_min=4&tipo=casa,Casas 4 recámaras en Jardines del Pedregal hasta $30M,pedregal,casa,4,30000000,,1,25,30,19,5,79,
/marketplace?colonia=roma-norte&precio_max=3000000&recamaras_min=3&tipo=depto,Departamentos 3 recámaras en Roma Norte hasta $3M,roma-norte,depto,3,3000000,,2,25,30,19,5,79,
/marketplace?colonia=roma-norte&precio_max=5000000&recamaras_min=3&tipo=depto,Departamentos 3 recámaras en Roma Norte hasta $5M,roma-norte,depto,3,5000000,,2,25,30,19,5,79,
/marketplace?colonia=roma-norte&precio_max=8000000&recamaras_min=3&tipo=depto,Departamentos 3 recámaras en Roma Norte hasta $8M,roma-norte,depto,3,8000000,,2,25,30,19,5,79,
/marketplace?colonia=roma-norte&precio_max=12000000&recamaras_min=3&tipo=depto,Departamentos 3 recámaras en Roma Norte hasta $12M,roma-norte,depto,3,12000000,,2,25,30,19,5,79,
/marketplace?colonia=roma-norte&precio_max=15000000&recamaras_min=3&tipo=depto,Departamentos 3 recámaras en Roma Norte hasta $15M,roma-norte,depto,3,15000000,,2,25,30,19,5,79,
/marketplace?colonia=roma-norte&precio_max=20000000&recamaras_min=3&tipo=depto,Departamentos 3 recámaras en Roma Norte hasta $20M,roma-norte,depto,3,20000000,,2,25,30,19,5,79,
/marketplace?colonia=roma-norte&precio_max=30000000&recamaras_min=3&tipo=depto,Departamentos 3 recámaras en Roma Norte hasta $30M,roma-norte,depto,3,30000000,,2,25,30,19,5,79,
/marketplace?colonia=roma-norte&precio_max=3000000&recamaras_min=3&tipo=loft,Lofts 3 recámaras en Roma Norte hasta $3M,roma-norte,loft,3,3000000,,2,25,30,19,5,79,
/marketplace?colonia=roma-norte&precio_max=5000000&recamaras_min=3&tipo=loft,Lofts 3 recámaras en Roma Norte hasta $5M,roma-norte,loft,3,5000000,,2,25,30,19,5,79,
/marketplace?colonia=roma-norte&precio_max=8000000&recamaras_min=3&tipo=loft,Lofts 3 recámaras en Roma Norte hasta $8M,roma-norte,loft,3,8000000,,2,25,30,19,5,79,
/marketplace?colonia=roma-norte&precio_max=12000000&recamaras_min=3&tipo=loft,Lofts 3 recámaras en Roma Norte hasta $12M,roma-norte,loft,3,12000000,,2,25,30,19,5,79,
/marketplace?colonia=roma-norte&precio_max=15000000&recamaras_min=3&tipo=loft,Lofts 3 recámaras en Roma Norte hasta $15M,roma-norte,loft,3,15000000,,2,25,30,19,5,79,
/marketplace?colonia=roma-norte&precio_max=20000000&recamaras_min=3&tipo=loft,Lofts 3 recámaras en Roma Norte hasta $20M,roma-norte,loft,3,20000000,,2,25,30,19,5,79,
/marketplace?colonia=roma-norte&precio_max=30000000&recamaras_min=3&tipo=loft,Lofts 3 recámaras en Roma Norte hasta $30M,roma-norte,loft,3,30000000,,2,25,30,19,5,79,
/marketplace?colonia=condesa&precio_max=5000000&recamaras_min=3&tipo=depto,Departamentos 3 recámaras en Condesa hasta $5M,condesa,depto,3,5000000,,2,25,30,19,5,79,
/marketplace?colonia=condesa&precio_max=8000000&recamaras_min=3&tipo=depto,Departamentos 3 recámaras en Condesa hasta $8M,condesa,depto,3,8000000,,2,25,30,19,5,79,
/marketplace?colonia=condesa&precio_max=12000000&recamaras_min=3&tipo=depto,Departamentos 3 recámaras en Condesa hasta $12M,condesa,depto,3,12000000,,2,25,30,19,5,79,
/marketplace?colonia=condesa&precio_max=15000000&recamaras_min=3&tipo=depto,Departamentos 3 recámaras en Condesa hasta $15M,condesa,depto,3,15000000,,2,25,30,19,5,79,
/marketplace?colonia=condesa&precio_max=20000000&recamaras_min=3&tipo=depto,Departamentos 3 recámaras en Condesa hasta $20M,condesa,depto,3,20000000,,2,25,30,19,5,79,
/marketplace?colonia=condesa&precio_max=30000000&recamaras_min=3&tipo=depto,Departamentos 3 recámaras en Condesa hasta $30M,condesa,depto,3,30000000,,2,25,30,19,5,79,
/marketplace?colonia=condesa&precio_max=5000000&recamaras_min=3&tipo=loft,Lofts 3 recámaras en Condesa hasta $5M,condesa,loft,3,5000000,,2,25,30,19,5,79,
/marketplace?colonia=condesa&precio_max=8000000&recamaras_min=3&tipo=loft,Lofts 3 recámaras en Condesa hasta $8M,condesa,loft,3,8000000,,2,25,30,19,5,79,
/marketplace?colonia=condesa&precio_max=12000000&recamaras_min=3&tipo=loft,Lofts 3 recámaras en Condesa hasta $12M,condesa,loft,3,12000000,,2,25,30,19,5,79,
/marketplace?colonia=condesa&precio_max=15000000&recamaras_min=3&tipo=loft,Lofts 3 recámaras en Condesa hasta $15M,condesa,loft,3,15000000,,2,25,30,19,5,79,
/marketplace?colonia=condesa&precio_max=20000000&recamaras_min=3&tipo=loft,Lofts 3 recámaras en Condesa hasta $20M,condesa,loft,3,20000000,,2,25,30,19,5,79,
/marketplace?colonia=condesa&precio_max=30000000&recamaras_min=3&tipo=loft,Lofts 3 recámaras en Condesa hasta $30M,condesa,loft,3,30000000,,2,25,30,19,5,79,
/marketplace?colonia=coyoacan-centro&precio_max=3000000&recamaras_min=3&tipo=depto,Departamentos 3 recámaras en Coyoacán Centro hasta $3M,coyoacan-centro,depto,3,3000000,,2,25,30,19,5,79,
/marketplace?colonia=coyoacan-centro&precio_max=5000000&recamaras_min=3&tipo=depto,Departamentos 3 recámaras en Coyoacán Centro hasta $5M,coyoacan-centro,depto,3,5000000,,2,25,30,19,5,79,
/marketplace?colonia=coyoacan-centro&precio_max=8000000&recamaras_min=3&tipo=depto,Departamentos 3 recámaras en Coyoacán Centro hasta $8M,coyoacan-centro,depto,3,8000000,,2,25,30,19,5,79,
/marketplace?colonia=coyoacan-centro&precio_max=12000000&recamaras_min=3&tipo=depto,Departamentos 3 recámaras en Coyoacán Centro hasta $12M,coyoacan-centro,depto,3,12000000,,2,25,30,19,5,79,
/marketplace?colonia=coyoacan-centro&precio_max=15000000&recamaras_min=3&tipo=depto,Departamentos 3 recámaras en Coyoacán Centro hasta $15M,coyoacan-centro,depto,3,15000000,,2,25,30,19,5,79,
/marketplace?colonia=coyoacan-centro&precio_max=20000000&recamaras_min=3&tipo=depto,Departamentos 3 recámaras en Coyoacán Centro hasta $20M,coyoacan-centro,depto,3,20000000,,2,25,30,19,5,79,
/marketplace?colonia=coyoacan-centro&precio_max=30000000&recamaras_min=3&tipo=depto,Departamentos 3 recámaras en Coyoacán Centro hasta $30M,coyoacan-centro,depto,3,30000000,,2,25,30,19,5,79,
/marketplace?colonia=coyoacan-centro&precio_max=3000000&recamaras_min=3&tipo=casa,Casas 3 recámaras en Coyoacán Centro hasta $3M,coyoacan-centro,casa,3,3000000,,2,25,30,19,5,79,
/marketplace?colonia=coyoacan-centro&precio_max=5000000&recamaras_min=3&tipo=casa,Casas 3 recámaras en Coyoacán Centro hasta $5M,coyoacan-centro,casa,3,5000000,,2,25,30,19,5,79,
/marketplace?colonia=coyoacan-centro&precio_max=8000000&recamaras_min=3&tipo=casa,Casas 3 recámaras en Coyoacán Centro hasta $8M,coyoacan-centro,casa,3,8000000,,2,25,30,19,5,79,
/marketplace?colonia=coyoacan-centro&precio_max=12000000&recamaras_min=3&tipo=casa,Casas 3 recámaras en Coyoacán Centro hasta $12M,coyoacan-centro,casa,3,12000000,,2,25,30,19,5,79,
/marketplace?colonia=coyoacan-centro&precio_max=15000000&recamaras_min=3&tipo=casa,Casas 3 recámaras en Coyoacán Centro hasta $15M,coyoacan-centro,casa,3,15000000,,2,25,30,19,5,79,
/marketplace?colonia=coyoacan-centro&precio_max=20000000&recamaras_min=3&tipo=casa,Casas 3 recámaras en Coyoacán Centro hasta $20M,coyoacan-centro,casa,3,20000000,,2,25,30,19,5,79,
/marketplace?colonia=coyoacan-centro&precio_max=30000000&recamaras_min=3&tipo=casa,Casas 3 recámaras en Coyoacán Centro hasta $30M,coyoacan-centro,casa,3,30000000,,2,25,30,19,5,79,
/marketplace?colonia=santa-fe&precio_max=5000000&recamaras_min=3&tipo=depto,Departamentos 3 recámaras en Santa Fe hasta $5M,santa-fe,depto,3,5000000,,2,25,30,19,5,79,
/marketplace?colonia=santa-fe&precio_max=8000000&recamaras_min=3&tipo=depto,Departamentos 3 recámaras en Santa Fe hasta $8M,santa-fe,depto,3,8000000,,2,25,30,19,5,79,
/marketplace?colonia=santa-fe&precio_max=12000000&recamaras_min=3&tipo=depto,Departamentos 3 recámaras en Santa Fe hasta $12M,santa-fe,depto,3,12000000,,2,25,30,19,5,79,
/marketplace?colonia=santa-fe&precio_max=15000000&recamaras_min=3&tipo=depto,Departamentos 3 recámaras en Santa Fe hasta $15M,santa-fe,depto,3,15000000,,2,25,30,19,5,79,
/marketplace?colonia=santa-fe&precio_max=20000000&recamaras_min=3&tipo=depto,Departamentos 3 recámaras en Santa Fe hasta $20M,santa-fe,depto,3,20000000,,2,25,30,19,5,79,
/marketplace?colonia=santa-fe&precio_max=30000000&recamaras_min=3&tipo=depto,Departamentos 3 recámaras en Santa Fe hasta $30M,santa-fe,depto,3,30000000,,2,25,30,19,5,79,
/marketplace?colonia=napoles&precio_max=3000000&recamaras_min=3&tipo=depto,Departamentos 3 recámaras en Nápoles hasta $3M,napoles,depto,3,3000000,,2,25,30,19,5,79,
/marketplace?colonia=napoles&precio_max=5000000&recamaras_min=3&tipo=depto,Departamentos 3 recámaras en Nápoles hasta $5M,napoles,depto,3,5000000,,2,25,30,19,5,79,
/marketplace?colonia=napoles&precio_max=8000000&recamaras_min=3&tipo=depto,Departamentos 3 recámaras en Nápoles hasta $8M,napoles,depto,3,8000000,,2,25,30,19,5,79,
/marketplace?colonia=napoles&precio_max=12000000&recamaras_min=3&tipo=depto,Departamentos 3 recámaras en Nápoles hasta $12M,napoles,depto,3,12000000,,2,25,30,19,5,79,
/marketplace?colonia=napoles&precio_max=15000000&recamaras_min=3&tipo=depto,Departamentos 3 recámaras en Nápoles hasta $15M,napoles,depto,3,15000000,,2,25,30,19,5,79,
/marketplace?colonia=napoles&precio_max=20000000&recamaras_min=3&tipo=depto,Departamentos 3 recámaras en Nápoles hasta $20M,napoles,depto,3,20000000,,2,25,30,19,5,79,
/marketplace?colonia=polanco&recamaras_min=2,Departamentos 2 recámaras en Polanco,polanco,,2,,,1,25,23,25,5,78,
/marketplace?colonia=lomas-chapultepec&recamaras_min=2,Departamentos 2 recámaras en Lomas de Chapultepec,lomas-chapultepec,,2,,,1,25,23,25,5,78,
/marketplace?colonia=pedregal&recamaras_min=2,Departamentos 2 recámaras en Jardines del Pedregal,pedregal,,2,,,1,25,23,25,5,78,
/marketplace?colonia=roma-norte&stage=preventa,Departamentos en Roma Norte preventa,roma-norte,,,,preventa,2,25,20,18,15,78,
/marketplace?colonia=condesa&stage=preventa,Departamentos en Condesa preventa,condesa,,,,preventa,2,25,20,18,15,78,
/marketplace?colonia=coyoacan-centro&stage=preventa,Departamentos en Coyoacán Centro preventa,coyoacan-centro,,,,preventa,2,25,20,18,15,78,
/marketplace?colonia=santa-fe&stage=preventa,Departamentos en Santa Fe preventa,santa-fe,,,,preventa,2,25,20,18,15,78,
/marketplace?colonia=napoles&stage=preventa,Departamentos en Nápoles preventa,napoles,,,,preventa,2,25,20,18,15,78,
/marketplace?colonia=polanco&recamaras_min=2&stage=en_construccion,Departamentos 2 recámaras en Polanco,polanco,,2,,en_construccion,1,25,23,25,5,78,
/marketplace?colonia=polanco&recamaras_min=4&stage=entrega_inmediata,Departamentos 4 recámaras en Polanco entrega inmediata,polanco,,4,,entrega_inmediata,1,25,26,19,8,78,
/marketplace?colonia=lomas-chapultepec&recamaras_min=2&stage=en_construccion,Departamentos 2 recámaras en Lomas de Chapultepec,lomas-chapultepec,,2,,en_construccion,1,25,23,25,5,78,
/marketplace?colonia=lomas-chapultepec&recamaras_min=4&stage=entrega_inmediata,Departamentos 4 recámaras en Lomas de Chapultepec entrega inmediata,lomas-chapultepec,,4,,entrega_inmediata,1,25,26,19,8,78,
/marketplace?colonia=pedregal&recamaras_min=2&stage=en_construccion,Departamentos 2 recámaras en Jardines del Pedregal,pedregal,,2,,en_construccion,1,25,23,25,5,78,
/marketplace?colonia=pedregal&recamaras_min=4&stage=entrega_inmediata,Departamentos 4 recámaras en Jardines del Pedregal entrega inmediata,pedregal,,4,,entrega_inmediata,1,25,26,19,8,78,
/marketplace?colonia=roma-norte&recamaras_min=3&stage=entrega_inmediata,Departamentos 3 recámaras en Roma Norte entrega inmediata,roma-norte,,3,,entrega_inmediata,2,25,26,19,8,78,
/marketplace?colonia=condesa&recamaras_min=3&stage=entrega_inmediata,Departamentos 3 recámaras en Condesa entrega inmediata,condesa,,3,,entrega_inmediata,2,25,26,19,8,78,
/marketplace?colonia=coyoacan-centro&recamaras_min=3&stage=entrega_inmediata,Departamentos 3 recámaras en Coyoacán Centro entrega inmediata,coyoacan-centro,,3,,entrega_inmediata,2,25,26,19,8,78,
/marketplace?colonia=santa-fe&recamaras_min=3&stage=entrega_inmediata,Departamentos 3 recámaras en Santa Fe entrega inmediata,santa-fe,,3,,entrega_inmediata,2,25,26,19,8,78,
/marketplace?colonia=napoles&recamaras_min=3&stage=entrega_inmediata,Departamentos 3 recámaras en Nápoles entrega inmediata,napoles,,3,,entrega_inmediata,2,25,26,19,8,78,
/marketplace?colonia=juarez&recamaras_min=1&stage=preventa,Departamentos 1 recámaras en Juárez preventa,juarez,,1,,preventa,3,25,28,10,15,78,
/marketplace?colonia=cuauhtemoc&recamaras_min=1&stage=preventa,Departamentos 1 recámaras en Cuauhtémoc preventa,cuauhtemoc,,1,,preventa,3,25,28,10,15,78,
/marketplace?colonia=del-valle-centro&recamaras_min=1&stage=preventa,Departamentos 1 recámaras en Del Valle Centro preventa,del-valle-centro,,1,,preventa,3,25,28,10,15,78,
/marketplace?colonia=narvarte&recamaras_min=1&stage=preventa,Departamentos 1 recámaras en Narvarte Poniente preventa,narvarte,,1,,preventa,3,25,28,10,15,78,
/marketplace?colonia=escandon&recamaras_min=1&stage=preventa,Departamentos 1 recámaras en Escandón preventa,escandon,,1,,preventa,3,25,28,10,15,78,
/marketplace?colonia=anzures&recamaras_min=1&stage=preventa,Departamentos 1 recámaras en Anzures preventa,anzures,,1,,preventa,3,25,28,10,15,78,
/marketplace?colonia=roma-sur&recamaras_min=1&stage=preventa,Departamentos 1 recámaras en Roma Sur preventa,roma-sur,,1,,preventa,3,25,28,10,15,78,
/marketplace?colonia=doctores&recamaras_min=2&stage=preventa,Departamentos 2 recámaras en Doctores preventa,doctores,,2,,preventa,4,25,28,9,15,77,
/marketplace?colonia=polanco&recamaras_min=3,Departamentos 3 recámaras en Polanco,polanco,,3,,,1,25,23,23,5,76,
/marketplace?colonia=lomas-chapultepec&recamaras_min=3,Departamentos 3 recámaras en Lomas de Chapultepec,lomas-chapultepec,,3,,,1,25,23,23,5,76,
/marketplace?colonia=pedregal&recamaras_min=3,Departamentos 3 recámaras en Jardines del Pedregal,pedregal,,3,,,1,25,23,23,5,76,
/marketplace?colonia=roma-norte&precio_max=3000000&recamaras_min=1,Departamentos 1 recámaras en Roma Norte hasta $3M,roma-norte,,1,3000000,,2,25,30,16,5,76,
/marketplace?colonia=roma-norte&precio_max=5000000&recamaras_min=1,Departamentos 1 recámaras en Roma Norte hasta $5M,roma-norte,,1,5000000,,2,25,30,16,5,76,
/marketplace?colonia=roma-norte&precio_max=8000000&recamaras_min=1,Departamentos 1 recámaras en Roma Norte hasta $8M,roma-norte,,1,8000000,,2,25,30,16,5,76,
/marketplace?colonia=roma-norte&precio_max=12000000&recamaras_min=1,Departamentos 1 recámaras en Roma Norte hasta $12M,roma-norte,,1,12000000,,2,25,30,16,5,76,
/marketplace?colonia=roma-norte&precio_max=15000000&recamaras_min=1,Departamentos 1 recámaras en Roma Norte hasta $15M,roma-norte,,1,15000000,,2,25,30,16,5,76,
/marketplace?colonia=roma-norte&precio_max=20000000&recamaras_min=1,Departamentos 1 recámaras en Roma Norte hasta $20M,roma-norte,,1,20000000,,2,25,30,16,5,76,
/marketplace?colonia=roma-norte&precio_max=30000000&recamaras_min=1,Departamentos 1 recámaras en Roma Norte hasta $30M,roma-norte,,1,30000000,,2,25,30,16,5,76,
/marketplace?colonia=condesa&precio_max=5000000&recamaras_min=1,Departamentos 1 recámaras en Condesa hasta $5M,condesa,,1,5000000,,2,25,30,16,5,76,
/marketplace?colonia=condesa&precio_max=8000000&recamaras_min=1,Departamentos 1 recámaras en Condesa hasta $8M,condesa,,1,8000000,,2,25,30,16,5,76,
/marketplace?colonia=condesa&precio_max=12000000&recamaras_min=1,Departamentos 1 recámaras en Condesa hasta $12M,condesa,,1,12000000,,2,25,30,16,5,76,
/marketplace?colonia=condesa&precio_max=15000000&recamaras_min=1,Departamentos 1 recámaras en Condesa hasta $15M,condesa,,1,15000000,,2,25,30,16,5,76,
/marketplace?colonia=condesa&precio_max=20000000&recamaras_min=1,Departamentos 1 recámaras en Condesa hasta $20M,condesa,,1,20000000,,2,25,30,16,5,76,
/marketplace?colonia=condesa&precio_max=30000000&recamaras_min=1,Departamentos 1 recámaras en Condesa hasta $30M,condesa,,1,30000000,,2,25,30,16,5,76,
/marketplace?colonia=coyoacan-centro&precio_max=3000000&recamaras_min=1,Departamentos 1 recámaras en Coyoacán Centro hasta $3M,coyoacan-centro,,1,3000000,,2,25,30,16,5,76,
/marketplace?colonia=coyoacan-centro&precio_max=5000000&recamaras_min=1,Departamentos 1 recámaras en Coyoacán Centro hasta $5M,coyoacan-centro,,1,5000000,,2,25,30,16,5,76,
/marketplace?colonia=coyoacan-centro&precio_max=8000000&recamaras_min=1,Departamentos 1 recámaras en Coyoacán Centro hasta $8M,coyoacan-centro,,1,8000000,,2,25,30,16,5,76,
/marketplace?colonia=coyoacan-centro&precio_max=12000000&recamaras_min=1,Departamentos 1 recámaras en Coyoacán Centro hasta $12M,coyoacan-centro,,1,12000000,,2,25,30,16,5,76,
/marketplace?colonia=coyoacan-centro&precio_max=15000000&recamaras_min=1,Departamentos 1 recámaras en Coyoacán Centro hasta $15M,coyoacan-centro,,1,15000000,,2,25,30,16,5,76,
/marketplace?colonia=coyoacan-centro&precio_max=20000000&recamaras_min=1,Departamentos 1 recámaras en Coyoacán Centro hasta $20M,coyoacan-centro,,1,20000000,,2,25,30,16,5,76,
/marketplace?colonia=coyoacan-centro&precio_max=30000000&recamaras_min=1,Departamentos 1 recámaras en Coyoacán Centro hasta $30M,coyoacan-centro,,1,30000000,,2,25,30,16,5,76,
/marketplace?colonia=santa-fe&precio_max=5000000&recamaras_min=1,Departamentos 1 recámaras en Santa Fe hasta $5M,santa-fe,,1,5000000,,2,25,30,16,5,76,
/marketplace?colonia=santa-fe&precio_max=8000000&recamaras_min=1,Departamentos 1 recámaras en Santa Fe hasta $8M,santa-fe,,1,8000000,,2,25,30,16,5,76,
/marketplace?colonia=santa-fe&precio_max=12000000&recamaras_min=1,Departamentos 1 recámaras en Santa Fe hasta $12M,santa-fe,,1,12000000,,2,25,30,16,5,76,
/marketplace?colonia=santa-fe&precio_max=15000000&recamaras_min=1,Departamentos 1 recámaras en Santa Fe hasta $15M,santa-fe,,1,15000000,,2,25,30,16,5,76,
/marketplace?colonia=santa-fe&precio_max=20000000&recamaras_min=1,Departamentos 1 recámaras en Santa Fe hasta $20M,santa-fe,,1,20000000,,2,25,30,16,5,76,
/marketplace?colonia=santa-fe&precio_max=30000000&recamaras_min=1,Departamentos 1 recámaras en Santa Fe hasta $30M,santa-fe,,1,30000000,,2,25,30,16,5,76,
/marketplace?colonia=napoles&precio_max=3000000&recamaras_min=1,Departamentos 1 recámaras en Nápoles hasta $3M,napoles,,1,3000000,,2,25,30,16,5,76,
/marketplace?colonia=napoles&precio_max=5000000&recamaras_min=1,Departamentos 1 recámaras en Nápoles hasta $5M,napoles,,1,5000000,,2,25,30,16,5,76,
/marketplace?colonia=napoles&precio_max=8000000&recamaras_min=1,Departamentos 1 recámaras en Nápoles hasta $8M,napoles,,1,8000000,,2,25,30,16,5,76,
/marketplace?colonia=napoles&precio_max=12000000&recamaras_min=1,Departamentos 1 recámaras en Nápoles hasta $12M,napoles,,1,12000000,,2,25,30,16,5,76,
/marketplace?colonia=napoles&precio_max=15000000&recamaras_min=1,Departamentos 1 recámaras en Nápoles hasta $15M,napoles,,1,15000000,,2,25,30,16,5,76,
/marketplace?colonia=napoles&precio_max=20000000&recamaras_min=1,Departamentos 1 recámaras en Nápoles hasta $20M,napoles,,1,20000000,,2,25,30,16,5,76,
/marketplace?colonia=napoles&precio_max=30000000&recamaras_min=2,Departamentos 2 recámaras en Nápoles hasta $30M,napoles,,2,30000000,,2,20,30,21,5,76,
/marketplace?colonia=roma-norte&precio_max=3000000&recamaras_min=1&tipo=depto,Departamentos 1 recámaras en Roma Norte hasta $3M,roma-norte,depto,1,3000000,,2,25,30,16,5,76,
/marketplace?colonia=roma-norte&precio_max=5000000&recamaras_min=1&tipo=depto,Departamentos 1 recámaras en Roma Norte hasta $5M,roma-norte,depto,1,5000000,,2,25,30,16,5,76,
/marketplace?colonia=roma-norte&precio_max=8000000&recamaras_min=1&tipo=depto,Departamentos 1 recámaras en Roma Norte hasta $8M,roma-norte,depto,1,8000000,,2,25,30,16,5,76,
/marketplace?colonia=roma-norte&precio_max=12000000&recamaras_min=1&tipo=depto,Departamentos 1 recámaras en Roma Norte hasta $12M,roma-norte,depto,1,12000000,,2,25,30,16,5,76,
/marketplace?colonia=roma-norte&precio_max=15000000&recamaras_min=1&tipo=depto,Departamentos 1 recámaras en Roma Norte hasta $15M,roma-norte,depto,1,15000000,,2,25,30,16,5,76,
/marketplace?colonia=roma-norte&precio_max=20000000&recamaras_min=1&tipo=depto,Departamentos 1 recámaras en Roma Norte hasta $20M,roma-norte,depto,1,20000000,,2,25,30,16,5,76,
/marketplace?colonia=roma-norte&precio_max=30000000&recamaras_min=1&tipo=depto,Departamentos 1 recámaras en Roma Norte hasta $30M,roma-norte,depto,1,30000000,,2,25,30,16,5,76,
/marketplace?colonia=roma-norte&precio_max=3000000&recamaras_min=1&tipo=loft,Lofts 1 recámaras en Roma Norte hasta $3M,roma-norte,loft,1,3000000,,2,25,30,16,5,76,
/marketplace?colonia=roma-norte&precio_max=5000000&recamaras_min=1&tipo=loft,Lofts 1 recámaras en Roma Norte hasta $5M,roma-norte,loft,1,5000000,,2,25,30,16,5,76,
/marketplace?colonia=roma-norte&precio_max=8000000&recamaras_min=1&tipo=loft,Lofts 1 recámaras en Roma Norte hasta $8M,roma-norte,loft,1,8000000,,2,25,30,16,5,76,
/marketplace?colonia=roma-norte&precio_max=12000000&recamaras_min=1&tipo=loft,Lofts 1 recámaras en Roma Norte hasta $12M,roma-norte,loft,1,12000000,,2,25,30,16,5,76,
/marketplace?colonia=roma-norte&precio_max=15000000&recamaras_min=1&tipo=loft,Lofts 1 recámaras en Roma Norte hasta $15M,roma-norte,loft,1,15000000,,2,25,30,16,5,76,
/marketplace?colonia=roma-norte&precio_max=20000000&recamaras_min=1&tipo=loft,Lofts 1 recámaras en Roma Norte hasta $20M,roma-norte,loft,1,20000000,,2,25,30,16,5,76,
/marketplace?colonia=roma-norte&precio_max=30000000&recamaras_min=1&tipo=loft,Lofts 1 recámaras en Roma Norte hasta $30M,roma-norte,loft,1,30000000,,2,25,30,16,5,76,
/marketplace?colonia=condesa&precio_max=5000000&recamaras_min=1&tipo=depto,Departamentos 1 recámaras en Condesa hasta $5M,condesa,depto,1,5000000,,2,25,30,16,5,76,
/marketplace?colonia=condesa&precio_max=8000000&recamaras_min=1&tipo=depto,Departamentos 1 recámaras en Condesa hasta $8M,condesa,depto,1,8000000,,2,25,30,16,5,76,
/marketplace?colonia=condesa&precio_max=12000000&recamaras_min=1&tipo=depto,Departamentos 1 recámaras en Condesa hasta $12M,condesa,depto,1,12000000,,2,25,30,16,5,76,
/marketplace?colonia=condesa&precio_max=15000000&recamaras_min=1&tipo=depto,Departamentos 1 recámaras en Condesa hasta $15M,condesa,depto,1,15000000,,2,25,30,16,5,76,
/marketplace?colonia=condesa&precio_max=20000000&recamaras_min=1&tipo=depto,Departamentos 1 recámaras en Condesa hasta $20M,condesa,depto,1,20000000,,2,25,30,16,5,76,
/marketplace?colonia=condesa&precio_max=30000000&recamaras_min=1&tipo=depto,Departamentos 1 recámaras en Condesa hasta $30M,condesa,depto,1,30000000,,2,25,30,16,5,76,
/marketplace?colonia=condesa&precio_max=5000000&recamaras_min=1&tipo=loft,Lofts 1 recámaras en Condesa hasta $5M,condesa,loft,1,5000000,,2,25,30,16,5,76,
/marketplace?colonia=condesa&precio_max=8000000&recamaras_min=1&tipo=loft,Lofts 1 recámaras en Condesa hasta $8M,condesa,loft,1,8000000,,2,25,30,16,5,76,
/marketplace?colonia=condesa&precio_max=12000000&recamaras_min=1&tipo=loft,Lofts 1 recámaras en Condesa hasta $12M,condesa,loft,1,12000000,,2,25,30,16,5,76,
/marketplace?colonia=condesa&precio_max=15000000&recamaras_min=1&tipo=loft,Lofts 1 recámaras en Condesa hasta $15M,condesa,loft,1,15000000,,2,25,30,16,5,76,
/marketplace?colonia=condesa&precio_max=20000000&recamaras_min=1&tipo=loft,Lofts 1 recámaras en Condesa hasta $20M,condesa,loft,1,20000000,,2,25,30,16,5,76,
/marketplace?colonia=condesa&precio_max=30000000&recamaras_min=1&tipo=loft,Lofts 1 recámaras en Condesa hasta $30M,condesa,loft,1,30000000,,2,25,30,16,5,76,
/marketplace?colonia=coyoacan-centro&precio_max=3000000&recamaras_min=1&tipo=depto,Departamentos 1 recámaras en Coyoacán Centro hasta $3M,coyoacan-centro,depto,1,3000000,,2,25,30,16,5,76,
/marketplace?colonia=coyoacan-centro&precio_max=5000000&recamaras_min=1&tipo=depto,Departamentos 1 recámaras en Coyoacán Centro hasta $5M,coyoacan-centro,depto,1,5000000,,2,25,30,16,5,76,
/marketplace?colonia=coyoacan-centro&precio_max=8000000&recamaras_min=1&tipo=depto,Departamentos 1 recámaras en Coyoacán Centro hasta $8M,coyoacan-centro,depto,1,8000000,,2,25,30,16,5,76,
/marketplace?colonia=coyoacan-centro&precio_max=12000000&recamaras_min=1&tipo=depto,Departamentos 1 recámaras en Coyoacán Centro hasta $12M,coyoacan-centro,depto,1,12000000,,2,25,30,16,5,76,
/marketplace?colonia=coyoacan-centro&precio_max=15000000&recamaras_min=1&tipo=depto,Departamentos 1 recámaras en Coyoacán Centro hasta $15M,coyoacan-centro,depto,1,15000000,,2,25,30,16,5,76,
/marketplace?colonia=coyoacan-centro&precio_max=20000000&recamaras_min=1&tipo=depto,Departamentos 1 recámaras en Coyoacán Centro hasta $20M,coyoacan-centro,depto,1,20000000,,2,25,30,16,5,76,
/marketplace?colonia=coyoacan-centro&precio_max=30000000&recamaras_min=1&tipo=depto,Departamentos 1 recámaras en Coyoacán Centro hasta $30M,coyoacan-centro,depto,1,30000000,,2,25,30,16,5,76,
/marketplace?colonia=coyoacan-centro&precio_max=3000000&recamaras_min=1&tipo=casa,Casas 1 recámaras en Coyoacán Centro hasta $3M,coyoacan-centro,casa,1,3000000,,2,25,30,16,5,76,
/marketplace?colonia=coyoacan-centro&precio_max=5000000&recamaras_min=1&tipo=casa,Casas 1 recámaras en Coyoacán Centro hasta $5M,coyoacan-centro,casa,1,5000000,,2,25,30,16,5,76,
/marketplace?colonia=coyoacan-centro&precio_max=8000000&recamaras_min=1&tipo=casa,Casas 1 recámaras en Coyoacán Centro hasta $8M,coyoacan-centro,casa,1,8000000,,2,25,30,16,5,76,
/marketplace?colonia=coyoacan-centro&precio_max=12000000&recamaras_min=1&tipo=casa,Casas 1 recámaras en Coyoacán Centro hasta $12M,coyoacan-centro,casa,1,12000000,,2,25,30,16,5,76,
/marketplace?colonia=coyoacan-centro&precio_max=15000000&recamaras_min=1&tipo=casa,Casas 1 recámaras en Coyoacán Centro hasta $15M,coyoacan-centro,casa,1,15000000,,2,25,30,16,5,76,
/marketplace?colonia=coyoacan-centro&precio_max=20000000&recamaras_min=1&tipo=casa,Casas 1 recámaras en Coyoacán Centro hasta $20M,coyoacan-centro,casa,1,20000000,,2,25,30,16,5,76,
/marketplace?colonia=coyoacan-centro&precio_max=30000000&recamaras_min=1&tipo=casa,Casas 1 recámaras en Coyoacán Centro hasta $30M,coyoacan-centro,casa,1,30000000,,2,25,30,16,5,76,
/marketplace?colonia=santa-fe&precio_max=5000000&recamaras_min=1&tipo=depto,Departamentos 1 recámaras en Santa Fe hasta $5M,santa-fe,depto,1,5000000,,2,25,30,16,5,76,
/marketplace?colonia=santa-fe&precio_max=8000000&recamaras_min=1&tipo=depto,Departamentos 1 recámaras en Santa Fe hasta $8M,santa-fe,depto,1,8000000,,2,25,30,16,5,76,
/marketplace?colonia=santa-fe&precio_max=12000000&recamaras_min=1&tipo=depto,Departamentos 1 recámaras en Santa Fe hasta $12M,santa-fe,depto,1,12000000,,2,25,30,16,5,76,
/marketplace?colonia=santa-fe&precio_max=15000000&recamaras_min=1&tipo=depto,Departamentos 1 recámaras en Santa Fe hasta $15M,santa-fe,depto,1,15000000,,2,25,30,16,5,76,
/marketplace?colonia=santa-fe&precio_max=20000000&recamaras_min=1&tipo=depto,Departamentos 1 recámaras en Santa Fe hasta $20M,santa-fe,depto,1,20000000,,2,25,30,16,5,76,
/marketplace?colonia=santa-fe&precio_max=30000000&recamaras_min=1&tipo=depto,Departamentos 1 recámaras en Santa Fe hasta $30M,santa-fe,depto,1,30000000,,2,25,30,16,5,76,
/marketplace?colonia=napoles&precio_max=3000000&recamaras_min=1&tipo=depto,Departamentos 1 recámaras en Nápoles hasta $3M,napoles,depto,1,3000000,,2,25,30,16,5,76,
/marketplace?colonia=napoles&precio_max=5000000&recamaras_min=1&tipo=depto,Departamentos 1 recámaras en Nápoles hasta $5M,napoles,depto,1,5000000,,2,25,30,16,5,76,
/marketplace?colonia=napoles&precio_max=8000000&recamaras_min=1&tipo=depto,Departamentos 1 recámaras en Nápoles hasta $8M,napoles,depto,1,8000000,,2,25,30,16,5,76,
/marketplace?colonia=napoles&precio_max=12000000&recamaras_min=1&tipo=depto,Departamentos 1 recámaras en Nápoles hasta $12M,napoles,depto,1,12000000,,2,25,30,16,5,76,
/marketplace?colonia=napoles&precio_max=15000000&recamaras_min=1&tipo=depto,Departamentos 1 recámaras en Nápoles hasta $15M,napoles,depto,1,15000000,,2,25,30,16,5,76,
/marketplace?colonia=napoles&precio_max=20000000&recamaras_min=1&tipo=depto,Departamentos 1 recámaras en Nápoles hasta $20M,napoles,depto,1,20000000,,2,25,30,16,5,76,
/marketplace?colonia=napoles&precio_max=30000000&recamaras_min=2&tipo=depto,Departamentos 2 recámaras en Nápoles hasta $30M,napoles,depto,2,30000000,,2,20,30,21,5,76,
/marketplace?colonia=polanco&recamaras_min=3&stage=en_construccion,Departamentos 3 recámaras en Polanco,polanco,,3,,en_construccion,1,25,23,23,5,76,
/marketplace?colonia=lomas-chapultepec&recamaras_min=3&stage=en_construccion,Departamentos 3 recámaras en Lomas de Chapultepec,lomas-chapultepec,,3,,en_construccion,1,25,23,23,5,76,
/marketplace?colonia=pedregal&recamaras_min=3&stage=en_construccion,Departamentos 3 recámaras en Jardines del Pedregal,pedregal,,3,,en_construccion,1,25,23,23,5,76,
/marketplace?colonia=roma-norte&precio_max=3000000&recamaras_min=4,Departamentos 4 recámaras en Roma Norte hasta $3M,roma-norte,,4,3000000,,2,25,30,15,5,75,
/marketplace?colonia=roma-norte&precio_max=5000000&recamaras_min=4,Departamentos 4 recámaras en Roma Norte hasta $5M,roma-norte,,4,5000000,,2,25,30,15,5,75,
/marketplace?colonia=roma-norte&precio_max=8000000&recamaras_min=4,Departamentos 4 recámaras en Roma Norte hasta $8M,roma-norte,,4,8000000,,2,25,30,15,5,75,
/marketplace?colonia=roma-norte&precio_max=12000000&recamaras_min=4,Departamentos 4 recámaras en Roma Norte hasta $12M,roma-norte,,4,12000000,,2,25,30,15,5,75,
/marketplace?colonia=roma-norte&precio_max=15000000&recamaras_min=4,Departamentos 4 recámaras en Roma Norte hasta $15M,roma-norte,,4,15000000,,2,25,30,15,5,75,
/marketplace?colonia=roma-norte&precio_max=20000000&recamaras_min=4,Departamentos 4 recámaras en Roma Norte hasta $20M,roma-norte,,4,20000000,,2,25,30,15,5,75,
/marketplace?colonia=roma-norte&precio_max=30000000&recamaras_min=4,Departamentos 4 recámaras en Roma Norte hasta $30M,roma-norte,,4,30000000,,2,25,30,15,5,75,
/marketplace?colonia=condesa&precio_max=5000000&recamaras_min=4,Departamentos 4 recámaras en Condesa hasta $5M,condesa,,4,5000000,,2,25,30,15,5,75,
/marketplace?colonia=condesa&precio_max=8000000&recamaras_min=4,Departamentos 4 recámaras en Condesa hasta $8M,condesa,,4,8000000,,2,25,30,15,5,75,
/marketplace?colonia=condesa&precio_max=12000000&recamaras_min=4,Departamentos 4 recámaras en Condesa hasta $12M,condesa,,4,12000000,,2,25,30,15,5,75,
/marketplace?colonia=condesa&precio_max=15000000&recamaras_min=4,Departamentos 4 recámaras en Condesa hasta $15M,condesa,,4,15000000,,2,25,30,15,5,75,
/marketplace?colonia=condesa&precio_max=20000000&recamaras_min=4,Departamentos 4 recámaras en Condesa hasta $20M,condesa,,4,20000000,,2,25,30,15,5,75,
/marketplace?colonia=condesa&precio_max=30000000&recamaras_min=4,Departamentos 4 recámaras en Condesa hasta $30M,condesa,,4,30000000,,2,25,30,15,5,75,
/marketplace?colonia=coyoacan-centro&precio_max=3000000&recamaras_min=4,Departamentos 4 recámaras en Coyoacán Centro hasta $3M,coyoacan-centro,,4,3000000,,2,25,30,15,5,75,
/marketplace?colonia=coyoacan-centro&precio_max=5000000&recamaras_min=4,Departamentos 4 recámaras en Coyoacán Centro hasta $5M,coyoacan-centro,,4,5000000,,2,25,30,15,5,75,
/marketplace?colonia=coyoacan-centro&precio_max=8000000&recamaras_min=4,Departamentos 4 recámaras en Coyoacán Centro hasta $8M,coyoacan-centro,,4,8000000,,2,25,30,15,5,75,
/marketplace?colonia=coyoacan-centro&precio_max=12000000&recamaras_min=4,Departamentos 4 recámaras en Coyoacán Centro hasta $12M,coyoacan-centro,,4,12000000,,2,25,30,15,5,75,
/marketplace?colonia=coyoacan-centro&precio_max=15000000&recamaras_min=4,Departamentos 4 recámaras en Coyoacán Centro hasta $15M,coyoacan-centro,,4,15000000,,2,25,30,15,5,75,
/marketplace?colonia=coyoacan-centro&precio_max=20000000&recamaras_min=4,Departamentos 4 recámaras en Coyoacán Centro hasta $20M,coyoacan-centro,,4,20000000,,2,25,30,15,5,75,
/marketplace?colonia=coyoacan-centro&precio_max=30000000&recamaras_min=4,Departamentos 4 recámaras en Coyoacán Centro hasta $30M,coyoacan-centro,,4,30000000,,2,25,30,15,5,75,
/marketplace?colonia=santa-fe&precio_max=5000000&recamaras_min=4,Departamentos 4 recámaras en Santa Fe hasta $5M,santa-fe,,4,5000000,,2,25,30,15,5,75,
/marketplace?colonia=santa-fe&precio_max=8000000&recamaras_min=4,Departamentos 4 recámaras en Santa Fe hasta $8M,santa-fe,,4,8000000,,2,25,30,15,5,75,
/marketplace?colonia=santa-fe&precio_max=12000000&recamaras_min=4,Departamentos 4 recámaras en Santa Fe hasta $12M,santa-fe,,4,12000000,,2,25,30,15,5,75,
/marketplace?colonia=santa-fe&precio_max=15000000&recamaras_min=4,Departamentos 4 recámaras en Santa Fe hasta $15M,santa-fe,,4,15000000,,2,25,30,15,5,75,
/marketplace?colonia=santa-fe&precio_max=20000000&recamaras_min=4,Departamentos 4 recámaras en Santa Fe hasta $20M,santa-fe,,4,20000000,,2,25,30,15,5,75,
/marketplace?colonia=santa-fe&precio_max=30000000&recamaras_min=4,Departamentos 4 recámaras en Santa Fe hasta $30M,santa-fe,,4,30000000,,2,25,30,15,5,75,
/marketplace?colonia=napoles&precio_max=3000000&recamaras_min=4,Departamentos 4 recámaras en Nápoles hasta $3M,napoles,,4,3000000,,2,25,30,15,5,75,
/marketplace?colonia=napoles&precio_max=5000000&recamaras_min=4,Departamentos 4 recámaras en Nápoles hasta $5M,napoles,,4,5000000,,2,25,30,15,5,75,
/marketplace?colonia=napoles&precio_max=8000000&recamaras_min=4,Departamentos 4 recámaras en Nápoles hasta $8M,napoles,,4,8000000,,2,25,30,15,5,75,
/marketplace?colonia=napoles&precio_max=12000000&recamaras_min=4,Departamentos 4 recámaras en Nápoles hasta $12M,napoles,,4,12000000,,2,25,30,15,5,75,
/marketplace?colonia=napoles&precio_max=15000000&recamaras_min=4,Departamentos 4 recámaras en Nápoles hasta $15M,napoles,,4,15000000,,2,25,30,15,5,75,
/marketplace?colonia=napoles&precio_max=20000000&recamaras_min=4,Departamentos 4 recámaras en Nápoles hasta $20M,napoles,,4,20000000,,2,25,30,15,5,75,
/marketplace?colonia=juarez&precio_max=3000000&recamaras_min=2,Departamentos 2 recámaras en Juárez hasta $3M,juarez,,2,3000000,,3,25,30,15,5,75,
/marketplace?colonia=juarez&precio_max=5000000&recamaras_min=2,Departamentos 2 recámaras en Juárez hasta $5M,juarez,,2,5000000,,3,25,30,15,5,75,
/marketplace?colonia=juarez&precio_max=8000000&recamaras_min=2,Departamentos 2 recámaras en Juárez hasta $8M,juarez,,2,8000000,,3,25,30,15,5,75,
/marketplace?colonia=juarez&precio_max=12000000&recamaras_min=2,Departamentos 2 recámaras en Juárez hasta $12M,juarez,,2,12000000,,3,25,30,15,5,75,
/marketplace?colonia=juarez&precio_max=15000000&recamaras_min=2,Departamentos 2 recámaras en Juárez hasta $15M,juarez,,2,15000000,,3,25,30,15,5,75,
/marketplace?colonia=cuauhtemoc&precio_max=3000000&recamaras_min=2,Departamentos 2 recámaras en Cuauhtémoc hasta $3M,cuauhtemoc,,2,3000000,,3,25,30,15,5,75,
/marketplace?colonia=cuauhtemoc&precio_max=5000000&recamaras_min=2,Departamentos 2 recámaras en Cuauhtémoc hasta $5M,cuauhtemoc,,2,5000000,,3,25,30,15,5,75,
/marketplace?colonia=cuauhtemoc&precio_max=8000000&recamaras_min=2,Departamentos 2 recámaras en Cuauhtémoc hasta $8M,cuauhtemoc,,2,8000000,,3,25,30,15,5,75,
/marketplace?colonia=cuauhtemoc&precio_max=12000000&recamaras_min=2,Departamentos 2 recámaras en Cuauhtémoc hasta $12M,cuauhtemoc,,2,12000000,,3,25,30,15,5,75,
/marketplace?colonia=cuauhtemoc&precio_max=15000000&recamaras_min=2,Departamentos 2 recámaras en Cuauhtémoc hasta $15M,cuauhtemoc,,2,15000000,,3,25,30,15,5,75,
/marketplace?colonia=del-valle-centro&precio_max=3000000&recamaras_min=2,Departamentos 2 recámaras en Del Valle Centro hasta $3M,del-valle-centro,,2,3000000,,3,25,30,15,5,75,
/marketplace?colonia=del-valle-centro&precio_max=5000000&recamaras_min=2,Departamentos 2 recámaras en Del Valle Centro hasta $5M,del-valle-centro,,2,5000000,,3,25,30,15,5,75,
/marketplace?colonia=del-valle-centro&precio_max=8000000&recamaras_min=2,Departamentos 2 recámaras en Del Valle Centro hasta $8M,del-valle-centro,,2,8000000,,3,25,30,15,5,75,
/marketplace?colonia=del-valle-centro&precio_max=12000000&recamaras_min=2,Departamentos 2 recámaras en Del Valle Centro hasta $12M,del-valle-centro,,2,12000000,,3,25,30,15,5,75,
/marketplace?colonia=del-valle-centro&precio_max=15000000&recamaras_min=2,Departamentos 2 recámaras en Del Valle Centro hasta $15M,del-valle-centro,,2,15000000,,3,25,30,15,5,75,
/marketplace?colonia=del-valle-centro&precio_max=20000000&recamaras_min=2,Departamentos 2 recámaras en Del Valle Centro hasta $20M,del-valle-centro,,2,20000000,,3,25,30,15,5,75,
/marketplace?colonia=narvarte&precio_max=3000000&recamaras_min=2,Departamentos 2 recámaras en Narvarte Poniente hasta $3M,narvarte,,2,3000000,,3,25,30,15,5,75,
/marketplace?colonia=narvarte&precio_max=5000000&recamaras_min=2,Departamentos 2 recámaras en Narvarte Poniente hasta $5M,narvarte,,2,5000000,,3,25,30,15,5,75,
/marketplace?colonia=narvarte&precio_max=8000000&recamaras_min=2,Departamentos 2 recámaras en Narvarte Poniente hasta $8M,narvarte,,2,8000000,,3,25,30,15,5,75,
/marketplace?colonia=narvarte&precio_max=12000000&recamaras_min=2,Departamentos 2 recámaras en Narvarte Poniente hasta $12M,narvarte,,2,12000000,,3,25,30,15,5,75,
/marketplace?colonia=narvarte&precio_max=15000000&recamaras_min=2,Departamentos 2 recámaras en Narvarte Poniente hasta $15M,narvarte,,2,15000000,,3,25,30,15,5,75,
/marketplace?colonia=escandon&precio_max=3000000&recamaras_min=2,Departamentos 2 recámaras en Escandón hasta $3M,escandon,,2,3000000,,3,25,30,15,5,75,
/marketplace?colonia=escandon&precio_max=5000000&recamaras_min=2,Departamentos 2 recámaras en Escandón hasta $5M,escandon,,2,5000000,,3,25,30,15,5,75,
/marketplace?colonia=escandon&precio_max=8000000&recamaras_min=2,Departamentos 2 recámaras en Escandón hasta $8M,escandon,,2,8000000,,3,25,30,15,5,75,
/marketplace?colonia=escandon&precio_max=12000000&recamaras_min=2,Departamentos 2 recámaras en Escandón hasta $12M,escandon,,2,12000000,,3,25,30,15,5,75,
/marketplace?colonia=escandon&precio_max=15000000&recamaras_min=2,Departamentos 2 recámaras en Escandón hasta $15M,escandon,,2,15000000,,3,25,30,15,5,75,
/marketplace?colonia=anzures&precio_max=3000000&recamaras_min=2,Departamentos 2 recámaras en Anzures hasta $3M,anzures,,2,3000000,,3,25,30,15,5,75,
/marketplace?colonia=anzures&precio_max=5000000&recamaras_min=2,Departamentos 2 recámaras en Anzures hasta $5M,anzures,,2,5000000,,3,25,30,15,5,75,
/marketplace?colonia=anzures&precio_max=8000000&recamaras_min=2,Departamentos 2 recámaras en Anzures hasta $8M,anzures,,2,8000000,,3,25,30,15,5,75,
/marketplace?colonia=anzures&precio_max=12000000&recamaras_min=2,Departamentos 2 recámaras en Anzures hasta $12M,anzures,,2,12000000,,3,25,30,15,5,75,
/marketplace?colonia=anzures&precio_max=15000000&recamaras_min=2,Departamentos 2 recámaras en Anzures hasta $15M,anzures,,2,15000000,,3,25,30,15,5,75,
/marketplace?colonia=anzures&precio_max=20000000&recamaras_min=2,Departamentos 2 recámaras en Anzures hasta $20M,anzures,,2,20000000,,3,25,30,15,5,75,
/marketplace?colonia=roma-sur&precio_max=3000000&recamaras_min=2,Departamentos 2 recámaras en Roma Sur hasta $3M,roma-sur,,2,3000000,,3,25,30,15,5,75,
/marketplace?colonia=roma-sur&precio_max=5000000&recamaras_min=2,Departamentos 2 recámaras en Roma Sur hasta $5M,roma-sur,,2,5000000,,3,25,30,15,5,75,
/marketplace?colonia=roma-sur&precio_max=8000000&recamaras_min=2,Departamentos 2 recámaras en Roma Sur hasta $8M,roma-sur,,2,8000000,,3,25,30,15,5,75,
/marketplace?colonia=roma-sur&precio_max=12000000&recamaras_min=2,Departamentos 2 recámaras en Roma Sur hasta $12M,roma-sur,,2,12000000,,3,25,30,15,5,75,
/marketplace?colonia=roma-sur&precio_max=15000000&recamaras_min=2,Departamentos 2 recámaras en Roma Sur hasta $15M,roma-sur,,2,15000000,,3,25,30,15,5,75,
/marketplace?colonia=roma-norte&precio_max=3000000&recamaras_min=4&tipo=depto,Departamentos 4 recámaras en Roma Norte hasta $3M,roma-norte,depto,4,3000000,,2,25,30,15,5,75,
/marketplace?colonia=roma-norte&precio_max=5000000&recamaras_min=4&tipo=depto,Departamentos 4 recámaras en Roma Norte hasta $5M,roma-norte,depto,4,5000000,,2,25,30,15,5,75,
/marketplace?colonia=roma-norte&precio_max=8000000&recamaras_min=4&tipo=depto,Departamentos 4 recámaras en Roma Norte hasta $8M,roma-norte,depto,4,8000000,,2,25,30,15,5,75,
/marketplace?colonia=roma-norte&precio_max=12000000&recamaras_min=4&tipo=depto,Departamentos 4 recámaras en Roma Norte hasta $12M,roma-norte,depto,4,12000000,,2,25,30,15,5,75,
/marketplace?colonia=roma-norte&precio_max=15000000&recamaras_min=4&tipo=depto,Departamentos 4 recámaras en Roma Norte hasta $15M,roma-norte,depto,4,15000000,,2,25,30,15,5,75,
/marketplace?colonia=roma-norte&precio_max=20000000&recamaras_min=4&tipo=depto,Departamentos 4 recámaras en Roma Norte hasta $20M,roma-norte,depto,4,20000000,,2,25,30,15,5,75,
/marketplace?colonia=roma-norte&precio_max=30000000&recamaras_min=4&tipo=depto,Departamentos 4 recámaras en Roma Norte hasta $30M,roma-norte,depto,4,30000000,,2,25,30,15,5,75,
/marketplace?colonia=roma-norte&precio_max=3000000&recamaras_min=4&tipo=loft,Lofts 4 recámaras en Roma Norte hasta $3M,roma-norte,loft,4,3000000,,2,25,30,15,5,75,
/marketplace?colonia=roma-norte&precio_max=5000000&recamaras_min=4&tipo=loft,Lofts 4 recámaras en Roma Norte hasta $5M,roma-norte,loft,4,5000000,,2,25,30,15,5,75,
/marketplace?colonia=roma-norte&precio_max=8000000&recamaras_min=4&tipo=loft,Lofts 4 recámaras en Roma Norte hasta $8M,roma-norte,loft,4,8000000,,2,25,30,15,5,75,
/marketplace?colonia=roma-norte&precio_max=12000000&recamaras_min=4&tipo=loft,Lofts 4 recámaras en Roma Norte hasta $12M,roma-norte,loft,4,12000000,,2,25,30,15,5,75,
/marketplace?colonia=roma-norte&precio_max=15000000&recamaras_min=4&tipo=loft,Lofts 4 recámaras en Roma Norte hasta $15M,roma-norte,loft,4,15000000,,2,25,30,15,5,75,
/marketplace?colonia=roma-norte&precio_max=20000000&recamaras_min=4&tipo=loft,Lofts 4 recámaras en Roma Norte hasta $20M,roma-norte,loft,4,20000000,,2,25,30,15,5,75,
/marketplace?colonia=roma-norte&precio_max=30000000&recamaras_min=4&tipo=loft,Lofts 4 recámaras en Roma Norte hasta $30M,roma-norte,loft,4,30000000,,2,25,30,15,5,75,
/marketplace?colonia=condesa&precio_max=5000000&recamaras_min=4&tipo=depto,Departamentos 4 recámaras en Condesa hasta $5M,condesa,depto,4,5000000,,2,25,30,15,5,75,
/marketplace?colonia=condesa&precio_max=8000000&recamaras_min=4&tipo=depto,Departamentos 4 recámaras en Condesa hasta $8M,condesa,depto,4,8000000,,2,25,30,15,5,75,
/marketplace?colonia=condesa&precio_max=12000000&recamaras_min=4&tipo=depto,Departamentos 4 recámaras en Condesa hasta $12M,condesa,depto,4,12000000,,2,25,30,15,5,75,
/marketplace?colonia=condesa&precio_max=15000000&recamaras_min=4&tipo=depto,Departamentos 4 recámaras en Condesa hasta $15M,condesa,depto,4,15000000,,2,25,30,15,5,75,
/marketplace?colonia=condesa&precio_max=20000000&recamaras_min=4&tipo=depto,Departamentos 4 recámaras en Condesa hasta $20M,condesa,depto,4,20000000,,2,25,30,15,5,75,
/marketplace?colonia=condesa&precio_max=30000000&recamaras_min=4&tipo=depto,Departamentos 4 recámaras en Condesa hasta $30M,condesa,depto,4,30000000,,2,25,30,15,5,75,
/marketplace?colonia=condesa&precio_max=5000000&recamaras_min=4&tipo=loft,Lofts 4 recámaras en Condesa hasta $5M,condesa,loft,4,5000000,,2,25,30,15,5,75,
/marketplace?colonia=condesa&precio_max=8000000&recamaras_min=4&tipo=loft,Lofts 4 recámaras en Condesa hasta $8M,condesa,loft,4,8000000,,2,25,30,15,5,75,
/marketplace?colonia=condesa&precio_max=12000000&recamaras_min=4&tipo=loft,Lofts 4 recámaras en Condesa hasta $12M,condesa,loft,4,12000000,,2,25,30,15,5,75,
/marketplace?colonia=condesa&precio_max=15000000&recamaras_min=4&tipo=loft,Lofts 4 recámaras en Condesa hasta $15M,condesa,loft,4,15000000,,2,25,30,15,5,75,
/marketplace?colonia=condesa&precio_max=20000000&recamaras_min=4&tipo=loft,Lofts 4 recámaras en Condesa hasta $20M,condesa,loft,4,20000000,,2,25,30,15,5,75,
/marketplace?colonia=condesa&precio_max=30000000&recamaras_min=4&tipo=loft,Lofts 4 recámaras en Condesa hasta $30M,condesa,loft,4,30000000,,2,25,30,15,5,75,
/marketplace?colonia=coyoacan-centro&precio_max=3000000&recamaras_min=4&tipo=depto,Departamentos 4 recámaras en Coyoacán Centro hasta $3M,coyoacan-centro,depto,4,3000000,,2,25,30,15,5,75,
/marketplace?colonia=coyoacan-centro&precio_max=5000000&recamaras_min=4&tipo=depto,Departamentos 4 recámaras en Coyoacán Centro hasta $5M,coyoacan-centro,depto,4,5000000,,2,25,30,15,5,75,
/marketplace?colonia=coyoacan-centro&precio_max=8000000&recamaras_min=4&tipo=depto,Departamentos 4 recámaras en Coyoacán Centro hasta $8M,coyoacan-centro,depto,4,8000000,,2,25,30,15,5,75,
/marketplace?colonia=coyoacan-centro&precio_max=12000000&recamaras_min=4&tipo=depto,Departamentos 4 recámaras en Coyoacán Centro hasta $12M,coyoacan-centro,depto,4,12000000,,2,25,30,15,5,75,
/marketplace?colonia=coyoacan-centro&precio_max=15000000&recamaras_min=4&tipo=depto,Departamentos 4 recámaras en Coyoacán Centro hasta $15M,coyoacan-centro,depto,4,15000000,,2,25,30,15,5,75,
/marketplace?colonia=coyoacan-centro&precio_max=20000000&recamaras_min=4&tipo=depto,Departamentos 4 recámaras en Coyoacán Centro hasta $20M,coyoacan-centro,depto,4,20000000,,2,25,30,15,5,75,
/marketplace?colonia=coyoacan-centro&precio_max=30000000&recamaras_min=4&tipo=depto,Departamentos 4 recámaras en Coyoacán Centro hasta $30M,coyoacan-centro,depto,4,30000000,,2,25,30,15,5,75,
/marketplace?colonia=coyoacan-centro&precio_max=3000000&recamaras_min=4&tipo=casa,Casas 4 recámaras en Coyoacán Centro hasta $3M,coyoacan-centro,casa,4,3000000,,2,25,30,15,5,75,
/marketplace?colonia=coyoacan-centro&precio_max=5000000&recamaras_min=4&tipo=casa,Casas 4 recámaras en Coyoacán Centro hasta $5M,coyoacan-centro,casa,4,5000000,,2,25,30,15,5,75,
/marketplace?colonia=coyoacan-centro&precio_max=8000000&recamaras_min=4&tipo=casa,Casas 4 recámaras en Coyoacán Centro hasta $8M,coyoacan-centro,casa,4,8000000,,2,25,30,15,5,75,
/marketplace?colonia=coyoacan-centro&precio_max=12000000&recamaras_min=4&tipo=casa,Casas 4 recámaras en Coyoacán Centro hasta $12M,coyoacan-centro,casa,4,12000000,,2,25,30,15,5,75,
/marketplace?colonia=coyoacan-centro&precio_max=15000000&recamaras_min=4&tipo=casa,Casas 4 recámaras en Coyoacán Centro hasta $15M,coyoacan-centro,casa,4,15000000,,2,25,30,15,5,75,
/marketplace?colonia=coyoacan-centro&precio_max=20000000&recamaras_min=4&tipo=casa,Casas 4 recámaras en Coyoacán Centro hasta $20M,coyoacan-centro,casa,4,20000000,,2,25,30,15,5,75,
/marketplace?colonia=coyoacan-centro&precio_max=30000000&recamaras_min=4&tipo=casa,Casas 4 recámaras en Coyoacán Centro hasta $30M,coyoacan-centro,casa,4,30000000,,2,25,30,15,5,75,
/marketplace?colonia=santa-fe&precio_max=5000000&recamaras_min=4&tipo=depto,Departamentos 4 recámaras en Santa Fe hasta $5M,santa-fe,depto,4,5000000,,2,25,30,15,5,75,
/marketplace?colonia=santa-fe&precio_max=8000000&recamaras_min=4&tipo=depto,Departamentos 4 recámaras en Santa Fe hasta $8M,santa-fe,depto,4,8000000,,2,25,30,15,5,75,
/marketplace?colonia=santa-fe&precio_max=12000000&recamaras_min=4&tipo=depto,Departamentos 4 recámaras en Santa Fe hasta $12M,santa-fe,depto,4,12000000,,2,25,30,15,5,75,
/marketplace?colonia=santa-fe&precio_max=15000000&recamaras_min=4&tipo=depto,Departamentos 4 recámaras en Santa Fe hasta $15M,santa-fe,depto,4,15000000,,2,25,30,15,5,75,
/marketplace?colonia=santa-fe&precio_max=20000000&recamaras_min=4&tipo=depto,Departamentos 4 recámaras en Santa Fe hasta $20M,santa-fe,depto,4,20000000,,2,25,30,15,5,75,
/marketplace?colonia=santa-fe&precio_max=30000000&recamaras_min=4&tipo=depto,Departamentos 4 recámaras en Santa Fe hasta $30M,santa-fe,depto,4,30000000,,2,25,30,15,5,75,
/marketplace?colonia=napoles&precio_max=3000000&recamaras_min=4&tipo=depto,Departamentos 4 recámaras en Nápoles hasta $3M,napoles,depto,4,3000000,,2,25,30,15,5,75,
/marketplace?colonia=napoles&precio_max=5000000&recamaras_min=4&tipo=depto,Departamentos 4 recámaras en Nápoles hasta $5M,napoles,depto,4,5000000,,2,25,30,15,5,75,
/marketplace?colonia=napoles&precio_max=8000000&recamaras_min=4&tipo=depto,Departamentos 4 recámaras en Nápoles hasta $8M,napoles,depto,4,8000000,,2,25,30,15,5,75,
/marketplace?colonia=napoles&precio_max=12000000&recamaras_min=4&tipo=depto,Departamentos 4 recámaras en Nápoles hasta $12M,napoles,depto,4,12000000,,2,25,30,15,5,75,
/marketplace?colonia=napoles&precio_max=15000000&recamaras_min=4&tipo=depto,Departamentos 4 recámaras en Nápoles hasta $15M,napoles,depto,4,15000000,,2,25,30,15,5,75,
/marketplace?colonia=napoles&precio_max=20000000&recamaras_min=4&tipo=depto,Departamentos 4 recámaras en Nápoles hasta $20M,napoles,depto,4,20000000,,2,25,30,15,5,75,
/marketplace?colonia=juarez&precio_max=3000000&recamaras_min=2&tipo=depto,Departamentos 2 recámaras en Juárez hasta $3M,juarez,depto,2,3000000,,3,25,30,15,5,75,
/marketplace?colonia=juarez&precio_max=5000000&recamaras_min=2&tipo=depto,Departamentos 2 recámaras en Juárez hasta $5M,juarez,depto,2,5000000,,3,25,30,15,5,75,
/marketplace?colonia=juarez&precio_max=8000000&recamaras_min=2&tipo=depto,Departamentos 2 recámaras en Juárez hasta $8M,juarez,depto,2,8000000,,3,25,30,15,5,75,
/marketplace?colonia=juarez&precio_max=12000000&recamaras_min=2&tipo=depto,Departamentos 2 recámaras en Juárez hasta $12M,juarez,depto,2,12000000,,3,25,30,15,5,75,
/marketplace?colonia=juarez&precio_max=15000000&recamaras_min=2&tipo=depto,Departamentos 2 recámaras en Juárez hasta $15M,juarez,depto,2,15000000,,3,25,30,15,5,75,
/marketplace?colonia=juarez&precio_max=3000000&recamaras_min=2&tipo=loft,Lofts 2 recámaras en Juárez hasta $3M,juarez,loft,2,3000000,,3,25,30,15,5,75,
/marketplace?colonia=juarez&precio_max=5000000&recamaras_min=2&tipo=loft,Lofts 2 recámaras en Juárez hasta $5M,juarez,loft,2,5000000,,3,25,30,15,5,75,
/marketplace?colonia=juarez&precio_max=8000000&recamaras_min=2&tipo=loft,Lofts 2 recámaras en Juárez hasta $8M,juarez,loft,2,8000000,,3,25,30,15,5,75,
/marketplace?colonia=juarez&precio_max=12000000&recamaras_min=2&tipo=loft,Lofts 2 recámaras en Juárez hasta $12M,juarez,loft,2,12000000,,3,25,30,15,5,75,
/marketplace?colonia=juarez&precio_max=15000000&recamaras_min=2&tipo=loft,Lofts 2 recámaras en Juárez hasta $15M,juarez,loft,2,15000000,,3,25,30,15,5,75,
/marketplace?colonia=cuauhtemoc&precio_max=3000000&recamaras_min=2&tipo=depto,Departamentos 2 recámaras en Cuauhtémoc hasta $3M,cuauhtemoc,depto,2,3000000,,3,25,30,15,5,75,
/marketplace?colonia=cuauhtemoc&precio_max=5000000&recamaras_min=2&tipo=depto,Departamentos 2 recámaras en Cuauhtémoc hasta $5M,cuauhtemoc,depto,2,5000000,,3,25,30,15,5,75,
/marketplace?colonia=cuauhtemoc&precio_max=8000000&recamaras_min=2&tipo=depto,Departamentos 2 recámaras en Cuauhtémoc hasta $8M,cuauhtemoc,depto,2,8000000,,3,25,30,15,5,75,
/marketplace?colonia=cuauhtemoc&precio_max=12000000&recamaras_min=2&tipo=depto,Departamentos 2 recámaras en Cuauhtémoc hasta $12M,cuauhtemoc,depto,2,12000000,,3,25,30,15,5,75,
/marketplace?colonia=cuauhtemoc&precio_max=15000000&recamaras_min=2&tipo=depto,Departamentos 2 recámaras en Cuauhtémoc hasta $15M,cuauhtemoc,depto,2,15000000,,3,25,30,15,5,75,
/marketplace?colonia=cuauhtemoc&precio_max=3000000&recamaras_min=2&tipo=loft,Lofts 2 recámaras en Cuauhtémoc hasta $3M,cuauhtemoc,loft,2,3000000,,3,25,30,15,5,75,
/marketplace?colonia=cuauhtemoc&precio_max=5000000&recamaras_min=2&tipo=loft,Lofts 2 recámaras en Cuauhtémoc hasta $5M,cuauhtemoc,loft,2,5000000,,3,25,30,15,5,75,
/marketplace?colonia=cuauhtemoc&precio_max=8000000&recamaras_min=2&tipo=loft,Lofts 2 recámaras en Cuauhtémoc hasta $8M,cuauhtemoc,loft,2,8000000,,3,25,30,15,5,75,
/marketplace?colonia=cuauhtemoc&precio_max=12000000&recamaras_min=2&tipo=loft,Lofts 2 recámaras en Cuauhtémoc hasta $12M,cuauhtemoc,loft,2,12000000,,3,25,30,15,5,75,
/marketplace?colonia=cuauhtemoc&precio_max=15000000&recamaras_min=2&tipo=loft,Lofts 2 recámaras en Cuauhtémoc hasta $15M,cuauhtemoc,loft,2,15000000,,3,25,30,15,5,75,
/marketplace?colonia=del-valle-centro&precio_max=3000000&recamaras_min=2&tipo=depto,Departamentos 2 recámaras en Del Valle Centro hasta $3M,del-valle-centro,depto,2,3000000,,3,25,30,15,5,75,
/marketplace?colonia=del-valle-centro&precio_max=5000000&recamaras_min=2&tipo=depto,Departamentos 2 recámaras en Del Valle Centro hasta $5M,del-valle-centro,depto,2,5000000,,3,25,30,15,5,75,
/marketplace?colonia=del-valle-centro&precio_max=8000000&recamaras_min=2&tipo=depto,Departamentos 2 recámaras en Del Valle Centro hasta $8M,del-valle-centro,depto,2,8000000,,3,25,30,15,5,75,
/marketplace?colonia=del-valle-centro&precio_max=12000000&recamaras_min=2&tipo=depto,Departamentos 2 recámaras en Del Valle Centro hasta $12M,del-valle-centro,depto,2,12000000,,3,25,30,15,5,75,
/marketplace?colonia=del-valle-centro&precio_max=15000000&recamaras_min=2&tipo=depto,Departamentos 2 recámaras en Del Valle Centro hasta $15M,del-valle-centro,depto,2,15000000,,3,25,30,15,5,75,
/marketplace?colonia=del-valle-centro&precio_max=20000000&recamaras_min=2&tipo=depto,Departamentos 2 recámaras en Del Valle Centro hasta $20M,del-valle-centro,depto,2,20000000,,3,25,30,15,5,75,
/marketplace?colonia=narvarte&precio_max=3000000&recamaras_min=2&tipo=depto,Departamentos 2 recámaras en Narvarte Poniente hasta $3M,narvarte,depto,2,3000000,,3,25,30,15,5,75,
/marketplace?colonia=narvarte&precio_max=5000000&recamaras_min=2&tipo=depto,Departamentos 2 recámaras en Narvarte Poniente hasta $5M,narvarte,depto,2,5000000,,3,25,30,15,5,75,
/marketplace?colonia=narvarte&precio_max=8000000&recamaras_min=2&tipo=depto,Departamentos 2 recámaras en Narvarte Poniente hasta $8M,narvarte,depto,2,8000000,,3,25,30,15,5,75,
/marketplace?colonia=narvarte&precio_max=12000000&recamaras_min=2&tipo=depto,Departamentos 2 recámaras en Narvarte Poniente hasta $12M,narvarte,depto,2,12000000,,3,25,30,15,5,75,
/marketplace?colonia=narvarte&precio_max=15000000&recamaras_min=2&tipo=depto,Departamentos 2 recámaras en Narvarte Poniente hasta $15M,narvarte,depto,2,15000000,,3,25,30,15,5,75,
/marketplace?colonia=escandon&precio_max=3000000&recamaras_min=2&tipo=depto,Departamentos 2 recámaras en Escandón hasta $3M,escandon,depto,2,3000000,,3,25,30,15,5,75,
/marketplace?colonia=escandon&precio_max=5000000&recamaras_min=2&tipo=depto,Departamentos 2 recámaras en Escandón hasta $5M,escandon,depto,2,5000000,,3,25,30,15,5,75,
/marketplace?colonia=escandon&precio_max=8000000&recamaras_min=2&tipo=depto,Departamentos 2 recámaras en Escandón hasta $8M,escandon,depto,2,8000000,,3,25,30,15,5,75,
/marketplace?colonia=escandon&precio_max=12000000&recamaras_min=2&tipo=depto,Departamentos 2 recámaras en Escandón hasta $12M,escandon,depto,2,12000000,,3,25,30,15,5,75,
/marketplace?colonia=escandon&precio_max=15000000&recamaras_min=2&tipo=depto,Departamentos 2 recámaras en Escandón hasta $15M,escandon,depto,2,15000000,,3,25,30,15,5,75,
/marketplace?colonia=anzures&precio_max=3000000&recamaras_min=2&tipo=depto,Departamentos 2 recámaras en Anzures hasta $3M,anzures,depto,2,3000000,,3,25,30,15,5,75,
/marketplace?colonia=anzures&precio_max=5000000&recamaras_min=2&tipo=depto,Departamentos 2 recámaras en Anzures hasta $5M,anzures,depto,2,5000000,,3,25,30,15,5,75,
/marketplace?colonia=anzures&precio_max=8000000&recamaras_min=2&tipo=depto,Departamentos 2 recámaras en Anzures hasta $8M,anzures,depto,2,8000000,,3,25,30,15,5,75,
/marketplace?colonia=anzures&precio_max=12000000&recamaras_min=2&tipo=depto,Departamentos 2 recámaras en Anzures hasta $12M,anzures,depto,2,12000000,,3,25,30,15,5,75,
/marketplace?colonia=anzures&precio_max=15000000&recamaras_min=2&tipo=depto,Departamentos 2 recámaras en Anzures hasta $15M,anzures,depto,2,15000000,,3,25,30,15,5,75,
/marketplace?colonia=anzures&precio_max=20000000&recamaras_min=2&tipo=depto,Departamentos 2 recámaras en Anzures hasta $20M,anzures,depto,2,20000000,,3,25,30,15,5,75,
/marketplace?colonia=roma-sur&precio_max=3000000&recamaras_min=2&tipo=depto,Departamentos 2 recámaras en Roma Sur hasta $3M,roma-sur,depto,2,3000000,,3,25,30,15,5,75,
/marketplace?colonia=roma-sur&precio_max=5000000&recamaras_min=2&tipo=depto,Departamentos 2 recámaras en Roma Sur hasta $5M,roma-sur,depto,2,5000000,,3,25,30,15,5,75,
/marketplace?colonia=roma-sur&precio_max=8000000&recamaras_min=2&tipo=depto,Departamentos 2 recámaras en Roma Sur hasta $8M,roma-sur,depto,2,8000000,,3,25,30,15,5,75,
/marketplace?colonia=roma-sur&precio_max=12000000&recamaras_min=2&tipo=depto,Departamentos 2 recámaras en Roma Sur hasta $12M,roma-sur,depto,2,12000000,,3,25,30,15,5,75,
/marketplace?colonia=roma-sur&precio_max=15000000&recamaras_min=2&tipo=depto,Departamentos 2 recámaras en Roma Sur hasta $15M,roma-sur,depto,2,15000000,,3,25,30,15,5,75,
/marketplace?colonia=roma-norte&recamaras_min=1&stage=entrega_inmediata,Departamentos 1 recámaras en Roma Norte entrega inmediata,roma-norte,,1,,entrega_inmediata,2,25,26,16,8,75,
/marketplace?colonia=condesa&recamaras_min=1&stage=entrega_inmediata,Departamentos 1 recámaras en Condesa entrega inmediata,condesa,,1,,entrega_inmediata,2,25,26,16,8,75,
/marketplace?colonia=coyoacan-centro&recamaras_min=1&stage=entrega_inmediata,Departamentos 1 recámaras en Coyoacán Centro entrega inmediata,coyoacan-centro,,1,,entrega_inmediata,2,25,26,16,8,75,
/marketplace?colonia=santa-fe&recamaras_min=1&stage=entrega_inmediata,Departamentos 1 recámaras en Santa Fe entrega inmediata,santa-fe,,1,,entrega_inmediata,2,25,26,16,8,75,
/marketplace?colonia=napoles&recamaras_min=1&stage=entrega_inmediata,Departamentos 1 recámaras en Nápoles entrega inmediata,napoles,,1,,entrega_inmediata,2,25,26,16,8,75,
/marketplace?colonia=roma-norte&recamaras_min=2,Departamentos 2 recámaras en Roma Norte,roma-norte,,2,,,2,25,23,21,5,74,
/marketplace?colonia=condesa&recamaras_min=2,Departamentos 2 recámaras en Condesa,condesa,,2,,,2,25,23,21,5,74,
/marketplace?colonia=coyoacan-centro&recamaras_min=2,Departamentos 2 recámaras en Coyoacán Centro,coyoacan-centro,,2,,,2,25,23,21,5,74,
/marketplace?colonia=santa-fe&recamaras_min=2,Departamentos 2 recámaras en Santa Fe,santa-fe,,2,,,2,25,23,21,5,74,
/marketplace?colonia=napoles&recamaras_min=2,Departamentos 2 recámaras en Nápoles,napoles,,2,,,2,25,23,21,5,74,
/marketplace?colonia=napoles&precio_max=30000000&recamaras_min=3,Departamentos 3 recámaras en Nápoles hasta $30M,napoles,,3,30000000,,2,20,30,19,5,74,
/marketplace?colonia=napoles&precio_max=30000000&recamaras_min=3&tipo=depto,Departamentos 3 recámaras en Nápoles hasta $30M,napoles,depto,3,30000000,,2,20,30,19,5,74,
/marketplace?colonia=roma-norte&recamaras_min=2&stage=en_construccion,Departamentos 2 recámaras en Roma Norte,roma-norte,,2,,en_construccion,2,25,23,21,5,74,
/marketplace?colonia=roma-norte&recamaras_min=4&stage=entrega_inmediata,Departamentos 4 recámaras en Roma Norte entrega inmediata,roma-norte,,4,,entrega_inmediata,2,25,26,15,8,74,
/marketplace?colonia=condesa&recamaras_min=2&stage=en_construccion,Departamentos 2 recámaras en Condesa,condesa,,2,,en_construccion,2,25,23,21,5,74,
/marketplace?colonia=condesa&recamaras_min=4&stage=entrega_inmediata,Departamentos 4 recámaras en Condesa entrega inmediata,condesa,,4,,entrega_inmediata,2,25,26,15,8,74,
/marketplace?colonia=coyoacan-centro&recamaras_min=2&stage=en_construccion,Departamentos 2 recámaras en Coyoacán Centro,coyoacan-centro,,2,,en_construccion,2,25,23,21,5,74,
/marketplace?colonia=coyoacan-centro&recamaras_min=4&stage=entrega_inmediata,Departamentos 4 recámaras en Coyoacán Centro entrega inmediata,coyoacan-centro,,4,,entrega_inmediata,2,25,26,15,8,74,
/marketplace?colonia=santa-fe&recamaras_min=2&stage=en_construccion,Departamentos 2 recámaras en Santa Fe,santa-fe,,2,,en_construccion,2,25,23,21,5,74,
/marketplace?colonia=santa-fe&recamaras_min=4&stage=entrega_inmediata,Departamentos 4 recámaras en Santa Fe entrega inmediata,santa-fe,,4,,entrega_inmediata,2,25,26,15,8,74,
/marketplace?colonia=napoles&recamaras_min=2&stage=en_construccion,Departamentos 2 recámaras en Nápoles,napoles,,2,,en_construccion,2,25,23,21,5,74,
/marketplace?colonia=napoles&recamaras_min=4&stage=entrega_inmediata,Departamentos 4 recámaras en Nápoles entrega inmediata,napoles,,4,,entrega_inmediata,2,25,26,15,8,74,
/marketplace?colonia=juarez&recamaras_min=2&stage=entrega_inmediata,Departamentos 2 recámaras en Juárez entrega inmediata,juarez,,2,,entrega_inmediata,3,25,26,15,8,74,
/marketplace?colonia=cuauhtemoc&recamaras_min=2&stage=entrega_inmediata,Departamentos 2 recámaras en Cuauhtémoc entrega inmediata,cuauhtemoc,,2,,entrega_inmediata,3,25,26,15,8,74,
/marketplace?colonia=del-valle-centro&recamaras_min=2&stage=entrega_inmediata,Departamentos 2 recámaras en Del Valle Centro entrega inmediata,del-valle-centro,,2,,entrega_inmediata,3,25,26,15,8,74,
/marketplace?colonia=narvarte&recamaras_min=2&stage=entrega_inmediata,Departamentos 2 recámaras en Narvarte Poniente entrega inmediata,narvarte,,2,,entrega_inmediata,3,25,26,15,8,74,
/marketplace?colonia=escandon&recamaras_min=2&stage=entrega_inmediata,Departamentos 2 recámaras en Escandón entrega inmediata,escandon,,2,,entrega_inmediata,3,25,26,15,8,74,
/marketplace?colonia=anzures&recamaras_min=2&stage=entrega_inmediata,Departamentos 2 recámaras en Anzures entrega inmediata,anzures,,2,,entrega_inmediata,3,25,26,15,8,74,
/marketplace?colonia=roma-sur&recamaras_min=2&stage=entrega_inmediata,Departamentos 2 recámaras en Roma Sur entrega inmediata,roma-sur,,2,,entrega_inmediata,3,25,26,15,8,74,
/marketplace?colonia=juarez&precio_max=3000000&recamaras_min=3,Departamentos 3 recámaras en Juárez hasta $3M,juarez,,3,3000000,,3,25,30,13,5,73,
/marketplace?colonia=juarez&precio_max=5000000&recamaras_min=3,Departamentos 3 recámaras en Juárez hasta $5M,juarez,,3,5000000,,3,25,30,13,5,73,
/marketplace?colonia=juarez&precio_max=8000000&recamaras_min=3,Departamentos 3 recámaras en Juárez hasta $8M,juarez,,3,8000000,,3,25,30,13,5,73,
/marketplace?colonia=juarez&precio_max=12000000&recamaras_min=3,Departamentos 3 recámaras en Juárez hasta $12M,juarez,,3,12000000,,3,25,30,13,5,73,
/marketplace?colonia=juarez&precio_max=15000000&recamaras_min=3,Departamentos 3 recámaras en Juárez hasta $15M,juarez,,3,15000000,,3,25,30,13,5,73,
/marketplace?colonia=cuauhtemoc&precio_max=3000000&recamaras_min=3,Departamentos 3 recámaras en Cuauhtémoc hasta $3M,cuauhtemoc,,3,3000000,,3,25,30,13,5,73,
/marketplace?colonia=cuauhtemoc&precio_max=5000000&recamaras_min=3,Departamentos 3 recámaras en Cuauhtémoc hasta $5M,cuauhtemoc,,3,5000000,,3,25,30,13,5,73,
/marketplace?colonia=cuauhtemoc&precio_max=8000000&recamaras_min=3,Departamentos 3 recámaras en Cuauhtémoc hasta $8M,cuauhtemoc,,3,8000000,,3,25,30,13,5,73,
/marketplace?colonia=cuauhtemoc&precio_max=12000000&recamaras_min=3,Departamentos 3 recámaras en Cuauhtémoc hasta $12M,cuauhtemoc,,3,12000000,,3,25,30,13,5,73,
/marketplace?colonia=cuauhtemoc&precio_max=15000000&recamaras_min=3,Departamentos 3 recámaras en Cuauhtémoc hasta $15M,cuauhtemoc,,3,15000000,,3,25,30,13,5,73,
/marketplace?colonia=del-valle-centro&precio_max=3000000&recamaras_min=3,Departamentos 3 recámaras en Del Valle Centro hasta $3M,del-valle-centro,,3,3000000,,3,25,30,13,5,73,
/marketplace?colonia=del-valle-centro&precio_max=5000000&recamaras_min=3,Departamentos 3 recámaras en Del Valle Centro hasta $5M,del-valle-centro,,3,5000000,,3,25,30,13,5,73,
/marketplace?colonia=del-valle-centro&precio_max=8000000&recamaras_min=3,Departamentos 3 recámaras en Del Valle Centro hasta $8M,del-valle-centro,,3,8000000,,3,25,30,13,5,73,
/marketplace?colonia=del-valle-centro&precio_max=12000000&recamaras_min=3,Departamentos 3 recámaras en Del Valle Centro hasta $12M,del-valle-centro,,3,12000000,,3,25,30,13,5,73,
/marketplace?colonia=del-valle-centro&precio_max=15000000&recamaras_min=3,Departamentos 3 recámaras en Del Valle Centro hasta $15M,del-valle-centro,,3,15000000,,3,25,30,13,5,73,
/marketplace?colonia=del-valle-centro&precio_max=20000000&recamaras_min=3,Departamentos 3 recámaras en Del Valle Centro hasta $20M,del-valle-centro,,3,20000000,,3,25,30,13,5,73,
/marketplace?colonia=narvarte&precio_max=3000000&recamaras_min=3,Departamentos 3 recámaras en Narvarte Poniente hasta $3M,narvarte,,3,3000000,,3,25,30,13,5,73,
/marketplace?colonia=narvarte&precio_max=5000000&recamaras_min=3,Departamentos 3 recámaras en Narvarte Poniente hasta $5M,narvarte,,3,5000000,,3,25,30,13,5,73,
/marketplace?colonia=narvarte&precio_max=8000000&recamaras_min=3,Departamentos 3 recámaras en Narvarte Poniente hasta $8M,narvarte,,3,8000000,,3,25,30,13,5,73,
/marketplace?colonia=narvarte&precio_max=12000000&recamaras_min=3,Departamentos 3 recámaras en Narvarte Poniente hasta $12M,narvarte,,3,12000000,,3,25,30,13,5,73,
/marketplace?colonia=narvarte&precio_max=15000000&recamaras_min=3,Departamentos 3 recámaras en Narvarte Poniente hasta $15M,narvarte,,3,15000000,,3,25,30,13,5,73,
/marketplace?colonia=escandon&precio_max=3000000&recamaras_min=3,Departamentos 3 recámaras en Escandón hasta $3M,escandon,,3,3000000,,3,25,30,13,5,73,
/marketplace?colonia=escandon&precio_max=5000000&recamaras_min=3,Departamentos 3 recámaras en Escandón hasta $5M,escandon,,3,5000000,,3,25,30,13,5,73,
/marketplace?colonia=escandon&precio_max=8000000&recamaras_min=3,Departamentos 3 recámaras en Escandón hasta $8M,escandon,,3,8000000,,3,25,30,13,5,73,
/marketplace?colonia=escandon&precio_max=12000000&recamaras_min=3,Departamentos 3 recámaras en Escandón hasta $12M,escandon,,3,12000000,,3,25,30,13,5,73,
/marketplace?colonia=escandon&precio_max=15000000&recamaras_min=3,Departamentos 3 recámaras en Escandón hasta $15M,escandon,,3,15000000,,3,25,30,13,5,73,
/marketplace?colonia=anzures&precio_max=3000000&recamaras_min=3,Departamentos 3 recámaras en Anzures hasta $3M,anzures,,3,3000000,,3,25,30,13,5,73,
/marketplace?colonia=anzures&precio_max=5000000&recamaras_min=3,Departamentos 3 recámaras en Anzures hasta $5M,anzures,,3,5000000,,3,25,30,13,5,73,
/marketplace?colonia=anzures&precio_max=8000000&recamaras_min=3,Departamentos 3 recámaras en Anzures hasta $8M,anzures,,3,8000000,,3,25,30,13,5,73,
/marketplace?colonia=anzures&precio_max=12000000&recamaras_min=3,Departamentos 3 recámaras en Anzures hasta $12M,anzures,,3,12000000,,3,25,30,13,5,73,
/marketplace?colonia=anzures&precio_max=15000000&recamaras_min=3,Departamentos 3 recámaras en Anzures hasta $15M,anzures,,3,15000000,,3,25,30,13,5,73,
/marketplace?colonia=anzures&precio_max=20000000&recamaras_min=3,Departamentos 3 recámaras en Anzures hasta $20M,anzures,,3,20000000,,3,25,30,13,5,73,
/marketplace?colonia=roma-sur&precio_max=3000000&recamaras_min=3,Departamentos 3 recámaras en Roma Sur hasta $3M,roma-sur,,3,3000000,,3,25,30,13,5,73,
/marketplace?colonia=roma-sur&precio_max=5000000&recamaras_min=3,Departamentos 3 recámaras en Roma Sur hasta $5M,roma-sur,,3,5000000,,3,25,30,13,5,73,
/marketplace?colonia=roma-sur&precio_max=8000000&recamaras_min=3,Departamentos 3 recámaras en Roma Sur hasta $8M,roma-sur,,3,8000000,,3,25,30,13,5,73,
/marketplace?colonia=roma-sur&precio_max=12000000&recamaras_min=3,Departamentos 3 recámaras en Roma Sur hasta $12M,roma-sur,,3,12000000,,3,25,30,13,5,73,
/marketplace?colonia=roma-sur&precio_max=15000000&recamaras_min=3,Departamentos 3 recámaras en Roma Sur hasta $15M,roma-sur,,3,15000000,,3,25,30,13,5,73,
/marketplace?colonia=juarez&precio_max=3000000&recamaras_min=3&tipo=depto,Departamentos 3 recámaras en Juárez hasta $3M,juarez,depto,3,3000000,,3,25,30,13,5,73,
/marketplace?colonia=juarez&precio_max=5000000&recamaras_min=3&tipo=depto,Departamentos 3 recámaras en Juárez hasta $5M,juarez,depto,3,5000000,,3,25,30,13,5,73,
/marketplace?colonia=juarez&precio_max=8000000&recamaras_min=3&tipo=depto,Departamentos 3 recámaras en Juárez hasta $8M,juarez,depto,3,8000000,,3,25,30,13,5,73,
/marketplace?colonia=juarez&precio_max=12000000&recamaras_min=3&tipo=depto,Departamentos 3 recámaras en Juárez hasta $12M,juarez,depto,3,12000000,,3,25,30,13,5,73,
/marketplace?colonia=juarez&precio_max=15000000&recamaras_min=3&tipo=depto,Departamentos 3 recámaras en Juárez hasta $15M,juarez,depto,3,15000000,,3,25,30,13,5,73,
/marketplace?colonia=juarez&precio_max=3000000&recamaras_min=3&tipo=loft,Lofts 3 recámaras en Juárez hasta $3M,juarez,loft,3,3000000,,3,25,30,13,5,73,
/marketplace?colonia=juarez&precio_max=5000000&recamaras_min=3&tipo=loft,Lofts 3 recámaras en Juárez hasta $5M,juarez,loft,3,5000000,,3,25,30,13,5,73,
/marketplace?colonia=juarez&precio_max=8000000&recamaras_min=3&tipo=loft,Lofts 3 recámaras en Juárez hasta $8M,juarez,loft,3,8000000,,3,25,30,13,5,73,
/marketplace?colonia=juarez&precio_max=12000000&recamaras_min=3&tipo=loft,Lofts 3 recámaras en Juárez hasta $12M,juarez,loft,3,12000000,,3,25,30,13,5,73,
/marketplace?colonia=juarez&precio_max=15000000&recamaras_min=3&tipo=loft,Lofts 3 recámaras en Juárez hasta $15M,juarez,loft,3,15000000,,3,25,30,13,5,73,
/marketplace?colonia=cuauhtemoc&precio_max=3000000&recamaras_min=3&tipo=depto,Departamentos 3 recámaras en Cuauhtémoc hasta $3M,cuauhtemoc,depto,3,3000000,,3,25,30,13,5,73,
/marketplace?colonia=cuauhtemoc&precio_max=5000000&recamaras_min=3&tipo=depto,Departamentos 3 recámaras en Cuauhtémoc hasta $5M,cuauhtemoc,depto,3,5000000,,3,25,30,13,5,73,
/marketplace?colonia=cuauhtemoc&precio_max=8000000&recamaras_min=3&tipo=depto,Departamentos 3 recámaras en Cuauhtémoc hasta $8M,cuauhtemoc,depto,3,8000000,,3,25,30,13,5,73,
/marketplace?colonia=cuauhtemoc&precio_max=12000000&recamaras_min=3&tipo=depto,Departamentos 3 recámaras en Cuauhtémoc hasta $12M,cuauhtemoc,depto,3,12000000,,3,25,30,13,5,73,
/marketplace?colonia=cuauhtemoc&precio_max=15000000&recamaras_min=3&tipo=depto,Departamentos 3 recámaras en Cuauhtémoc hasta $15M,cuauhtemoc,depto,3,15000000,,3,25,30,13,5,73,
/marketplace?colonia=cuauhtemoc&precio_max=3000000&recamaras_min=3&tipo=loft,Lofts 3 recámaras en Cuauhtémoc hasta $3M,cuauhtemoc,loft,3,3000000,,3,25,30,13,5,73,
/marketplace?colonia=cuauhtemoc&precio_max=5000000&recamaras_min=3&tipo=loft,Lofts 3 recámaras en Cuauhtémoc hasta $5M,cuauhtemoc,loft,3,5000000,,3,25,30,13,5,73,
/marketplace?colonia=cuauhtemoc&precio_max=8000000&recamaras_min=3&tipo=loft,Lofts 3 recámaras en Cuauhtémoc hasta $8M,cuauhtemoc,loft,3,8000000,,3,25,30,13,5,73,
/marketplace?colonia=cuauhtemoc&precio_max=12000000&recamaras_min=3&tipo=loft,Lofts 3 recámaras en Cuauhtémoc hasta $12M,cuauhtemoc,loft,3,12000000,,3,25,30,13,5,73,
/marketplace?colonia=cuauhtemoc&precio_max=15000000&recamaras_min=3&tipo=loft,Lofts 3 recámaras en Cuauhtémoc hasta $15M,cuauhtemoc,loft,3,15000000,,3,25,30,13,5,73,
/marketplace?colonia=del-valle-centro&precio_max=3000000&recamaras_min=3&tipo=depto,Departamentos 3 recámaras en Del Valle Centro hasta $3M,del-valle-centro,depto,3,3000000,,3,25,30,13,5,73,
/marketplace?colonia=del-valle-centro&precio_max=5000000&recamaras_min=3&tipo=depto,Departamentos 3 recámaras en Del Valle Centro hasta $5M,del-valle-centro,depto,3,5000000,,3,25,30,13,5,73,
/marketplace?colonia=del-valle-centro&precio_max=8000000&recamaras_min=3&tipo=depto,Departamentos 3 recámaras en Del Valle Centro hasta $8M,del-valle-centro,depto,3,8000000,,3,25,30,13,5,73,
/marketplace?colonia=del-valle-centro&precio_max=12000000&recamaras_min=3&tipo=depto,Departamentos 3 recámaras en Del Valle Centro hasta $12M,del-valle-centro,depto,3,12000000,,3,25,30,13,5,73,
/marketplace?colonia=del-valle-centro&precio_max=15000000&recamaras_min=3&tipo=depto,Departamentos 3 recámaras en Del Valle Centro hasta $15M,del-valle-centro,depto,3,15000000,,3,25,30,13,5,73,
/marketplace?colonia=del-valle-centro&precio_max=20000000&recamaras_min=3&tipo=depto,Departamentos 3 recámaras en Del Valle Centro hasta $20M,del-valle-centro,depto,3,20000000,,3,25,30,13,5,73,
/marketplace?colonia=narvarte&precio_max=3000000&recamaras_min=3&tipo=depto,Departamentos 3 recámaras en Narvarte Poniente hasta $3M,narvarte,depto,3,3000000,,3,25,30,13,5,73,
/marketplace?colonia=narvarte&precio_max=5000000&recamaras_min=3&tipo=depto,Departamentos 3 recámaras en Narvarte Poniente hasta $5M,narvarte,depto,3,5000000,,3,25,30,13,5,73,
/marketplace?colonia=narvarte&precio_max=8000000&recamaras_min=3&tipo=depto,Departamentos 3 recámaras en Narvarte Poniente hasta $8M,narvarte,depto,3,8000000,,3,25,30,13,5,73,
/marketplace?colonia=narvarte&precio_max=12000000&recamaras_min=3&tipo=depto,Departamentos 3 recámaras en Narvarte Poniente hasta $12M,narvarte,depto,3,12000000,,3,25,30,13,5,73,
/marketplace?colonia=narvarte&precio_max=15000000&recamaras_min=3&tipo=depto,Departamentos 3 recámaras en Narvarte Poniente hasta $15M,narvarte,depto,3,15000000,,3,25,30,13,5,73,
/marketplace?colonia=escandon&precio_max=3000000&recamaras_min=3&tipo=depto,Departamentos 3 recámaras en Escandón hasta $3M,escandon,depto,3,3000000,,3,25,30,13,5,73,
/marketplace?colonia=escandon&precio_max=5000000&recamaras_min=3&tipo=depto,Departamentos 3 recámaras en Escandón hasta $5M,escandon,depto,3,5000000,,3,25,30,13,5,73,
/marketplace?colonia=escandon&precio_max=8000000&recamaras_min=3&tipo=depto,Departamentos 3 recámaras en Escandón hasta $8M,escandon,depto,3,8000000,,3,25,30,13,5,73,
/marketplace?colonia=escandon&precio_max=12000000&recamaras_min=3&tipo=depto,Departamentos 3 recámaras en Escandón hasta $12M,escandon,depto,3,12000000,,3,25,30,13,5,73,
/marketplace?colonia=escandon&precio_max=15000000&recamaras_min=3&tipo=depto,Departamentos 3 recámaras en Escandón hasta $15M,escandon,depto,3,15000000,,3,25,30,13,5,73,
/marketplace?colonia=anzures&precio_max=3000000&recamaras_min=3&tipo=depto,Departamentos 3 recámaras en Anzures hasta $3M,anzures,depto,3,3000000,,3,25,30,13,5,73,
/marketplace?colonia=anzures&precio_max=5000000&recamaras_min=3&tipo=depto,Departamentos 3 recámaras en Anzures hasta $5M,anzures,depto,3,5000000,,3,25,30,13,5,73,
/marketplace?colonia=anzures&precio_max=8000000&recamaras_min=3&tipo=depto,Departamentos 3 recámaras en Anzures hasta $8M,anzures,depto,3,8000000,,3,25,30,13,5,73,
/marketplace?colonia=anzures&precio_max=12000000&recamaras_min=3&tipo=depto,Departamentos 3 recámaras en Anzures hasta $12M,anzures,depto,3,12000000,,3,25,30,13,5,73,
/marketplace?colonia=anzures&precio_max=15000000&recamaras_min=3&tipo=depto,Departamentos 3 recámaras en Anzures hasta $15M,anzures,depto,3,15000000,,3,25,30,13,5,73,
/marketplace?colonia=anzures&precio_max=20000000&recamaras_min=3&tipo=depto,Departamentos 3 recámaras en Anzures hasta $20M,anzures,depto,3,20000000,,3,25,30,13,5,73,
/marketplace?colonia=roma-sur&precio_max=3000000&recamaras_min=3&tipo=depto,Departamentos 3 recámaras en Roma Sur hasta $3M,roma-sur,depto,3,3000000,,3,25,30,13,5,73,
/marketplace?colonia=roma-sur&precio_max=5000000&recamaras_min=3&tipo=depto,Departamentos 3 recámaras en Roma Sur hasta $5M,roma-sur,depto,3,5000000,,3,25,30,13,5,73,
/marketplace?colonia=roma-sur&precio_max=8000000&recamaras_min=3&tipo=depto,Departamentos 3 recámaras en Roma Sur hasta $8M,roma-sur,depto,3,8000000,,3,25,30,13,5,73,
/marketplace?colonia=roma-sur&precio_max=12000000&recamaras_min=3&tipo=depto,Departamentos 3 recámaras en Roma Sur hasta $12M,roma-sur,depto,3,12000000,,3,25,30,13,5,73,
/marketplace?colonia=roma-sur&precio_max=15000000&recamaras_min=3&tipo=depto,Departamentos 3 recámaras en Roma Sur hasta $15M,roma-sur,depto,3,15000000,,3,25,30,13,5,73,
/marketplace?colonia=polanco&stage=entrega_inmediata,Departamentos en Polanco entrega inmediata,polanco,,,,entrega_inmediata,1,25,18,22,8,73,
/marketplace?colonia=lomas-chapultepec&stage=entrega_inmediata,Departamentos en Lomas de Chapultepec entrega inmediata,lomas-chapultepec,,,,entrega_inmediata,1,25,18,22,8,73,
/marketplace?colonia=pedregal&stage=entrega_inmediata,Departamentos en Jardines del Pedregal entrega inmediata,pedregal,,,,entrega_inmediata,1,25,18,22,8,73,
/marketplace?colonia=polanco&recamaras_min=4,Departamentos 4 recámaras en Polanco,polanco,,4,,,1,25,23,19,5,72,
/marketplace?colonia=lomas-chapultepec&recamaras_min=4,Departamentos 4 recámaras en Lomas de Chapultepec,lomas-chapultepec,,4,,,1,25,23,19,5,72,
/marketplace?colonia=pedregal&recamaras_min=4,Departamentos 4 recámaras en Jardines del Pedregal,pedregal,,4,,,1,25,23,19,5,72,
/marketplace?colonia=roma-norte&recamaras_min=3,Departamentos 3 recámaras en Roma Norte,roma-norte,,3,,,2,25,23,19,5,72,
/marketplace?colonia=condesa&recamaras_min=3,Departamentos 3 recámaras en Condesa,condesa,,3,,,2,25,23,19,5,72,
/marketplace?colonia=coyoacan-centro&recamaras_min=3,Departamentos 3 recámaras en Coyoacán Centro,coyoacan-centro,,3,,,2,25,23,19,5,72,
/marketplace?colonia=santa-fe&recamaras_min=3,Departamentos 3 recámaras en Santa Fe,santa-fe,,3,,,2,25,23,19,5,72,
/marketplace?colonia=napoles&recamaras_min=3,Departamentos 3 recámaras en Nápoles,napoles,,3,,,2,25,23,19,5,72,
/marketplace?colonia=polanco&precio_max=8000000&recamaras_min=1,Departamentos 1 recámaras en Polanco hasta $8M,polanco,,1,8000000,,1,17,30,20,5,72,
/marketplace?colonia=polanco&precio_max=12000000&recamaras_min=1,Departamentos 1 recámaras en Polanco hasta $12M,polanco,,1,12000000,,1,17,30,20,5,72,
/marketplace?colonia=polanco&precio_max=15000000&recamaras_min=1,Departamentos 1 recámaras en Polanco hasta $15M,polanco,,1,15000000,,1,17,30,20,5,72,
/marketplace?colonia=polanco&precio_max=20000000&recamaras_min=1,Departamentos 1 recámaras en Polanco hasta $20M,polanco,,1,20000000,,1,17,30,20,5,72,
/marketplace?colonia=polanco&precio_max=30000000&recamaras_min=1,Departamentos 1 recámaras en Polanco hasta $30M,polanco,,1,30000000,,1,17,30,20,5,72,
/marketplace?colonia=lomas-chapultepec&precio_max=12000000&recamaras_min=1,Departamentos 1 recámaras en Lomas de Chapultepec hasta $12M,lomas-chapultepec,,1,12000000,,1,17,30,20,5,72,
/marketplace?colonia=lomas-chapultepec&precio_max=15000000&recamaras_min=1,Departamentos 1 recámaras en Lomas de Chapultepec hasta $15M,lomas-chapultepec,,1,15000000,,1,17,30,20,5,72,
/marketplace?colonia=lomas-chapultepec&precio_max=20000000&recamaras_min=1,Departamentos 1 recámaras en Lomas de Chapultepec hasta $20M,lomas-chapultepec,,1,20000000,,1,17,30,20,5,72,
/marketplace?colonia=lomas-chapultepec&precio_max=30000000&recamaras_min=1,Departamentos 1 recámaras en Lomas de Chapultepec hasta $30M,lomas-chapultepec,,1,30000000,,1,17,30,20,5,72,
/marketplace?colonia=pedregal&precio_max=15000000&recamaras_min=1,Departamentos 1 recámaras en Jardines del Pedregal hasta $15M,pedregal,,1,15000000,,1,17,30,20,5,72,
/marketplace?colonia=pedregal&precio_max=20000000&recamaras_min=1,Departamentos 1 recámaras en Jardines del Pedregal hasta $20M,pedregal,,1,20000000,,1,17,30,20,5,72,
/marketplace?colonia=pedregal&precio_max=30000000&recamaras_min=1,Departamentos 1 recámaras en Jardines del Pedregal hasta $30M,pedregal,,1,30000000,,1,17,30,20,5,72,
/marketplace?colonia=polanco&precio_max=8000000&recamaras_min=1&tipo=depto,Departamentos 1 recámaras en Polanco hasta $8M,polanco,depto,1,8000000,,1,17,30,20,5,72,
/marketplace?colonia=polanco&precio_max=12000000&recamaras_min=1&tipo=depto,Departamentos 1 recámaras en Polanco hasta $12M,polanco,depto,1,12000000,,1,17,30,20,5,72,
/marketplace?colonia=polanco&precio_max=15000000&recamaras_min=1&tipo=depto,Departamentos 1 recámaras en Polanco hasta $15M,polanco,depto,1,15000000,,1,17,30,20,5,72,
/marketplace?colonia=polanco&precio_max=20000000&recamaras_min=1&tipo=depto,Departamentos 1 recámaras en Polanco hasta $20M,polanco,depto,1,20000000,,1,17,30,20,5,72,
/marketplace?colonia=polanco&precio_max=30000000&recamaras_min=1&tipo=depto,Departamentos 1 recámaras en Polanco hasta $30M,polanco,depto,1,30000000,,1,17,30,20,5,72,
/marketplace?colonia=lomas-chapultepec&precio_max=12000000&recamaras_min=1&tipo=depto,Departamentos 1 recámaras en Lomas de Chapultepec hasta $12M,lomas-chapultepec,depto,1,12000000,,1,17,30,20,5,72,
/marketplace?colonia=lomas-chapultepec&precio_max=15000000&recamaras_min=1&tipo=depto,Departamentos 1 recámaras en Lomas de Chapultepec hasta $15M,lomas-chapultepec,depto,1,15000000,,1,17,30,20,5,72,
/marketplace?colonia=lomas-chapultepec&precio_max=20000000&recamaras_min=1&tipo=depto,Departamentos 1 recámaras en Lomas de Chapultepec hasta $20M,lomas-chapultepec,depto,1,20000000,,1,17,30,20,5,72,
/marketplace?colonia=lomas-chapultepec&precio_max=30000000&recamaras_min=1&tipo=depto,Departamentos 1 recámaras en Lomas de Chapultepec hasta $30M,lomas-chapultepec,depto,1,30000000,,1,17,30,20,5,72,
/marketplace?colonia=lomas-chapultepec&precio_max=12000000&recamaras_min=1&tipo=casa,Casas 1 recámaras en Lomas de Chapultepec hasta $12M,lomas-chapultepec,casa,1,12000000,,1,17,30,20,5,72,
/marketplace?colonia=lomas-chapultepec&precio_max=15000000&recamaras_min=1&tipo=casa,Casas 1 recámaras en Lomas de Chapultepec hasta $15M,lomas-chapultepec,casa,1,15000000,,1,17,30,20,5,72,
/marketplace?colonia=lomas-chapultepec&precio_max=20000000&recamaras_min=1&tipo=casa,Casas 1 recámaras en Lomas de Chapultepec hasta $20M,lomas-chapultepec,casa,1,20000000,,1,17,30,20,5,72,
/marketplace?colonia=lomas-chapultepec&precio_max=30000000&recamaras_min=1&tipo=casa,Casas 1 recámaras en Lomas de Chapultepec hasta $30M,lomas-chapultepec,casa,1,30000000,,1,17,30,20,5,72,
/marketplace?colonia=pedregal&precio_max=15000000&recamaras_min=1&tipo=depto,Departamentos 1 recámaras en Jardines del Pedregal hasta $15M,pedregal,depto,1,15000000,,1,17,30,20,5,72,
/marketplace?colonia=pedregal&precio_max=20000000&recamaras_min=1&tipo=depto,Departamentos 1 recámaras en Jardines del Pedregal hasta $20M,pedregal,depto,1,20000000,,1,17,30,20,5,72,
/marketplace?colonia=pedregal&precio_max=30000000&recamaras_min=1&tipo=depto,Departamentos 1 recámaras en Jardines del Pedregal hasta $30M,pedregal,depto,1,30000000,,1,17,30,20,5,72,
/marketplace?colonia=pedregal&precio_max=15000000&recamaras_min=1&tipo=casa,Casas 1 recámaras en Jardines del Pedregal hasta $15M,pedregal,casa,1,15000000,,1,17,30,20,5,72,
/marketplace?colonia=pedregal&precio_max=20000000&recamaras_min=1&tipo=casa,Casas 1 recámaras en Jardines del Pedregal hasta $20M,pedregal,casa,1,20000000,,1,17,30,20,5,72,
/marketplace?colonia=pedregal&precio_max=30000000&recamaras_min=1&tipo=casa,Casas 1 recámaras en Jardines del Pedregal hasta $30M,pedregal,casa,1,30000000,,1,17,30,20,5,72,
/marketplace?colonia=juarez&stage=preventa,Departamentos en Juárez preventa,juarez,,,,preventa,3,25,20,12,15,72,
/marketplace?colonia=cuauhtemoc&stage=preventa,Departamentos en Cuauhtémoc preventa,cuauhtemoc,,,,preventa,3,25,20,12,15,72,
/marketplace?colonia=del-valle-centro&stage=preventa,Departamentos en Del Valle Centro preventa,del-valle-centro,,,,preventa,3,25,20,12,15,72,
/marketplace?colonia=narvarte&stage=preventa,Departamentos en Narvarte Poniente preventa,narvarte,,,,preventa,3,25,20,12,15,72,
/marketplace?colonia=escandon&stage=preventa,Departamentos en Escandón preventa,escandon,,,,preventa,3,25,20,12,15,72,
/marketplace?colonia=anzures&stage=preventa,Departamentos en Anzures preventa,anzures,,,,preventa,3,25,20,12,15,72,
/marketplace?colonia=roma-sur&stage=preventa,Departamentos en Roma Sur preventa,roma-sur,,,,preventa,3,25,20,12,15,72,
/marketplace?colonia=polanco&recamaras_min=4&stage=en_construccion,Departamentos 4 recámaras en Polanco,polanco,,4,,en_construccion,1,25,23,19,5,72,
/marketplace?colonia=lomas-chapultepec&recamaras_min=4&stage=en_construccion,Departamentos 4 recámaras en Lomas de Chapultepec,lomas-chapultepec,,4,,en_construccion,1,25,23,19,5,72,
/marketplace?colonia=pedregal&recamaras_min=4&stage=en_construccion,Departamentos 4 recámaras en Jardines del Pedregal,pedregal,,4,,en_construccion,1,25,23,19,5,72,
/marketplace?colonia=roma-norte&recamaras_min=3&stage=en_construccion,Departamentos 3 recámaras en Roma Norte,roma-norte,,3,,en_construccion,2,25,23,19,5,72,
/marketplace?colonia=condesa&recamaras_min=3&stage=en_construccion,Departamentos 3 recámaras en Condesa,condesa,,3,,en_construccion,2,25,23,19,5,72,
/marketplace?colonia=coyoacan-centro&recamaras_min=3&stage=en_construccion,Departamentos 3 recámaras en Coyoacán Centro,coyoacan-centro,,3,,en_construccion,2,25,23,19,5,72,
/marketplace?colonia=santa-fe&recamaras_min=3&stage=en_construccion,Departamentos 3 recámaras en Santa Fe,santa-fe,,3,,en_construccion,2,25,23,19,5,72,
/marketplace?colonia=napoles&recamaras_min=3&stage=en_construccion,Departamentos 3 recámaras en Nápoles,napoles,,3,,en_construccion,2,25,23,19,5,72,
/marketplace?colonia=juarez&recamaras_min=3&stage=entrega_inmediata,Departamentos 3 recámaras en Juárez entrega inmediata,juarez,,3,,entrega_inmediata,3,25,26,13,8,72,
/marketplace?colonia=cuauhtemoc&recamaras_min=3&stage=entrega_inmediata,Departamentos 3 recámaras en Cuauhtémoc entrega inmediata,cuauhtemoc,,3,,entrega_inmediata,3,25,26,13,8,72,
/marketplace?colonia=del-valle-centro&recamaras_min=3&stage=entrega_inmediata,Departamentos 3 recámaras en Del Valle Centro entrega inmediata,del-valle-centro,,3,,entrega_inmediata,3,25,26,13,8,72,
/marketplace?colonia=narvarte&recamaras_min=3&stage=entrega_inmediata,Departamentos 3 recámaras en Narvarte Poniente entrega inmediata,narvarte,,3,,entrega_inmediata,3,25,26,13,8,72,
/marketplace?colonia=escandon&recamaras_min=3&stage=entrega_inmediata,Departamentos 3 recámaras en Escandón entrega inmediata,escandon,,3,,entrega_inmediata,3,25,26,13,8,72,
/marketplace?colonia=anzures&recamaras_min=3&stage=entrega_inmediata,Departamentos 3 recámaras en Anzures entrega inmediata,anzures,,3,,entrega_inmediata,3,25,26,13,8,72,
/marketplace?colonia=roma-sur&recamaras_min=3&stage=entrega_inmediata,Departamentos 3 recámaras en Roma Sur entrega inmediata,roma-sur,,3,,entrega_inmediata,3,25,26,13,8,72,
/marketplace?colonia=doctores&recamaras_min=1&stage=preventa,Departamentos 1 recámaras en Doctores preventa,doctores,,1,,preventa,4,25,28,4,15,72,
/marketplace?colonia=napoles&precio_max=30000000&recamaras_min=1,Departamentos 1 recámaras en Nápoles hasta $30M,napoles,,1,30000000,,2,20,30,16,5,71,
/marketplace?colonia=napoles&precio_max=30000000&recamaras_min=1&tipo=depto,Departamentos 1 recámaras en Nápoles hasta $30M,napoles,depto,1,30000000,,2,20,30,16,5,71,
/marketplace?colonia=polanco&recamaras_min=1&stage=entrega_inmediata,Departamentos 1 recámaras en Polanco entrega inmediata,polanco,,1,,entrega_inmediata,1,17,26,20,8,71,
/marketplace?colonia=lomas-chapultepec&recamaras_min=1&stage=entrega_inmediata,Departamentos 1 recámaras en Lomas de Chapultepec entrega inmediata,lomas-chapultepec,,1,,entrega_inmediata,1,17,26,20,8,71,
/marketplace?colonia=pedregal&recamaras_min=1&stage=entrega_inmediata,Departamentos 1 recámaras en Jardines del Pedregal entrega inmediata,pedregal,,1,,entrega_inmediata,1,17,26,20,8,71,
/marketplace?colonia=polanco&precio_max=3000000&recamaras_min=2,Departamentos 2 recámaras en Polanco hasta $3M,polanco,,2,3000000,,1,10,30,25,5,70,
/marketplace?colonia=polanco&precio_max=5000000&recamaras_min=2,Departamentos 2 recámaras en Polanco hasta $5M,polanco,,2,5000000,,1,10,30,25,5,70,
/marketplace?colonia=lomas-chapultepec&precio_max=3000000&recamaras_min=2,Departamentos 2 recámaras en Lomas de Chapultepec hasta $3M,lomas-chapultepec,,2,3000000,,1,10,30,25,5,70,
/marketplace?colonia=lomas-chapultepec&precio_max=5000000&recamaras_min=2,Departamentos 2 recámaras en Lomas de Chapultepec hasta $5M,lomas-chapultepec,,2,5000000,,1,10,30,25,5,70,
/marketplace?colonia=lomas-chapultepec&precio_max=8000000&recamaras_min=2,Departamentos 2 recámaras en Lomas de Chapultepec hasta $8M,lomas-chapultepec,,2,8000000,,1,10,30,25,5,70,
/marketplace?colonia=pedregal&precio_max=3000000&recamaras_min=2,Departamentos 2 recámaras en Jardines del Pedregal hasta $3M,pedregal,,2,3000000,,1,10,30,25,5,70,
/marketplace?colonia=pedregal&precio_max=5000000&recamaras_min=2,Departamentos 2 recámaras en Jardines del Pedregal hasta $5M,pedregal,,2,5000000,,1,10,30,25,5,70,
/marketplace?colonia=pedregal&precio_max=8000000&recamaras_min=2,Departamentos 2 recámaras en Jardines del Pedregal hasta $8M,pedregal,,2,8000000,,1,10,30,25,5,70,
/marketplace?colonia=pedregal&precio_max=12000000&recamaras_min=2,Departamentos 2 recámaras en Jardines del Pedregal hasta $12M,pedregal,,2,12000000,,1,10,30,25,5,70,
/marketplace?colonia=napoles&precio_max=30000000&recamaras_min=4,Departamentos 4 recámaras en Nápoles hasta $30M,napoles,,4,30000000,,2,20,30,15,5,70,
/marketplace?colonia=juarez&precio_max=3000000&recamaras_min=1,Departamentos 1 recámaras en Juárez hasta $3M,juarez,,1,3000000,,3,25,30,10,5,70,
/marketplace?colonia=juarez&precio_max=5000000&recamaras_min=1,Departamentos 1 recámaras en Juárez hasta $5M,juarez,,1,5000000,,3,25,30,10,5,70,
/marketplace?colonia=juarez&precio_max=8000000&recamaras_min=1,Departamentos 1 recámaras en Juárez hasta $8M,juarez,,1,8000000,,3,25,30,10,5,70,
/marketplace?colonia=juarez&precio_max=12000000&recamaras_min=1,Departamentos 1 recámaras en Juárez hasta $12M,juarez,,1,12000000,,3,25,30,10,5,70,
/marketplace?colonia=juarez&precio_max=15000000&recamaras_min=1,Departamentos 1 recámaras en Juárez hasta $15M,juarez,,1,15000000,,3,25,30,10,5,70,
/marketplace?colonia=juarez&precio_max=20000000&recamaras_min=2,Departamentos 2 recámaras en Juárez hasta $20M,juarez,,2,20000000,,3,20,30,15,5,70,
/marketplace?colonia=juarez&precio_max=30000000&recamaras_min=2,Departamentos 2 recámaras en Juárez hasta $30M,juarez,,2,30000000,,3,20,30,15,5,70,
/marketplace?colonia=cuauhtemoc&precio_max=3000000&recamaras_min=1,Departamentos 1 recámaras en Cuauhtémoc hasta $3M,cuauhtemoc,,1,3000000,,3,25,30,10,5,70,
/marketplace?colonia=cuauhtemoc&precio_max=5000000&recamaras_min=1,Departamentos 1 recámaras en Cuauhtémoc hasta $5M,cuauhtemoc,,1,5000000,,3,25,30,10,5,70,
/marketplace?colonia=cuauhtemoc&precio_max=8000000&recamaras_min=1,Departamentos 1 recámaras en Cuauhtémoc hasta $8M,cuauhtemoc,,1,8000000,,3,25,30,10,5,70,
/marketplace?colonia=cuauhtemoc&precio_max=12000000&recamaras_min=1,Departamentos 1 recámaras en Cuauhtémoc hasta $12M,cuauhtemoc,,1,12000000,,3,25,30,10,5,70,
/marketplace?colonia=cuauhtemoc&precio_max=15000000&recamaras_min=1,Departamentos 1 recámaras en Cuauhtémoc hasta $15M,cuauhtemoc,,1,15000000,,3,25,30,10,5,70,
/marketplace?colonia=cuauhtemoc&precio_max=20000000&recamaras_min=2,Departamentos 2 recámaras en Cuauhtémoc hasta $20M,cuauhtemoc,,2,20000000,,3,20,30,15,5,70,
/marketplace?colonia=cuauhtemoc&precio_max=30000000&recamaras_min=2,Departamentos 2 recámaras en Cuauhtémoc hasta $30M,cuauhtemoc,,2,30000000,,3,20,30,15,5,70,
/marketplace?colonia=del-valle-centro&precio_max=3000000&recamaras_min=1,Departamentos 1 recámaras en Del Valle Centro hasta $3M,del-valle-centro,,1,3000000,,3,25,30,10,5,70,
/marketplace?colonia=del-valle-centro&precio_max=5000000&recamaras_min=1,Departamentos 1 recámaras en Del Valle Centro hasta $5M,del-valle-centro,,1,5000000,,3,25,30,10,5,70,
/marketplace?colonia=del-valle-centro&precio_max=8000000&recamaras_min=1,Departamentos 1 recámaras en Del Valle Centro hasta $8M,del-valle-centro,,1,8000000,,3,25,30,10,5,70,
/marketplace?colonia=del-valle-centro&precio_max=12000000&recamaras_min=1,Departamentos 1 recámaras en Del Valle Centro hasta $12M,del-valle-centro,,1,12000000,,3,25,30,10,5,70,
/marketplace?colonia=del-valle-centro&precio_max=15000000&recamaras_min=1,Departamentos 1 recámaras en Del Valle Centro hasta $15M,del-valle-centro,,1,15000000,,3,25,30,10,5,70,
/marketplace?colonia=del-valle-centro&precio_max=20000000&recamaras_min=1,Departamentos 1 recámaras en Del Valle Centro hasta $20M,del-valle-centro,,1,20000000,,3,25,30,10,5,70,
/marketplace?colonia=del-valle-centro&precio_max=30000000&recamaras_min=2,Departamentos 2 recámaras en Del Valle Centro hasta $30M,del-valle-centro,,2,30000000,,3,20,30,15,5,70,
/marketplace?colonia=narvarte&precio_max=3000000&recamaras_min=1,Departamentos 1 recámaras en Narvarte Poniente hasta $3M,narvarte,,1,3000000,,3,25,30,10,5,70,
/marketplace?colonia=narvarte&precio_max=5000000&recamaras_min=1,Departamentos 1 recámaras en Narvarte Poniente hasta $5M,narvarte,,1,5000000,,3,25,30,10,5,70,
/marketplace?colonia=narvarte&precio_max=8000000&recamaras_min=1,Departamentos 1 recámaras en Narvarte Poniente hasta $8M,narvarte,,1,8000000,,3,25,30,10,5,70,
/marketplace?colonia=narvarte&precio_max=12000000&recamaras_min=1,Departamentos 1 recámaras en Narvarte Poniente hasta $12M,narvarte,,1,12000000,,3,25,30,10,5,70,
/marketplace?colonia=narvarte&precio_max=15000000&recamaras_min=1,Departamentos 1 recámaras en Narvarte Poniente hasta $15M,narvarte,,1,15000000,,3,25,30,10,5,70,
/marketplace?colonia=narvarte&precio_max=20000000&recamaras_min=2,Departamentos 2 recámaras en Narvarte Poniente hasta $20M,narvarte,,2,20000000,,3,20,30,15,5,70,
/marketplace?colonia=narvarte&precio_max=30000000&recamaras_min=2,Departamentos 2 recámaras en Narvarte Poniente hasta $30M,narvarte,,2,30000000,,3,20,30,15,5,70,
/marketplace?colonia=escandon&precio_max=3000000&recamaras_min=1,Departamentos 1 recámaras en Escandón hasta $3M,escandon,,1,3000000,,3,25,30,10,5,70,
/marketplace?colonia=escandon&precio_max=5000000&recamaras_min=1,Departamentos 1 recámaras en Escandón hasta $5M,escandon,,1,5000000,,3,25,30,10,5,70,
/marketplace?colonia=escandon&precio_max=8000000&recamaras_min=1,Departamentos 1 recámaras en Escandón hasta $8M,escandon,,1,8000000,,3,25,30,10,5,70,
/marketplace?colonia=escandon&precio_max=12000000&recamaras_min=1,Departamentos 1 recámaras en Escandón hasta $12M,escandon,,1,12000000,,3,25,30,10,5,70,
/marketplace?colonia=escandon&precio_max=15000000&recamaras_min=1,Departamentos 1 recámaras en Escandón hasta $15M,escandon,,1,15000000,,3,25,30,10,5,70,
/marketplace?colonia=escandon&precio_max=20000000&recamaras_min=2,Departamentos 2 recámaras en Escandón hasta $20M,escandon,,2,20000000,,3,20,30,15,5,70,
/marketplace?colonia=escandon&precio_max=30000000&recamaras_min=2,Departamentos 2 recámaras en Escandón hasta $30M,escandon,,2,30000000,,3,20,30,15,5,70,
/marketplace?colonia=anzures&precio_max=3000000&recamaras_min=1,Departamentos 1 recámaras en Anzures hasta $3M,anzures,,1,3000000,,3,25,30,10,5,70,
/marketplace?colonia=anzures&precio_max=5000000&recamaras_min=1,Departamentos 1 recámaras en Anzures hasta $5M,anzures,,1,5000000,,3,25,30,10,5,70,
/marketplace?colonia=anzures&precio_max=8000000&recamaras_min=1,Departamentos 1 recámaras en Anzures hasta $8M,anzures,,1,8000000,,3,25,30,10,5,70,
/marketplace?colonia=anzures&precio_max=12000000&recamaras_min=1,Departamentos 1 recámaras en Anzures hasta $12M,anzures,,1,12000000,,3,25,30,10,5,70,
/marketplace?colonia=anzures&precio_max=15000000&recamaras_min=1,Departamentos 1 recámaras en Anzures hasta $15M,anzures,,1,15000000,,3,25,30,10,5,70,
/marketplace?colonia=anzures&precio_max=20000000&recamaras_min=1,Departamentos 1 recámaras en Anzures hasta $20M,anzures,,1,20000000,,3,25,30,10,5,70,
/marketplace?colonia=anzures&precio_max=30000000&recamaras_min=2,Departamentos 2 recámaras en Anzures hasta $30M,anzures,,2,30000000,,3,20,30,15,5,70,
/marketplace?colonia=roma-sur&precio_max=3000000&recamaras_min=1,Departamentos 1 recámaras en Roma Sur hasta $3M,roma-sur,,1,3000000,,3,25,30,10,5,70,
/marketplace?colonia=roma-sur&precio_max=5000000&recamaras_min=1,Departamentos 1 recámaras en Roma Sur hasta $5M,roma-sur,,1,5000000,,3,25,30,10,5,70,
/marketplace?colonia=roma-sur&precio_max=8000000&recamaras_min=1,Departamentos 1 recámaras en Roma Sur hasta $8M,roma-sur,,1,8000000,,3,25,30,10,5,70,
/marketplace?colonia=roma-sur&precio_max=12000000&recamaras_min=1,Departamentos 1 recámaras en Roma Sur hasta $12M,roma-sur,,1,12000000,,3,25,30,10,5,70,
/marketplace?colonia=roma-sur&precio_max=15000000&recamaras_min=1,Departamentos 1 recámaras en Roma Sur hasta $15M,roma-sur,,1,15000000,,3,25,30,10,5,70,
/marketplace?colonia=roma-sur&precio_max=20000000&recamaras_min=2,Departamentos 2 recámaras en Roma Sur hasta $20M,roma-sur,,2,20000000,,3,20,30,15,5,70,
/marketplace?colonia=roma-sur&precio_max=30000000&recamaras_min=2,Departamentos 2 recámaras en Roma Sur hasta $30M,roma-sur,,2,30000000,,3,20,30,15,5,70,
/marketplace?colonia=polanco&precio_max=3000000&recamaras_min=2&tipo=depto,Departamentos 2 recámaras en Polanco hasta $3M,polanco,depto,2,3000000,,1,10,30,25,5,70,
/marketplace?colonia=polanco&precio_max=5000000&recamaras_min=2&tipo=depto,Departamentos 2 recámaras en Polanco hasta $5M,polanco,depto,2,5000000,,1,10,30,25,5,70,
/marketplace?colonia=lomas-chapultepec&precio_max=3000000&recamaras_min=2&tipo=depto,Departamentos 2 recámaras en Lomas de Chapultepec hasta $3M,lomas-chapultepec,depto,2,3000000,,1,10,30,25,5,70,
/marketplace?colonia=lomas-chapultepec&precio_max=5000000&recamaras_min=2&tipo=depto,Departamentos 2 recámaras en Lomas de Chapultepec hasta $5M,lomas-chapultepec,depto,2,5000000,,1,10,30,25,5,70,
/marketplace?colonia=lomas-chapultepec&precio_max=8000000&recamaras_min=2&tipo=depto,Departamentos 2 recámaras en Lomas de Chapultepec hasta $8M,lomas-chapultepec,depto,2,8000000,,1,10,30,25,5,70,
/marketplace?colonia=lomas-chapultepec&precio_max=3000000&recamaras_min=2&tipo=casa,Casas 2 recámaras en Lomas de Chapultepec hasta $3M,lomas-chapultepec,casa,2,3000000,,1,10,30,25,5,70,
/marketplace?colonia=lomas-chapultepec&precio_max=5000000&recamaras_min=2&tipo=casa,Casas 2 recámaras en Lomas de Chapultepec hasta $5M,lomas-chapultepec,casa,2,5000000,,1,10,30,25,5,70,
/marketplace?colonia=lomas-chapultepec&precio_max=8000000&recamaras_min=2&tipo=casa,Casas 2 recámaras en Lomas de Chapultepec hasta $8M,lomas-chapultepec,casa,2,8000000,,1,10,30,25,5,70,
/marketplace?colonia=pedregal&precio_max=3000000&recamaras_min=2&tipo=depto,Departamentos 2 recámaras en Jardines del Pedregal hasta $3M,pedregal,depto,2,3000000,,1,10,30,25,5,70,
/marketplace?colonia=pedregal&precio_max=5000000&recamaras_min=2&tipo=depto,Departamentos 2 recámaras en Jardines del Pedregal hasta $5M,pedregal,depto,2,5000000,,1,10,30,25,5,70,
/marketplace?colonia=pedregal&precio_max=8000000&recamaras_min=2&tipo=depto,Departamentos 2 recámaras en Jardines del Pedregal hasta $8M,pedregal,depto,2,8000000,,1,10,30,25,5,70,
/marketplace?colonia=pedregal&precio_max=12000000&recamaras_min=2&tipo=depto,Departamentos 2 recámaras en Jardines del Pedregal hasta $12M,pedregal,depto,2,12000000,,1,10,30,25,5,70,
/marketplace?colonia=pedregal&precio_max=3000000&recamaras_min=2&tipo=casa,Casas 2 recámaras en Jardines del Pedregal hasta $3M,pedregal,casa,2,3000000,,1,10,30,25,5,70,
/marketplace?colonia=pedregal&precio_max=5000000&recamaras_min=2&tipo=casa,Casas 2 recámaras en Jardines del Pedregal hasta $5M,pedregal,casa,2,5000000,,1,10,30,25,5,70,
/marketplace?colonia=pedregal&precio_max=8000000&recamaras_min=2&tipo=casa,Casas 2 recámaras en Jardines del Pedregal hasta $8M,pedregal,casa,2,8000000,,1,10,30,25,5,70,
/marketplace?colonia=pedregal&precio_max=12000000&recamaras_min=2&tipo=casa,Casas 2 recámaras en Jardines del Pedregal hasta $12M,pedregal,casa,2,12000000,,1,10,30,25,5,70,
/marketplace?colonia=napoles&precio_max=30000000&recamaras_min=4&tipo=depto,Departamentos 4 recámaras en Nápoles hasta $30M,napoles,depto,4,30000000,,2,20,30,15,5,70,
/marketplace?colonia=juarez&precio_max=3000000&recamaras_min=1&tipo=depto,Departamentos 1 recámaras en Juárez hasta $3M,juarez,depto,1,3000000,,3,25,30,10,5,70,
/marketplace?colonia=juarez&precio_max=5000000&recamaras_min=1&tipo=depto,Departamentos 1 recámaras en Juárez hasta $5M,juarez,depto,1,5000000,,3,25,30,10,5,70,
/marketplace?colonia=juarez&precio_max=8000000&recamaras_min=1&tipo=depto,Departamentos 1 recámaras en Juárez hasta $8M,juarez,depto,1,8000000,,3,25,30,10,5,70,
/marketplace?colonia=juarez&precio_max=12000000&recamaras_min=1&tipo=depto,Departamentos 1 recámaras en Juárez hasta $12M,juarez,depto,1,12000000,,3,25,30,10,5,70,
/marketplace?colonia=juarez&precio_max=15000000&recamaras_min=1&tipo=depto,Departamentos 1 recámaras en Juárez hasta $15M,juarez,depto,1,15000000,,3,25,30,10,5,70,
/marketplace?colonia=juarez&precio_max=20000000&recamaras_min=2&tipo=depto,Departamentos 2 recámaras en Juárez hasta $20M,juarez,depto,2,20000000,,3,20,30,15,5,70,
/marketplace?colonia=juarez&precio_max=30000000&recamaras_min=2&tipo=depto,Departamentos 2 recámaras en Juárez hasta $30M,juarez,depto,2,30000000,,3,20,30,15,5,70,
/marketplace?colonia=juarez&precio_max=3000000&recamaras_min=1&tipo=loft,Lofts 1 recámaras en Juárez hasta $3M,juarez,loft,1,3000000,,3,25,30,10,5,70,
/marketplace?colonia=juarez&precio_max=5000000&recamaras_min=1&tipo=loft,Lofts 1 recámaras en Juárez hasta $5M,juarez,loft,1,5000000,,3,25,30,10,5,70,
/marketplace?colonia=juarez&precio_max=8000000&recamaras_min=1&tipo=loft,Lofts 1 recámaras en Juárez hasta $8M,juarez,loft,1,8000000,,3,25,30,10,5,70,
/marketplace?colonia=juarez&precio_max=12000000&recamaras_min=1&tipo=loft,Lofts 1 recámaras en Juárez hasta $12M,juarez,loft,1,12000000,,3,25,30,10,5,70,
/marketplace?colonia=juarez&precio_max=15000000&recamaras_min=1&tipo=loft,Lofts 1 recámaras en Juárez hasta $15M,juarez,loft,1,15000000,,3,25,30,10,5,70,
/marketplace?colonia=juarez&precio_max=20000000&recamaras_min=2&tipo=loft,Lofts 2 recámaras en Juárez hasta $20M,juarez,loft,2,20000000,,3,20,30,15,5,70,
/marketplace?colonia=juarez&precio_max=30000000&recamaras_min=2&tipo=loft,Lofts 2 recámaras en Juárez hasta $30M,juarez,loft,2,30000000,,3,20,30,15,5,70,
/marketplace?colonia=cuauhtemoc&precio_max=3000000&recamaras_min=1&tipo=depto,Departamentos 1 recámaras en Cuauhtémoc hasta $3M,cuauhtemoc,depto,1,3000000,,3,25,30,10,5,70,
/marketplace?colonia=cuauhtemoc&precio_max=5000000&recamaras_min=1&tipo=depto,Departamentos 1 recámaras en Cuauhtémoc hasta $5M,cuauhtemoc,depto,1,5000000,,3,25,30,10,5,70,
/marketplace?colonia=cuauhtemoc&precio_max=8000000&recamaras_min=1&tipo=depto,Departamentos 1 recámaras en Cuauhtémoc hasta $8M,cuauhtemoc,depto,1,8000000,,3,25,30,10,5,70,
/marketplace?colonia=cuauhtemoc&precio_max=12000000&recamaras_min=1&tipo=depto,Departamentos 1 recámaras en Cuauhtémoc hasta $12M,cuauhtemoc,depto,1,12000000,,3,25,30,10,5,70,
/marketplace?colonia=cuauhtemoc&precio_max=15000000&recamaras_min=1&tipo=depto,Departamentos 1 recámaras en Cuauhtémoc hasta $15M,cuauhtemoc,depto,1,15000000,,3,25,30,10,5,70,
/marketplace?colonia=cuauhtemoc&precio_max=20000000&recamaras_min=2&tipo=depto,Departamentos 2 recámaras en Cuauhtémoc hasta $20M,cuauhtemoc,depto,2,20000000,,3,20,30,15,5,70,
/marketplace?colonia=cuauhtemoc&precio_max=30000000&recamaras_min=2&tipo=depto,Departamentos 2 recámaras en Cuauhtémoc hasta $30M,cuauhtemoc,depto,2,30000000,,3,20,30,15,5,70,
/marketplace?colonia=cuauhtemoc&precio_max=3000000&recamaras_min=1&tipo=loft,Lofts 1 recámaras en Cuauhtémoc hasta $3M,cuauhtemoc,loft,1,3000000,,3,25,30,10,5,70,
/marketplace?colonia=cuauhtemoc&precio_max=5000000&recamaras_min=1&tipo=loft,Lofts 1 recámaras en Cuauhtémoc hasta $5M,cuauhtemoc,loft,1,5000000,,3,25,30,10,5,70,
/marketplace?colonia=cuauhtemoc&precio_max=8000000&recamaras_min=1&tipo=loft,Lofts 1 recámaras en Cuauhtémoc hasta $8M,cuauhtemoc,loft,1,8000000,,3,25,30,10,5,70,
/marketplace?colonia=cuauhtemoc&precio_max=12000000&recamaras_min=1&tipo=loft,Lofts 1 recámaras en Cuauhtémoc hasta $12M,cuauhtemoc,loft,1,12000000,,3,25,30,10,5,70,
/marketplace?colonia=cuauhtemoc&precio_max=15000000&recamaras_min=1&tipo=loft,Lofts 1 recámaras en Cuauhtémoc hasta $15M,cuauhtemoc,loft,1,15000000,,3,25,30,10,5,70,
/marketplace?colonia=cuauhtemoc&precio_max=20000000&recamaras_min=2&tipo=loft,Lofts 2 recámaras en Cuauhtémoc hasta $20M,cuauhtemoc,loft,2,20000000,,3,20,30,15,5,70,
/marketplace?colonia=cuauhtemoc&precio_max=30000000&recamaras_min=2&tipo=loft,Lofts 2 recámaras en Cuauhtémoc hasta $30M,cuauhtemoc,loft,2,30000000,,3,20,30,15,5,70,
/marketplace?colonia=del-valle-centro&precio_max=3000000&recamaras_min=1&tipo=depto,Departamentos 1 recámaras en Del Valle Centro hasta $3M,del-valle-centro,depto,1,3000000,,3,25,30,10,5,70,
/marketplace?colonia=del-valle-centro&precio_max=5000000&recamaras_min=1&tipo=depto,Departamentos 1 recámaras en Del Valle Centro hasta $5M,del-valle-centro,depto,1,5000000,,3,25,30,10,5,70,
/marketplace?colonia=del-valle-centro&precio_max=8000000&recamaras_min=1&tipo=depto,Departamentos 1 recámaras en Del Valle Centro hasta $8M,del-valle-centro,depto,1,8000000,,3,25,30,10,5,70,
/marketplace?colonia=del-valle-centro&precio_max=12000000&recamaras_min=1&tipo=depto,Departamentos 1 recámaras en Del Valle Centro hasta $12M,del-valle-centro,depto,1,12000000,,3,25,30,10,5,70,
/marketplace?colonia=del-valle-centro&precio_max=15000000&recamaras_min=1&tipo=depto,Departamentos 1 recámaras en Del Valle Centro hasta $15M,del-valle-centro,depto,1,15000000,,3,25,30,10,5,70,
/marketplace?colonia=del-valle-centro&precio_max=20000000&recamaras_min=1&tipo=depto,Departamentos 1 recámaras en Del Valle Centro hasta $20M,del-valle-centro,depto,1,20000000,,3,25,30,10,5,70,
/marketplace?colonia=del-valle-centro&precio_max=30000000&recamaras_min=2&tipo=depto,Departamentos 2 recámaras en Del Valle Centro hasta $30M,del-valle-centro,depto,2,30000000,,3,20,30,15,5,70,
/marketplace?colonia=narvarte&precio_max=3000000&recamaras_min=1&tipo=depto,Departamentos 1 recámaras en Narvarte Poniente hasta $3M,narvarte,depto,1,3000000,,3,25,30,10,5,70,
/marketplace?colonia=narvarte&precio_max=5000000&recamaras_min=1&tipo=depto,Departamentos 1 recámaras en Narvarte Poniente hasta $5M,narvarte,depto,1,5000000,,3,25,30,10,5,70,
/marketplace?colonia=narvarte&precio_max=8000000&recamaras_min=1&tipo=depto,Departamentos 1 recámaras en Narvarte Poniente hasta $8M,narvarte,depto,1,8000000,,3,25,30,10,5,70,
/marketplace?colonia=narvarte&precio_max=12000000&recamaras_min=1&tipo=depto,Departamentos 1 recámaras en Narvarte Poniente hasta $12M,narvarte,depto,1,12000000,,3,25,30,10,5,70,
/marketplace?colonia=narvarte&precio_max=15000000&recamaras_min=1&tipo=depto,Departamentos 1 recámaras en Narvarte Poniente hasta $15M,narvarte,depto,1,15000000,,3,25,30,10,5,70,
/marketplace?colonia=narvarte&precio_max=20000000&recamaras_min=2&tipo=depto,Departamentos 2 recámaras en Narvarte Poniente hasta $20M,narvarte,depto,2,20000000,,3,20,30,15,5,70,
/marketplace?colonia=narvarte&precio_max=30000000&recamaras_min=2&tipo=depto,Departamentos 2 recámaras en Narvarte Poniente hasta $30M,narvarte,depto,2,30000000,,3,20,30,15,5,70,
/marketplace?colonia=escandon&precio_max=3000000&recamaras_min=1&tipo=depto,Departamentos 1 recámaras en Escandón hasta $3M,escandon,depto,1,3000000,,3,25,30,10,5,70,
/marketplace?colonia=escandon&precio_max=5000000&recamaras_min=1&tipo=depto,Departamentos 1 recámaras en Escandón hasta $5M,escandon,depto,1,5000000,,3,25,30,10,5,70,
/marketplace?colonia=escandon&precio_max=8000000&recamaras_min=1&tipo=depto,Departamentos 1 recámaras en Escandón hasta $8M,escandon,depto,1,8000000,,3,25,30,10,5,70,
/marketplace?colonia=escandon&precio_max=12000000&recamaras_min=1&tipo=depto,Departamentos 1 recámaras en Escandón hasta $12M,escandon,depto,1,12000000,,3,25,30,10,5,70,
/marketplace?colonia=escandon&precio_max=15000000&recamaras_min=1&tipo=depto,Departamentos 1 recámaras en Escandón hasta $15M,escandon,depto,1,15000000,,3,25,30,10,5,70,
/marketplace?colonia=escandon&precio_max=20000000&recamaras_min=2&tipo=depto,Departamentos 2 recámaras en Escandón hasta $20M,escandon,depto,2,20000000,,3,20,30,15,5,70,
/marketplace?colonia=escandon&precio_max=30000000&recamaras_min=2&tipo=depto,Departamentos 2 recámaras en Escandón hasta $30M,escandon,depto,2,30000000,,3,20,30,15,5,70,
/marketplace?colonia=anzures&precio_max=3000000&recamaras_min=1&tipo=depto,Departamentos 1 recámaras en Anzures hasta $3M,anzures,depto,1,3000000,,3,25,30,10,5,70,
/marketplace?colonia=anzures&precio_max=5000000&recamaras_min=1&tipo=depto,Departamentos 1 recámaras en Anzures hasta $5M,anzures,depto,1,5000000,,3,25,30,10,5,70,
/marketplace?colonia=anzures&precio_max=8000000&recamaras_min=1&tipo=depto,Departamentos 1 recámaras en Anzures hasta $8M,anzures,depto,1,8000000,,3,25,30,10,5,70,
/marketplace?colonia=anzures&precio_max=12000000&recamaras_min=1&tipo=depto,Departamentos 1 recámaras en Anzures hasta $12M,anzures,depto,1,12000000,,3,25,30,10,5,70,
/marketplace?colonia=anzures&precio_max=15000000&recamaras_min=1&tipo=depto,Departamentos 1 recámaras en Anzures hasta $15M,anzures,depto,1,15000000,,3,25,30,10,5,70,
/marketplace?colonia=anzures&precio_max=20000000&recamaras_min=1&tipo=depto,Departamentos 1 recámaras en Anzures hasta $20M,anzures,depto,1,20000000,,3,25,30,10,5,70,
/marketplace?colonia=anzures&precio_max=30000000&recamaras_min=2&tipo=depto,Departamentos 2 recámaras en Anzures hasta $30M,anzures,depto,2,30000000,,3,20,30,15,5,70,
/marketplace?colonia=roma-sur&precio_max=3000000&recamaras_min=1&tipo=depto,Departamentos 1 recámaras en Roma Sur hasta $3M,roma-sur,depto,1,3000000,,3,25,30,10,5,70,
/marketplace?colonia=roma-sur&precio_max=5000000&recamaras_min=1&tipo=depto,Departamentos 1 recámaras en Roma Sur hasta $5M,roma-sur,depto,1,5000000,,3,25,30,10,5,70,
/marketplace?colonia=roma-sur&precio_max=8000000&recamaras_min=1&tipo=depto,Departamentos 1 recámaras en Roma Sur hasta $8M,roma-sur,depto,1,8000000,,3,25,30,10,5,70,
/marketplace?colonia=roma-sur&precio_max=12000000&recamaras_min=1&tipo=depto,Departamentos 1 recámaras en Roma Sur hasta $12M,roma-sur,depto,1,12000000,,3,25,30,10,5,70,
/marketplace?colonia=roma-sur&precio_max=15000000&recamaras_min=1&tipo=depto,Departamentos 1 recámaras en Roma Sur hasta $15M,roma-sur,depto,1,15000000,,3,25,30,10,5,70,
/marketplace?colonia=roma-sur&precio_max=20000000&recamaras_min=2&tipo=depto,Departamentos 2 recámaras en Roma Sur hasta $20M,roma-sur,depto,2,20000000,,3,20,30,15,5,70,
/marketplace?colonia=roma-sur&precio_max=30000000&recamaras_min=2&tipo=depto,Departamentos 2 recámaras en Roma Sur hasta $30M,roma-sur,depto,2,30000000,,3,20,30,15,5,70,
/marketplace?colonia=polanco&tipo=depto,Departamentos en Polanco,polanco,depto,,,,1,25,17,22,5,69,
/marketplace?colonia=lomas-chapultepec&tipo=depto,Departamentos en Lomas de Chapultepec,lomas-chapultepec,depto,,,,1,25,17,22,5,69,
/marketplace?colonia=lomas-chapultepec&tipo=casa,Casas en Lomas de Chapultepec,lomas-chapultepec,casa,,,,1,25,17,22,5,69,
/marketplace?colonia=pedregal&tipo=depto,Departamentos en Jardines del Pedregal,pedregal,depto,,,,1,25,17,22,5,69,
/marketplace?colonia=pedregal&tipo=casa,Casas en Jardines del Pedregal,pedregal,casa,,,,1,25,17,22,5,69,
/marketplace?colonia=roma-norte&recamaras_min=1,Departamentos 1 recámaras en Roma Norte,roma-norte,,1,,,2,25,23,16,5,69,
/marketplace?colonia=condesa&recamaras_min=1,Departamentos 1 recámaras en Condesa,condesa,,1,,,2,25,23,16,5,69,
/marketplace?colonia=coyoacan-centro&recamaras_min=1,Departamentos 1 recámaras en Coyoacán Centro,coyoacan-centro,,1,,,2,25,23,16,5,69,
/marketplace?colonia=santa-fe&recamaras_min=1,Departamentos 1 recámaras en Santa Fe,santa-fe,,1,,,2,25,23,16,5,69,
/marketplace?colonia=napoles&recamaras_min=1,Departamentos 1 recámaras en Nápoles,napoles,,1,,,2,25,23,16,5,69,
/marketplace?colonia=doctores&precio_max=3000000&recamaras_min=2,Departamentos 2 recámaras en Doctores hasta $3M,doctores,,2,3000000,,4,25,30,9,5,69,
/marketplace?colonia=doctores&precio_max=5000000&recamaras_min=2,Departamentos 2 recámaras en Doctores hasta $5M,doctores,,2,5000000,,4,25,30,9,5,69,
/marketplace?colonia=doctores&precio_max=3000000&recamaras_min=2&tipo=depto,Departamentos 2 recámaras en Doctores hasta $3M,doctores,depto,2,3000000,,4,25,30,9,5,69,
/marketplace?colonia=doctores&precio_max=5000000&recamaras_min=2&tipo=depto,Departamentos 2 recámaras en Doctores hasta $5M,doctores,depto,2,5000000,,4,25,30,9,5,69,
/marketplace?colonia=roma-norte&stage=entrega_inmediata,Departamentos en Roma Norte entrega inmediata,roma-norte,,,,entrega_inmediata,2,25,18,18,8,69,
/marketplace?colonia=condesa&stage=entrega_inmediata,Departamentos en Condesa entrega inmediata,condesa,,,,entrega_inmediata,2,25,18,18,8,69,
/marketplace?colonia=coyoacan-centro&stage=entrega_inmediata,Departamentos en Coyoacán Centro entrega inmediata,coyoacan-centro,,,,entrega_inmediata,2,25,18,18,8,69,
/marketplace?colonia=santa-fe&stage=entrega_inmediata,Departamentos en Santa Fe entrega inmediata,santa-fe,,,,entrega_inmediata,2,25,18,18,8,69,
/marketplace?colonia=napoles&stage=entrega_inmediata,Departamentos en Nápoles entrega inmediata,napoles,,,,entrega_inmediata,2,25,18,18,8,69,
/marketplace?colonia=roma-norte&recamaras_min=1&stage=en_construccion,Departamentos 1 recámaras en Roma Norte,roma-norte,,1,,en_construccion,2,25,23,16,5,69,
/marketplace?colonia=condesa&recamaras_min=1&stage=en_construccion,Departamentos 1 recámaras en Condesa,condesa,,1,,en_construccion,2,25,23,16,5,69,
/marketplace?colonia=coyoacan-centro&recamaras_min=1&stage=en_construccion,Departamentos 1 recámaras en Coyoacán Centro,coyoacan-centro,,1,,en_construccion,2,25,23,16,5,69,
/marketplace?colonia=santa-fe&recamaras_min=1&stage=en_construccion,Departamentos 1 recámaras en Santa Fe,santa-fe,,1,,en_construccion,2,25,23,16,5,69,
/marketplace?colonia=napoles&recamaras_min=1&stage=en_construccion,Departamentos 1 recámaras en Nápoles,napoles,,1,,en_construccion,2,25,23,16,5,69,
/marketplace?colonia=juarez&recamaras_min=1&stage=entrega_inmediata,Departamentos 1 recámaras en Juárez entrega inmediata,juarez,,1,,entrega_inmediata,3,25,26,10,8,69,
/marketplace?colonia=cuauhtemoc&recamaras_min=1&stage=entrega_inmediata,Departamentos 1 recámaras en Cuauhtémoc entrega inmediata,cuauhtemoc,,1,,entrega_inmediata,3,25,26,10,8,69,
/marketplace?colonia=del-valle-centro&recamaras_min=1&stage=entrega_inmediata,Departamentos 1 recámaras en Del Valle Centro entrega inmediata,del-valle-centro,,1,,entrega_inmediata,3,25,26,10,8,69,
/marketplace?colonia=narvarte&recamaras_min=1&stage=entrega_inmediata,Departamentos 1 recámaras en Narvarte Poniente entrega inmediata,narvarte,,1,,entrega_inmediata,3,25,26,10,8,69,
/marketplace?colonia=escandon&recamaras_min=1&stage=entrega_inmediata,Departamentos 1 recámaras en Escandón entrega inmediata,escandon,,1,,entrega_inmediata,3,25,26,10,8,69,
/marketplace?colonia=anzures&recamaras_min=1&stage=entrega_inmediata,Departamentos 1 recámaras en Anzures entrega inmediata,anzures,,1,,entrega_inmediata,3,25,26,10,8,69,
/marketplace?colonia=roma-sur&recamaras_min=1&stage=entrega_inmediata,Departamentos 1 recámaras en Roma Sur entrega inmediata,roma-sur,,1,,entrega_inmediata,3,25,26,10,8,69,
/marketplace?colonia=roma-norte&recamaras_min=4,Departamentos 4 recámaras en Roma Norte,roma-norte,,4,,,2,25,23,15,5,68,
/marketplace?colonia=condesa&recamaras_min=4,Departamentos 4 recámaras en Condesa,condesa,,4,,,2,25,23,15,5,68,
/marketplace?colonia=coyoacan-centro&recamaras_min=4,Departamentos 4 recámaras en Coyoacán Centro,coyoacan-centro,,4,,,2,25,23,15,5,68,
/marketplace?colonia=santa-fe&recamaras_min=4,Departamentos 4 recámaras en Santa Fe,santa-fe,,4,,,2,25,23,15,5,68,
/marketplace?colonia=napoles&recamaras_min=4,Departamentos 4 recámaras en Nápoles,napoles,,4,,,2,25,23,15,5,68,
/marketplace?colonia=juarez&recamaras_min=2,Departamentos 2 recámaras en Juárez,juarez,,2,,,3,25,23,15,5,68,
/marketplace?colonia=cuauhtemoc&recamaras_min=2,Departamentos 2 recámaras en Cuauhtémoc,cuauhtemoc,,2,,,3,25,23,15,5,68,
/marketplace?colonia=del-valle-centro&recamaras_min=2,Departamentos 2 recámaras en Del Valle Centro,del-valle-centro,,2,,,3,25,23,15,5,68,
/marketplace?colonia=narvarte&recamaras_min=2,Departamentos 2 recámaras en Narvarte Poniente,narvarte,,2,,,3,25,23,15,5,68,
/marketplace?colonia=escandon&recamaras_min=2,Departamentos 2 recámaras en Escandón,escandon,,2,,,3,25,23,15,5,68,
/marketplace?colonia=anzures&recamaras_min=2,Departamentos 2 recámaras en Anzures,anzures,,2,,,3,25,23,15,5,68,
/marketplace?colonia=roma-sur&recamaras_min=2,Departamentos 2 recámaras en Roma Sur,roma-sur,,2,,,3,25,23,15,5,68,
/marketplace?colonia=polanco&precio_max=3000000&recamaras_min=3,Departamentos 3 recámaras en Polanco hasta $3M,polanco,,3,3000000,,1,10,30,23,5,68,
/marketplace?colonia=polanco&precio_max=5000000&recamaras_min=3,Departamentos 3 recámaras en Polanco hasta $5M,polanco,,3,5000000,,1,10,30,23,5,68,
/marketplace?colonia=lomas-chapultepec&precio_max=3000000&recamaras_min=3,Departamentos 3 recámaras en Lomas de Chapultepec hasta $3M,lomas-chapultepec,,3,3000000,,1,10,30,23,5,68,
/marketplace?colonia=lomas-chapultepec&precio_max=5000000&recamaras_min=3,Departamentos 3 recámaras en Lomas de Chapultepec hasta $5M,lomas-chapultepec,,3,5000000,,1,10,30,23,5,68,
/marketplace?colonia=lomas-chapultepec&precio_max=8000000&recamaras_min=3,Departamentos 3 recámaras en Lomas de Chapultepec hasta $8M,lomas-chapultepec,,3,8000000,,1,10,30,23,5,68,
/marketplace?colonia=pedregal&precio_max=3000000&recamaras_min=3,Departamentos 3 recámaras en Jardines del Pedregal hasta $3M,pedregal,,3,3000000,,1,10,30,23,5,68,
/marketplace?colonia=pedregal&precio_max=5000000&recamaras_min=3,Departamentos 3 recámaras en Jardines del Pedregal hasta $5M,pedregal,,3,5000000,,1,10,30,23,5,68,
/marketplace?colonia=pedregal&precio_max=8000000&recamaras_min=3,Departamentos 3 recámaras en Jardines del Pedregal hasta $8M,pedregal,,3,8000000,,1,10,30,23,5,68,
/marketplace?colonia=pedregal&precio_max=12000000&recamaras_min=3,Departamentos 3 recámaras en Jardines del Pedregal hasta $12M,pedregal,,3,12000000,,1,10,30,23,5,68,
/marketplace?colonia=juarez&precio_max=20000000&recamaras_min=3,Departamentos 3 recámaras en Juárez hasta $20M,juarez,,3,20000000,,3,20,30,13,5,68,
/marketplace?colonia=juarez&precio_max=30000000&recamaras_min=3,Departamentos 3 recámaras en Juárez hasta $30M,juarez,,3,30000000,,3,20,30,13,5,68,
/marketplace?colonia=cuauhtemoc&precio_max=20000000&recamaras_min=3,Departamentos 3 recámaras en Cuauhtémoc hasta $20M,cuauhtemoc,,3,20000000,,3,20,30,13,5,68,
/marketplace?colonia=cuauhtemoc&precio_max=30000000&recamaras_min=3,Departamentos 3 recámaras en Cuauhtémoc hasta $30M,cuauhtemoc,,3,30000000,,3,20,30,13,5,68,
/marketplace?colonia=del-valle-centro&precio_max=30000000&recamaras_min=3,Departamentos 3 recámaras en Del Valle Centro hasta $30M,del-valle-centro,,3,30000000,,3,20,30,13,5,68,
/marketplace?colonia=narvarte&precio_max=20000000&recamaras_min=3,Departamentos 3 recámaras en Narvarte Poniente hasta $20M,narvarte,,3,20000000,,3,20,30,13,5,68,
/marketplace?colonia=narvarte&precio_max=30000000&recamaras_min=3,Departamentos 3 recámaras en Narvarte Poniente hasta $30M,narvarte,,3,30000000,,3,20,30,13,5,68,
/marketplace?colonia=escandon&precio_max=20000000&recamaras_min=3,Departamentos 3 recámaras en Escandón hasta $20M,escandon,,3,20000000,,3,20,30,13,5,68,
/marketplace?colonia=escandon&precio_max=30000000&recamaras_min=3,Departamentos 3 recámaras en Escandón hasta $30M,escandon,,3,30000000,,3,20,30,13,5,68,
/marketplace?colonia=anzures&precio_max=30000000&recamaras_min=3,Departamentos 3 recámaras en Anzures hasta $30M,anzures,,3,30000000,,3,20,30,13,5,68,
/marketplace?colonia=roma-sur&precio_max=20000000&recamaras_min=3,Departamentos 3 recámaras en Roma Sur hasta $20M,roma-sur,,3,20000000,,3,20,30,13,5,68,
/marketplace?colonia=roma-sur&precio_max=30000000&recamaras_min=3,Departamentos 3 recámaras en Roma Sur hasta $30M,roma-sur,,3,30000000,,3,20,30,13,5,68,
/marketplace?colonia=polanco&precio_max=3000000&recamaras_min=3&tipo=depto,Departamentos 3 recámaras en Polanco hasta $3M,polanco,depto,3,3000000,,1,10,30,23,5,68,
/marketplace?colonia=polanco&precio_max=5000000&recamaras_min=3&tipo=depto,Departamentos 3 recámaras en Polanco hasta $5M,polanco,depto,3,5000000,,1,10,30,23,5,68,
/marketplace?colonia=lomas-chapultepec&precio_max=3000000&recamaras_min=3&tipo=depto,Departamentos 3 recámaras en Lomas de Chapultepec hasta $3M,lomas-chapultepec,depto,3,3000000,,1,10,30,23,5,68,
/marketplace?colonia=lomas-chapultepec&precio_max=5000000&recamaras_min=3&tipo=depto,Departamentos 3 recámaras en Lomas de Chapultepec hasta $5M,lomas-chapultepec,depto,3,5000000,,1,10,30,23,5,68,
/marketplace?colonia=lomas-chapultepec&precio_max=8000000&recamaras_min=3&tipo=depto,Departamentos 3 recámaras en Lomas de Chapultepec hasta $8M,lomas-chapultepec,depto,3,8000000,,1,10,30,23,5,68,
/marketplace?colonia=lomas-chapultepec&precio_max=3000000&recamaras_min=3&tipo=casa,Casas 3 recámaras en Lomas de Chapultepec hasta $3M,lomas-chapultepec,casa,3,3000000,,1,10,30,23,5,68,
/marketplace?colonia=lomas-chapultepec&precio_max=5000000&recamaras_min=3&tipo=casa,Casas 3 recámaras en Lomas de Chapultepec hasta $5M,lomas-chapultepec,casa,3,5000000,,1,10,30,23,5,68,
/marketplace?colonia=lomas-chapultepec&precio_max=8000000&recamaras_min=3&tipo=casa,Casas 3 recámaras en Lomas de Chapultepec hasta $8M,lomas-chapultepec,casa,3,8000000,,1,10,30,23,5,68,
/marketplace?colonia=pedregal&precio_max=3000000&recamaras_min=3&tipo=depto,Departamentos 3 recámaras en Jardines del Pedregal hasta $3M,pedregal,depto,3,3000000,,1,10,30,23,5,68,
/marketplace?colonia=pedregal&precio_max=5000000&recamaras_min=3&tipo=depto,Departamentos 3 recámaras en Jardines del Pedregal hasta $5M,pedregal,depto,3,5000000,,1,10,30,23,5,68,
/marketplace?colonia=pedregal&precio_max=8000000&recamaras_min=3&tipo=depto,Departamentos 3 recámaras en Jardines del Pedregal hasta $8M,pedregal,depto,3,8000000,,1,10,30,23,5,68,
/marketplace?colonia=pedregal&precio_max=12000000&recamaras_min=3&tipo=depto,Departamentos 3 recámaras en Jardines del Pedregal hasta $12M,pedregal,depto,3,12000000,,1,10,30,23,5,68,
/marketplace?colonia=pedregal&precio_max=3000000&recamaras_min=3&tipo=casa,Casas 3 recámaras en Jardines del Pedregal hasta $3M,pedregal,casa,3,3000000,,1,10,30,23,5,68,
/marketplace?colonia=pedregal&precio_max=5000000&recamaras_min=3&tipo=casa,Casas 3 recámaras en Jardines del Pedregal hasta $5M,pedregal,casa,3,5000000,,1,10,30,23,5,68,
/marketplace?colonia=pedregal&precio_max=8000000&recamaras_min=3&tipo=casa,Casas 3 recámaras en Jardines del Pedregal hasta $8M,pedregal,casa,3,8000000,,1,10,30,23,5,68,
/marketplace?colonia=pedregal&precio_max=12000000&recamaras_min=3&tipo=casa,Casas 3 recámaras en Jardines del Pedregal hasta $12M,pedregal,casa,3,12000000,,1,10,30,23,5,68,
/marketplace?colonia=juarez&precio_max=20000000&recamaras_min=3&tipo=depto,Departamentos 3 recámaras en Juárez hasta $20M,juarez,depto,3,20000000,,3,20,30,13,5,68,
/marketplace?colonia=juarez&precio_max=30000000&recamaras_min=3&tipo=depto,Departamentos 3 recámaras en Juárez hasta $30M,juarez,depto,3,30000000,,3,20,30,13,5,68,
/marketplace?colonia=juarez&precio_max=20000000&recamaras_min=3&tipo=loft,Lofts 3 recámaras en Juárez hasta $20M,juarez,loft,3,20000000,,3,20,30,13,5,68,
/marketplace?colonia=juarez&precio_max=30000000&recamaras_min=3&tipo=loft,Lofts 3 recámaras en Juárez hasta $30M,juarez,loft,3,30000000,,3,20,30,13,5,68,
/marketplace?colonia=cuauhtemoc&precio_max=20000000&recamaras_min=3&tipo=depto,Departamentos 3 recámaras en Cuauhtémoc hasta $20M,cuauhtemoc,depto,3,20000000,,3,20,30,13,5,68,
/marketplace?colonia=cuauhtemoc&precio_max=30000000&recamaras_min=3&tipo=depto,Departamentos 3 recámaras en Cuauhtémoc hasta $30M,cuauhtemoc,depto,3,30000000,,3,20,30,13,5,68,
/marketplace?colonia=cuauhtemoc&precio_max=20000000&recamaras_min=3&tipo=loft,Lofts 3 recámaras en Cuauhtémoc hasta $20M,cuauhtemoc,loft,3,20000000,,3,20,30,13,5,68,
/marketplace?colonia=cuauhtemoc&precio_max=30000000&recamaras_min=3&tipo=loft,Lofts 3 recámaras en Cuauhtémoc hasta $30M,cuauhtemoc,loft,3,30000000,,3,20,30,13,5,68,
/marketplace?colonia=del-valle-centro&precio_max=30000000&recamaras_min=3&tipo=depto,Departamentos 3 recámaras en Del Valle Centro hasta $30M,del-valle-centro,depto,3,30000000,,3,20,30,13,5,68,
/marketplace?colonia=narvarte&precio_max=20000000&recamaras_min=3&tipo=depto,Departamentos 3 recámaras en Narvarte Poniente hasta $20M,narvarte,depto,3,20000000,,3,20,30,13,5,68,
/marketplace?colonia=narvarte&precio_max=30000000&recamaras_min=3&tipo=depto,Departamentos 3 recámaras en Narvarte Poniente hasta $30M,narvarte,depto,3,30000000,,3,20,30,13,5,68,
/marketplace?colonia=escandon&precio_max=20000000&recamaras_min=3&tipo=depto,Departamentos 3 recámaras en Escandón hasta $20M,escandon,depto,3,20000000,,3,20,30,13,5,68,
/marketplace?colonia=escandon&precio_max=30000000&recamaras_min=3&tipo=depto,Departamentos 3 recámaras en Escandón hasta $30M,escandon,depto,3,30000000,,3,20,30,13,5,68,
/marketplace?colonia=anzures&precio_max=30000000&recamaras_min=3&tipo=depto,Departamentos 3 recámaras en Anzures hasta $30M,anzures,depto,3,30000000,,3,20,30,13,5,68,
/marketplace?colonia=roma-sur&precio_max=20000000&recamaras_min=3&tipo=depto,Departamentos 3 recámaras en Roma Sur hasta $20M,roma-sur,depto,3,20000000,,3,20,30,13,5,68,
/marketplace?colonia=roma-sur&precio_max=30000000&recamaras_min=3&tipo=depto,Departamentos 3 recámaras en Roma Sur hasta $30M,roma-sur,depto,3,30000000,,3,20,30,13,5,68,
/marketplace?colonia=roma-norte&recamaras_min=4&stage=en_construccion,Departamentos 4 recámaras en Roma Norte,roma-norte,,4,,en_construccion,2,25,23,15,5,68,
/marketplace?colonia=condesa&recamaras_min=4&stage=en_construccion,Departamentos 4 recámaras en Condesa,condesa,,4,,en_construccion,2,25,23,15,5,68,
/marketplace?colonia=coyoacan-centro&recamaras_min=4&stage=en_construccion,Departamentos 4 recámaras en Coyoacán Centro,coyoacan-centro,,4,,en_construccion,2,25,23,15,5,68,
/marketplace?colonia=santa-fe&recamaras_min=4&stage=en_construccion,Departamentos 4 recámaras en Santa Fe,santa-fe,,4,,en_construccion,2,25,23,15,5,68,
/marketplace?colonia=napoles&recamaras_min=4&stage=en_construccion,Departamentos 4 recámaras en Nápoles,napoles,,4,,en_construccion,2,25,23,15,5,68,
/marketplace?colonia=juarez&recamaras_min=2&stage=en_construccion,Departamentos 2 recámaras en Juárez,juarez,,2,,en_construccion,3,25,23,15,5,68,
/marketplace?colonia=cuauhtemoc&recamaras_min=2&stage=en_construccion,Departamentos 2 recámaras en Cuauhtémoc,cuauhtemoc,,2,,en_construccion,3,25,23,15,5,68,
/marketplace?colonia=del-valle-centro&recamaras_min=2&stage=en_construccion,Departamentos 2 recámaras en Del Valle Centro,del-valle-centro,,2,,en_construccion,3,25,23,15,5,68,
/marketplace?colonia=narvarte&recamaras_min=2&stage=en_construccion,Departamentos 2 recámaras en Narvarte Poniente,narvarte,,2,,en_construccion,3,25,23,15,5,68,
/marketplace?colonia=escandon&recamaras_min=2&stage=en_construccion,Departamentos 2 recámaras en Escandón,escandon,,2,,en_construccion,3,25,23,15,5,68,
/marketplace?colonia=anzures&recamaras_min=2&stage=en_construccion,Departamentos 2 recámaras en Anzures,anzures,,2,,en_construccion,3,25,23,15,5,68,
/marketplace?colonia=roma-sur&recamaras_min=2&stage=en_construccion,Departamentos 2 recámaras en Roma Sur,roma-sur,,2,,en_construccion,3,25,23,15,5,68,
/marketplace?colonia=doctores&recamaras_min=2&stage=entrega_inmediata,Departamentos 2 recámaras en Doctores entrega inmediata,doctores,,2,,entrega_inmediata,4,25,26,9,8,68,
/marketplace?colonia=polanco,Departamentos en Polanco,polanco,,,,,1,25,15,22,5,67,
/marketplace?colonia=lomas-chapultepec,Departamentos en Lomas de Chapultepec,lomas-chapultepec,,,,,1,25,15,22,5,67,
/marketplace?colonia=pedregal,Departamentos en Jardines del Pedregal,pedregal,,,,,1,25,15,22,5,67,
/marketplace?colonia=polanco&stage=en_construccion,Departamentos en Polanco,polanco,,,,en_construccion,1,25,15,22,5,67,
/marketplace?colonia=lomas-chapultepec&stage=en_construccion,Departamentos en Lomas de Chapultepec,lomas-chapultepec,,,,en_construccion,1,25,15,22,5,67,
/marketplace?colonia=pedregal&stage=en_construccion,Departamentos en Jardines del Pedregal,pedregal,,,,en_construccion,1,25,15,22,5,67,
/marketplace?colonia=juarez&recamaras_min=4&stage=preventa,Departamentos 4 recámaras en Juárez preventa,juarez,,4,,preventa,3,15,28,9,15,67,
/marketplace?colonia=cuauhtemoc&recamaras_min=4&stage=preventa,Departamentos 4 recámaras en Cuauhtémoc preventa,cuauhtemoc,,4,,preventa,3,15,28,9,15,67,
/marketplace?colonia=del-valle-centro&recamaras_min=4&stage=preventa,Departamentos 4 recámaras en Del Valle Centro preventa,del-valle-centro,,4,,preventa,3,15,28,9,15,67,
/marketplace?colonia=narvarte&recamaras_min=4&stage=preventa,Departamentos 4 recámaras en Narvarte Poniente preventa,narvarte,,4,,preventa,3,15,28,9,15,67,
/marketplace?colonia=escandon&recamaras_min=4&stage=preventa,Departamentos 4 recámaras en Escandón preventa,escandon,,4,,preventa,3,15,28,9,15,67,
/marketplace?colonia=anzures&recamaras_min=4&stage=preventa,Departamentos 4 recámaras en Anzures preventa,anzures,,4,,preventa,3,15,28,9,15,67,
/marketplace?colonia=roma-sur&recamaras_min=4&stage=preventa,Departamentos 4 recámaras en Roma Sur preventa,roma-sur,,4,,preventa,3,15,28,9,15,67,
/marketplace?colonia=juarez&recamaras_min=3,Departamentos 3 recámaras en Juárez,juarez,,3,,,3,25,23,13,5,66,
/marketplace?colonia=cuauhtemoc&recamaras_min=3,Departamentos 3 recámaras en Cuauhtémoc,cuauhtemoc,,3,,,3,25,23,13,5,66,
/marketplace?colonia=del-valle-centro&recamaras_min=3,Departamentos 3 recámaras en Del Valle Centro,del-valle-centro,,3,,,3,25,23,13,5,66,
/marketplace?colonia=narvarte&recamaras_min=3,Departamentos 3 recámaras en Narvarte Poniente,narvarte,,3,,,3,25,23,13,5,66,
/marketplace?colonia=escandon&recamaras_min=3,Departamentos 3 recámaras en Escandón,escandon,,3,,,3,25,23,13,5,66,
/marketplace?colonia=anzures&recamaras_min=3,Departamentos 3 recámaras en Anzures,anzures,,3,,,3,25,23,13,5,66,
/marketplace?colonia=roma-sur&recamaras_min=3,Departamentos 3 recámaras en Roma Sur,roma-sur,,3,,,3,25,23,13,5,66,
/marketplace?colonia=condesa&precio_max=3000000&recamaras_min=2,Departamentos 2 recámaras en Condesa hasta $3M,condesa,,2,3000000,,2,10,30,21,5,66,
/marketplace?colonia=santa-fe&precio_max=3000000&recamaras_min=2,Departamentos 2 recámaras en Santa Fe hasta $3M,santa-fe,,2,3000000,,2,10,30,21,5,66,
/marketplace?colonia=condesa&precio_max=3000000&recamaras_min=2&tipo=depto,Departamentos 2 recámaras en Condesa hasta $3M,condesa,depto,2,3000000,,2,10,30,21,5,66,
/marketplace?colonia=condesa&precio_max=3000000&recamaras_min=2&tipo=loft,Lofts 2 recámaras en Condesa hasta $3M,condesa,loft,2,3000000,,2,10,30,21,5,66,
/marketplace?colonia=santa-fe&precio_max=3000000&recamaras_min=2&tipo=depto,Departamentos 2 recámaras en Santa Fe hasta $3M,santa-fe,depto,2,3000000,,2,10,30,21,5,66,
/marketplace?colonia=doctores&stage=preventa,Departamentos en Doctores preventa,doctores,,,,preventa,4,25,20,6,15,66,
/marketplace?colonia=juarez&recamaras_min=3&stage=en_construccion,Departamentos 3 recámaras en Juárez,juarez,,3,,en_construccion,3,25,23,13,5,66,
/marketplace?colonia=cuauhtemoc&recamaras_min=3&stage=en_construccion,Departamentos 3 recámaras en Cuauhtémoc,cuauhtemoc,,3,,en_construccion,3,25,23,13,5,66,
/marketplace?colonia=del-valle-centro&recamaras_min=3&stage=en_construccion,Departamentos 3 recámaras en Del Valle Centro,del-valle-centro,,3,,en_construccion,3,25,23,13,5,66,
/marketplace?colonia=narvarte&recamaras_min=3&stage=en_construccion,Departamentos 3 recámaras en Narvarte Poniente,narvarte,,3,,en_construccion,3,25,23,13,5,66,
/marketplace?colonia=escandon&recamaras_min=3&stage=en_construccion,Departamentos 3 recámaras en Escandón,escandon,,3,,en_construccion,3,25,23,13,5,66,
/marketplace?colonia=anzures&recamaras_min=3&stage=en_construccion,Departamentos 3 recámaras en Anzures,anzures,,3,,en_construccion,3,25,23,13,5,66,
/marketplace?colonia=roma-sur&recamaras_min=3&stage=en_construccion,Departamentos 3 recámaras en Roma Sur,roma-sur,,3,,en_construccion,3,25,23,13,5,66,
/marketplace?colonia=roma-norte&tipo=depto,Departamentos en Roma Norte,roma-norte,depto,,,,2,25,17,18,5,65,
/marketplace?colonia=roma-norte&tipo=loft,Lofts en Roma Norte,roma-norte,loft,,,,2,25,17,18,5,65,
/marketplace?colonia=condesa&tipo=depto,Departamentos en Condesa,condesa,depto,,,,2,25,17,18,5,65,
/marketplace?colonia=condesa&tipo=loft,Lofts en Condesa,condesa,loft,,,,2,25,17,18,5,65,
/marketplace?colonia=coyoacan-centro&tipo=depto,Departamentos en Coyoacán Centro,coyoacan-centro,depto,,,,2,25,17,18,5,65,
/marketplace?colonia=coyoacan-centro&tipo=casa,Casas en Coyoacán Centro,coyoacan-centro,casa,,,,2,25,17,18,5,65,
/marketplace?colonia=santa-fe&tipo=depto,Departamentos en Santa Fe,santa-fe,depto,,,,2,25,17,18,5,65,
/marketplace?colonia=napoles&tipo=depto,Departamentos en Nápoles,napoles,depto,,,,2,25,17,18,5,65,
/marketplace?colonia=polanco&recamaras_min=1,Departamentos 1 recámaras en Polanco,polanco,,1,,,1,17,23,20,5,65,
/marketplace?colonia=lomas-chapultepec&recamaras_min=1,Departamentos 1 recámaras en Lomas de Chapultepec,lomas-chapultepec,,1,,,1,17,23,20,5,65,
/marketplace?colonia=pedregal&recamaras_min=1,Departamentos 1 recámaras en Jardines del Pedregal,pedregal,,1,,,1,17,23,20,5,65,
/marketplace?colonia=juarez&precio_max=20000000&recamaras_min=1,Departamentos 1 recámaras en Juárez hasta $20M,juarez,,1,20000000,,3,20,30,10,5,65,
/marketplace?colonia=juarez&precio_max=30000000&recamaras_min=1,Departamentos 1 recámaras en Juárez hasta $30M,juarez,,1,30000000,,3,20,30,10,5,65,
/marketplace?colonia=cuauhtemoc&precio_max=20000000&recamaras_min=1,Departamentos 1 recámaras en Cuauhtémoc hasta $20M,cuauhtemoc,,1,20000000,,3,20,30,10,5,65,
/marketplace?colonia=cuauhtemoc&precio_max=30000000&recamaras_min=1,Departamentos 1 recámaras en Cuauhtémoc hasta $30M,cuauhtemoc,,1,30000000,,3,20,30,10,5,65,
/marketplace?colonia=del-valle-centro&precio_max=30000000&recamaras_min=1,Departamentos 1 recámaras en Del Valle Centro hasta $30M,del-valle-centro,,1,30000000,,3,20,30,10,5,65,
/marketplace?colonia=narvarte&precio_max=20000000&recamaras_min=1,Departamentos 1 recámaras en Narvarte Poniente hasta $20M,narvarte,,1,20000000,,3,20,30,10,5,65,
/marketplace?colonia=narvarte&precio_max=30000000&recamaras_min=1,Departamentos 1 recámaras en Narvarte Poniente hasta $30M,narvarte,,1,30000000,,3,20,30,10,5,65,
/marketplace?colonia=escandon&precio_max=20000000&recamaras_min=1,Departamentos 1 recámaras en Escandón hasta $20M,escandon,,1,20000000,,3,20,30,10,5,65,
/marketplace?colonia=escandon&precio_max=30000000&recamaras_min=1,Departamentos 1 recámaras en Escandón hasta $30M,escandon,,1,30000000,,3,20,30,10,5,65,
/marketplace?colonia=anzures&precio_max=30000000&recamaras_min=1,Departamentos 1 recámaras en Anzures hasta $30M,anzures,,1,30000000,,3,20,30,10,5,65,
/marketplace?colonia=roma-sur&precio_max=20000000&recamaras_min=1,Departamentos 1 recámaras en Roma Sur hasta $20M,roma-sur,,1,20000000,,3,20,30,10,5,65,
/marketplace?colonia=roma-sur&precio_max=30000000&recamaras_min=1,Departamentos 1 recámaras en Roma Sur hasta $30M,roma-sur,,1,30000000,,3,20,30,10,5,65,
/marketplace?colonia=juarez&precio_max=20000000&recamaras_min=1&tipo=depto,Departamentos 1 recámaras en Juárez hasta $20M,juarez,depto,1,20000000,,3,20,30,10,5,65,
/marketplace?colonia=juarez&precio_max=30000000&recamaras_min=1&tipo=depto,Departamentos 1 recámaras en Juárez hasta $30M,juarez,depto,1,30000000,,3,20,30,10,5,65,
/marketplace?colonia=juarez&precio_max=20000000&recamaras_min=1&tipo=loft,Lofts 1 recámaras en Juárez hasta $20M,juarez,loft,1,20000000,,3,20,30,10,5,65,
/marketplace?colonia=juarez&precio_max=30000000&recamaras_min=1&tipo=loft,Lofts 1 recámaras en Juárez hasta $30M,juarez,loft,1,30000000,,3,20,30,10,5,65,
/marketplace?colonia=cuauhtemoc&precio_max=20000000&recamaras_min=1&tipo=depto,Departamentos 1 recámaras en Cuauhtémoc hasta $20M,cuauhtemoc,depto,1,20000000,,3,20,30,10,5,65,
/marketplace?colonia=cuauhtemoc&precio_max=30000000&recamaras_min=1&tipo=depto,Departamentos 1 recámaras en Cuauhtémoc hasta $30M,cuauhtemoc,depto,1,30000000,,3,20,30,10,5,65,
/marketplace?colonia=cuauhtemoc&precio_max=20000000&recamaras_min=1&tipo=loft,Lofts 1 recámaras en Cuauhtémoc hasta $20M,cuauhtemoc,loft,1,20000000,,3,20,30,10,5,65,
/marketplace?colonia=cuauhtemoc&precio_max=30000000&recamaras_min=1&tipo=loft,Lofts 1 recámaras en Cuauhtémoc hasta $30M,cuauhtemoc,loft,1,30000000,,3,20,30,10,5,65,
/marketplace?colonia=del-valle-centro&precio_max=30000000&recamaras_min=1&tipo=depto,Departamentos 1 recámaras en Del Valle Centro hasta $30M,del-valle-centro,depto,1,30000000,,3,20,30,10,5,65,
/marketplace?colonia=narvarte&precio_max=20000000&recamaras_min=1&tipo=depto,Departamentos 1 recámaras en Narvarte Poniente hasta $20M,narvarte,depto,1,20000000,,3,20,30,10,5,65,
/marketplace?colonia=narvarte&precio_max=30000000&recamaras_min=1&tipo=depto,Departamentos 1 recámaras en Narvarte Poniente hasta $30M,narvarte,depto,1,30000000,,3,20,30,10,5,65,
/marketplace?colonia=escandon&precio_max=20000000&recamaras_min=1&tipo=depto,Departamentos 1 recámaras en Escandón hasta $20M,escandon,depto,1,20000000,,3,20,30,10,5,65,
/marketplace?colonia=escandon&precio_max=30000000&recamaras_min=1&tipo=depto,Departamentos 1 recámaras en Escandón hasta $30M,escandon,depto,1,30000000,,3,20,30,10,5,65,
/marketplace?colonia=anzures&precio_max=30000000&recamaras_min=1&tipo=depto,Departamentos 1 recámaras en Anzures hasta $30M,anzures,depto,1,30000000,,3,20,30,10,5,65,
/marketplace?colonia=roma-sur&precio_max=20000000&recamaras_min=1&tipo=depto,Departamentos 1 recámaras en Roma Sur hasta $20M,roma-sur,depto,1,20000000,,3,20,30,10,5,65,
/marketplace?colonia=roma-sur&precio_max=30000000&recamaras_min=1&tipo=depto,Departamentos 1 recámaras en Roma Sur hasta $30M,roma-sur,depto,1,30000000,,3,20,30,10,5,65,
/marketplace?colonia=polanco&recamaras_min=1&stage=en_construccion,Departamentos 1 recámaras en Polanco,polanco,,1,,en_construccion,1,17,23,20,5,65,
/marketplace?colonia=lomas-chapultepec&recamaras_min=1&stage=en_construccion,Departamentos 1 recámaras en Lomas de Chapultepec,lomas-chapultepec,,1,,en_construccion,1,17,23,20,5,65,
/marketplace?colonia=pedregal&recamaras_min=1&stage=en_construccion,Departamentos 1 recámaras en Jardines del Pedregal,pedregal,,1,,en_construccion,1,17,23,20,5,65,
/marketplace?colonia=polanco&precio_max=3000000&recamaras_min=4,Departamentos 4 recámaras en Polanco hasta $3M,polanco,,4,3000000,,1,10,30,19,5,64,
/marketplace?colonia=polanco&precio_max=5000000&recamaras_min=4,Departamentos 4 recámaras en Polanco hasta $5M,polanco,,4,5000000,,1,10,30,19,5,64,
/marketplace?colonia=lomas-chapultepec&precio_max=3000000&recamaras_min=4,Departamentos 4 recámaras en Lomas de Chapultepec hasta $3M,lomas-chapultepec,,4,3000000,,1,10,30,19,5,64,
/marketplace?colonia=lomas-chapultepec&precio_max=5000000&recamaras_min=4,Departamentos 4 recámaras en Lomas de Chapultepec hasta $5M,lomas-chapultepec,,4,5000000,,1,10,30,19,5,64,
/marketplace?colonia=lomas-chapultepec&precio_max=8000000&recamaras_min=4,Departamentos 4 recámaras en Lomas de Chapultepec hasta $8M,lomas-chapultepec,,4,8000000,,1,10,30,19,5,64,
/marketplace?colonia=pedregal&precio_max=3000000&recamaras_min=4,Departamentos 4 recámaras en Jardines del Pedregal hasta $3M,pedregal,,4,3000000,,1,10,30,19,5,64,
/marketplace?colonia=pedregal&precio_max=5000000&recamaras_min=4,Departamentos 4 recámaras en Jardines del Pedregal hasta $5M,pedregal,,4,5000000,,1,10,30,19,5,64,
/marketplace?colonia=pedregal&precio_max=8000000&recamaras_min=4,Departamentos 4 recámaras en Jardines del Pedregal hasta $8M,pedregal,,4,8000000,,1,10,30,19,5,64,
/marketplace?colonia=pedregal&precio_max=12000000&recamaras_min=4,Departamentos 4 recámaras en Jardines del Pedregal hasta $12M,pedregal,,4,12000000,,1,10,30,19,5,64,
/marketplace?colonia=condesa&precio_max=3000000&recamaras_min=3,Departamentos 3 recámaras en Condesa hasta $3M,condesa,,3,3000000,,2,10,30,19,5,64,
/marketplace?colonia=santa-fe&precio_max=3000000&recamaras_min=3,Departamentos 3 recámaras en Santa Fe hasta $3M,santa-fe,,3,3000000,,2,10,30,19,5,64,
/marketplace?colonia=doctores&precio_max=3000000&recamaras_min=1,Departamentos 1 recámaras en Doctores hasta $3M,doctores,,1,3000000,,4,25,30,4,5,64,
/marketplace?colonia=doctores&precio_max=5000000&recamaras_min=1,Departamentos 1 recámaras en Doctores hasta $5M,doctores,,1,5000000,,4,25,30,4,5,64,
/marketplace?colonia=doctores&precio_max=8000000&recamaras_min=2,Departamentos 2 recámaras en Doctores hasta $8M,doctores,,2,8000000,,4,20,30,9,5,64,
/marketplace?colonia=doctores&precio_max=12000000&recamaras_min=2,Departamentos 2 recámaras en Doctores hasta $12M,doctores,,2,12000000,,4,20,30,9,5,64,
/marketplace?colonia=doctores&precio_max=15000000&recamaras_min=2,Departamentos 2 recámaras en Doctores hasta $15M,doctores,,2,15000000,,4,20,30,9,5,64,
/marketplace?colonia=doctores&precio_max=20000000&recamaras_min=2,Departamentos 2 recámaras en Doctores hasta $20M,doctores,,2,20000000,,4,20,30,9,5,64,
/marketplace?colonia=doctores&precio_max=30000000&recamaras_min=2,Departamentos 2 recámaras en Doctores hasta $30M,doctores,,2,30000000,,4,20,30,9,5,64,
/marketplace?colonia=polanco&precio_max=3000000&recamaras_min=4&tipo=depto,Departamentos 4 recámaras en Polanco hasta $3M,polanco,depto,4,3000000,,1,10,30,19,5,64,
/marketplace?colonia=polanco&precio_max=5000000&recamaras_min=4&tipo=depto,Departamentos 4 recámaras en Polanco hasta $5M,polanco,depto,4,5000000,,1,10,30,19,5,64,
/marketplace?colonia=lomas-chapultepec&precio_max=3000000&recamaras_min=4&tipo=depto,Departamentos 4 recámaras en Lomas de Chapultepec hasta $3M,lomas-chapultepec,depto,4,3000000,,1,10,30,19,5,64,
/marketplace?colonia=lomas-chapultepec&precio_max=5000000&recamaras_min=4&tipo=depto,Departamentos 4 recámaras en Lomas de Chapultepec hasta $5M,lomas-chapultepec,depto,4,5000000,,1,10,30,19,5,64,
/marketplace?colonia=lomas-chapultepec&precio_max=8000000&recamaras_min=4&tipo=depto,Departamentos 4 recámaras en Lomas de Chapultepec hasta $8M,lomas-chapultepec,depto,4,8000000,,1,10,30,19,5,64,
/marketplace?colonia=lomas-chapultepec&precio_max=3000000&recamaras_min=4&tipo=casa,Casas 4 recámaras en Lomas de Chapultepec hasta $3M,lomas-chapultepec,casa,4,3000000,,1,10,30,19,5,64,
/marketplace?colonia=lomas-chapultepec&precio_max=5000000&recamaras_min=4&tipo=casa,Casas 4 recámaras en Lomas de Chapultepec hasta $5M,lomas-chapultepec,casa,4,5000000,,1,10,30,19,5,64,
/marketplace?colonia=lomas-chapultepec&precio_max=8000000&recamaras_min=4&tipo=casa,Casas 4 recámaras en Lomas de Chapultepec hasta $8M,lomas-chapultepec,casa,4,8000000,,1,10,30,19,5,64,
/marketplace?colonia=pedregal&precio_max=3000000&recamaras_min=4&tipo=depto,Departamentos 4 recámaras en Jardines del Pedregal hasta $3M,pedregal,depto,4,3000000,,1,10,30,19,5,64,
/marketplace?colonia=pedregal&precio_max=5000000&recamaras_min=4&tipo=depto,Departamentos 4 recámaras en Jardines del Pedregal hasta $5M,pedregal,depto,4,5000000,,1,10,30,19,5,64,
/marketplace?colonia=pedregal&precio_max=8000000&recamaras_min=4&tipo=depto,Departamentos 4 recámaras en Jardines del Pedregal hasta $8M,pedregal,depto,4,8000000,,1,10,30,19,5,64,
/marketplace?colonia=pedregal&precio_max=12000000&recamaras_min=4&tipo=depto,Departamentos 4 recámaras en Jardines del Pedregal hasta $12M,pedregal,depto,4,12000000,,1,10,30,19,5,64,
/marketplace?colonia=pedregal&precio_max=3000000&recamaras_min=4&tipo=casa,Casas 4 recámaras en Jardines del Pedregal hasta $3M,pedregal,casa,4,3000000,,1,10,30,19,5,64,
/marketplace?colonia=pedregal&precio_max=5000000&recamaras_min=4&tipo=casa,Casas 4 recámaras en Jardines del Pedregal hasta $5M,pedregal,casa,4,5000000,,1,10,30,19,5,64,
/marketplace?colonia=pedregal&precio_max=8000000&recamaras_min=4&tipo=casa,Casas 4 recámaras en Jardines del Pedregal hasta $8M,pedregal,casa,4,8000000,,1,10,30,19,5,64,
/marketplace?colonia=pedregal&precio_max=12000000&recamaras_min=4&tipo=casa,Casas 4 recámaras en Jardines del Pedregal hasta $12M,pedregal,casa,4,12000000,,1,10,30,19,5,64,
/marketplace?colonia=condesa&precio_max=3000000&recamaras_min=3&tipo=depto,Departamentos 3 recámaras en Condesa hasta $3M,condesa,depto,3,3000000,,2,10,30,19,5,64,
/marketplace?colonia=condesa&precio_max=3000000&recamaras_min=3&tipo=loft,Lofts 3 recámaras en Condesa hasta $3M,condesa,loft,3,3000000,,2,10,30,19,5,64,
/marketplace?colonia=santa-fe&precio_max=3000000&recamaras_min=3&tipo=depto,Departamentos 3 recámaras en Santa Fe hasta $3M,santa-fe,depto,3,3000000,,2,10,30,19,5,64,
/marketplace?colonia=doctores&precio_max=3000000&recamaras_min=1&tipo=depto,Departamentos 1 recámaras en Doctores hasta $3M,doctores,depto,1,3000000,,4,25,30,4,5,64,
/marketplace?colonia=doctores&precio_max=5000000&recamaras_min=1&tipo=depto,Departamentos 1 recámaras en Doctores hasta $5M,doctores,depto,1,5000000,,4,25,30,4,5,64,
/marketplace?colonia=doctores&precio_max=8000000&recamaras_min=2&tipo=depto,Departamentos 2 recámaras en Doctores hasta $8M,doctores,depto,2,8000000,,4,20,30,9,5,64,
/marketplace?colonia=doctores&precio_max=12000000&recamaras_min=2&tipo=depto,Departamentos 2 recámaras en Doctores hasta $12M,doctores,depto,2,12000000,,4,20,30,9,5,64,
/marketplace?colonia=doctores&precio_max=15000000&recamaras_min=2&tipo=depto,Departamentos 2 recámaras en Doctores hasta $15M,doctores,depto,2,15000000,,4,20,30,9,5,64,
/marketplace?colonia=doctores&precio_max=20000000&recamaras_min=2&tipo=depto,Departamentos 2 recámaras en Doctores hasta $20M,doctores,depto,2,20000000,,4,20,30,9,5,64,
/marketplace?colonia=doctores&precio_max=30000000&recamaras_min=2&tipo=depto,Departamentos 2 recámaras en Doctores hasta $30M,doctores,depto,2,30000000,,4,20,30,9,5,64,
/marketplace?colonia=roma-norte,Departamentos en Roma Norte,roma-norte,,,,,2,25,15,18,5,63,
/marketplace?colonia=condesa,Departamentos en Condesa,condesa,,,,,2,25,15,18,5,63,
/marketplace?colonia=coyoacan-centro,Departamentos en Coyoacán Centro,coyoacan-centro,,,,,2,25,15,18,5,63,
/marketplace?colonia=santa-fe,Departamentos en Santa Fe,santa-fe,,,,,2,25,15,18,5,63,
/marketplace?colonia=napoles,Departamentos en Nápoles,napoles,,,,,2,25,15,18,5,63,
/marketplace?colonia=juarez&recamaras_min=1,Departamentos 1 recámaras en Juárez,juarez,,1,,,3,25,23,10,5,63,
/marketplace?colonia=cuauhtemoc&recamaras_min=1,Departamentos 1 recámaras en Cuauhtémoc,cuauhtemoc,,1,,,3,25,23,10,5,63,
/marketplace?colonia=del-valle-centro&recamaras_min=1,Departamentos 1 recámaras en Del Valle Centro,del-valle-centro,,1,,,3,25,23,10,5,63,
/marketplace?colonia=narvarte&recamaras_min=1,Departamentos 1 recámaras en Narvarte Poniente,narvarte,,1,,,3,25,23,10,5,63,
/marketplace?colonia=escandon&recamaras_min=1,Departamentos 1 recámaras en Escandón,escandon,,1,,,3,25,23,10,5,63,
/marketplace?colonia=anzures&recamaras_min=1,Departamentos 1 recámaras en Anzures,anzures,,1,,,3,25,23,10,5,63,
/marketplace?colonia=roma-sur&recamaras_min=1,Departamentos 1 recámaras en Roma Sur,roma-sur,,1,,,3,25,23,10,5,63,
/marketplace?colonia=roma-norte&stage=en_construccion,Departamentos en Roma Norte,roma-norte,,,,en_construccion,2,25,15,18,5,63,
/marketplace?colonia=condesa&stage=en_construccion,Departamentos en Condesa,condesa,,,,en_construccion,2,25,15,18,5,63,
/marketplace?colonia=coyoacan-centro&stage=en_construccion,Departamentos en Coyoacán Centro,coyoacan-centro,,,,en_construccion,2,25,15,18,5,63,
/marketplace?colonia=santa-fe&stage=en_construccion,Departamentos en Santa Fe,santa-fe,,,,en_construccion,2,25,15,18,5,63,
/marketplace?colonia=napoles&stage=en_construccion,Departamentos en Nápoles,napoles,,,,en_construccion,2,25,15,18,5,63,
/marketplace?colonia=juarez&stage=entrega_inmediata,Departamentos en Juárez entrega inmediata,juarez,,,,entrega_inmediata,3,25,18,12,8,63,
/marketplace?colonia=cuauhtemoc&stage=entrega_inmediata,Departamentos en Cuauhtémoc entrega inmediata,cuauhtemoc,,,,entrega_inmediata,3,25,18,12,8,63,
/marketplace?colonia=del-valle-centro&stage=entrega_inmediata,Departamentos en Del Valle Centro entrega inmediata,del-valle-centro,,,,entrega_inmediata,3,25,18,12,8,63,
/marketplace?colonia=narvarte&stage=entrega_inmediata,Departamentos en Narvarte Poniente entrega inmediata,narvarte,,,,entrega_inmediata,3,25,18,12,8,63,
/marketplace?colonia=escandon&stage=entrega_inmediata,Departamentos en Escandón entrega inmediata,escandon,,,,entrega_inmediata,3,25,18,12,8,63,
/marketplace?colonia=anzures&stage=entrega_inmediata,Departamentos en Anzures entrega inmediata,anzures,,,,entrega_inmediata,3,25,18,12,8,63,
/marketplace?colonia=roma-sur&stage=entrega_inmediata,Departamentos en Roma Sur entrega inmediata,roma-sur,,,,entrega_inmediata,3,25,18,12,8,63,
/marketplace?colonia=juarez&recamaras_min=1&stage=en_construccion,Departamentos 1 recámaras en Juárez,juarez,,1,,en_construccion,3,25,23,10,5,63,
/marketplace?colonia=cuauhtemoc&recamaras_min=1&stage=en_construccion,Departamentos 1 recámaras en Cuauhtémoc,cuauhtemoc,,1,,en_construccion,3,25,23,10,5,63,
/marketplace?colonia=del-valle-centro&recamaras_min=1&stage=en_construccion,Departamentos 1 recámaras en Del Valle Centro,del-valle-centro,,1,,en_construccion,3,25,23,10,5,63,
/marketplace?colonia=narvarte&recamaras_min=1&stage=en_construccion,Departamentos 1 recámaras en Narvarte Poniente,narvarte,,1,,en_construccion,3,25,23,10,5,63,
/marketplace?colonia=escandon&recamaras_min=1&stage=en_construccion,Departamentos 1 recámaras en Escandón,escandon,,1,,en_construccion,3,25,23,10,5,63,
/marketplace?colonia=anzures&recamaras_min=1&stage=en_construccion,Departamentos 1 recámaras en Anzures,anzures,,1,,en_construccion,3,25,23,10,5,63,
/marketplace?colonia=roma-sur&recamaras_min=1&stage=en_construccion,Departamentos 1 recámaras en Roma Sur,roma-sur,,1,,en_construccion,3,25,23,10,5,63,
/marketplace?colonia=doctores&recamaras_min=3&stage=preventa,Departamentos 3 recámaras en Doctores preventa,doctores,,3,,preventa,4,13,28,7,15,63,
/marketplace?colonia=doctores&recamaras_min=1&stage=entrega_inmediata,Departamentos 1 recámaras en Doctores entrega inmediata,doctores,,1,,entrega_inmediata,4,25,26,4,8,63,
/marketplace?colonia=doctores&recamaras_min=2,Departamentos 2 recámaras en Doctores,doctores,,2,,,4,25,23,9,5,62,
/marketplace?colonia=doctores&recamaras_min=2&stage=en_construccion,Departamentos 2 recámaras en Doctores,doctores,,2,,en_construccion,4,25,23,9,5,62,
/marketplace?colonia=condesa&precio_max=3000000&recamaras_min=1,Departamentos 1 recámaras en Condesa hasta $3M,condesa,,1,3000000,,2,10,30,16,5,61,
/marketplace?colonia=santa-fe&precio_max=3000000&recamaras_min=1,Departamentos 1 recámaras en Santa Fe hasta $3M,santa-fe,,1,3000000,,2,10,30,16,5,61,
/marketplace?colonia=condesa&precio_max=3000000&recamaras_min=1&tipo=depto,Departamentos 1 recámaras en Condesa hasta $3M,condesa,depto,1,3000000,,2,10,30,16,5,61,
/marketplace?colonia=condesa&precio_max=3000000&recamaras_min=1&tipo=loft,Lofts 1 recámaras en Condesa hasta $3M,condesa,loft,1,3000000,,2,10,30,16,5,61,
/marketplace?colonia=santa-fe&precio_max=3000000&recamaras_min=1&tipo=depto,Departamentos 1 recámaras en Santa Fe hasta $3M,santa-fe,depto,1,3000000,,2,10,30,16,5,61,
/marketplace?colonia=condesa&precio_max=3000000&recamaras_min=4,Departamentos 4 recámaras en Condesa hasta $3M,condesa,,4,3000000,,2,10,30,15,5,60,
/marketplace?colonia=santa-fe&precio_max=3000000&recamaras_min=4,Departamentos 4 recámaras en Santa Fe hasta $3M,santa-fe,,4,3000000,,2,10,30,15,5,60,
/marketplace?colonia=polanco&precio_max=3000000&recamaras_min=2&tipo=casa,Casas 2 recámaras en Polanco hasta $3M,polanco,casa,2,3000000,,1,0,30,25,5,60,
/marketplace?colonia=polanco&precio_max=5000000&recamaras_min=2&tipo=casa,Casas 2 recámaras en Polanco hasta $5M,polanco,casa,2,5000000,,1,0,30,25,5,60,
/marketplace?colonia=polanco&precio_max=8000000&recamaras_min=2&tipo=casa,Casas 2 recámaras en Polanco hasta $8M,polanco,casa,2,8000000,,1,0,30,25,5,60,
/marketplace?colonia=polanco&precio_max=12000000&recamaras_min=2&tipo=casa,Casas 2 recámaras en Polanco hasta $12M,polanco,casa,2,12000000,,1,0,30,25,5,60,
/marketplace?colonia=polanco&precio_max=15000000&recamaras_min=2&tipo=casa,Casas 2 recámaras en Polanco hasta $15M,polanco,casa,2,15000000,,1,0,30,25,5,60,
/marketplace?colonia=polanco&precio_max=20000000&recamaras_min=2&tipo=casa,Casas 2 recámaras en Polanco hasta $20M,polanco,casa,2,20000000,,1,0,30,25,5,60,
/marketplace?colonia=polanco&precio_max=30000000&recamaras_min=2&tipo=casa,Casas 2 recámaras en Polanco hasta $30M,polanco,casa,2,30000000,,1,0,30,25,5,60,
/marketplace?colonia=polanco&precio_max=3000000&recamaras_min=2&tipo=loft,Lofts 2 recámaras en Polanco hasta $3M,polanco,loft,2,3000000,,1,0,30,25,5,60,
/marketplace?colonia=polanco&precio_max=5000000&recamaras_min=2&tipo=loft,Lofts 2 recámaras en Polanco hasta $5M,polanco,loft,2,5000000,,1,0,30,25,5,60,
/marketplace?colonia=polanco&precio_max=8000000&recamaras_min=2&tipo=loft,Lofts 2 recámaras en Polanco hasta $8M,polanco,loft,2,8000000,,1,0,30,25,5,60,
/marketplace?colonia=polanco&precio_max=12000000&recamaras_min=2&tipo=loft,Lofts 2 recámaras en Polanco hasta $12M,polanco,loft,2,12000000,,1,0,30,25,5,60,
/marketplace?colonia=polanco&precio_max=15000000&recamaras_min=2&tipo=loft,Lofts 2 recámaras en Polanco hasta $15M,polanco,loft,2,15000000,,1,0,30,25,5,60,
/marketplace?colonia=polanco&precio_max=20000000&recamaras_min=2&tipo=loft,Lofts 2 recámaras en Polanco hasta $20M,polanco,loft,2,20000000,,1,0,30,25,5,60,
/marketplace?colonia=polanco&precio_max=30000000&recamaras_min=2&tipo=loft,Lofts 2 recámaras en Polanco hasta $30M,polanco,loft,2,30000000,,1,0,30,25,5,60,
/marketplace?colonia=lomas-chapultepec&precio_max=3000000&recamaras_min=2&tipo=loft,Lofts 2 recámaras en Lomas de Chapultepec hasta $3M,lomas-chapultepec,loft,2,3000000,,1,0,30,25,5,60,
/marketplace?colonia=lomas-chapultepec&precio_max=5000000&recamaras_min=2&tipo=loft,Lofts 2 recámaras en Lomas de Chapultepec hasta $5M,lomas-chapultepec,loft,2,5000000,,1,0,30,25,5,60,
/marketplace?colonia=lomas-chapultepec&precio_max=8000000&recamaras_min=2&tipo=loft,Lofts 2 recámaras en Lomas de Chapultepec hasta $8M,lomas-chapultepec,loft,2,8000000,,1,0,30,25,5,60,
/marketplace?colonia=lomas-chapultepec&precio_max=12000000&recamaras_min=2&tipo=loft,Lofts 2 recámaras en Lomas de Chapultepec hasta $12M,lomas-chapultepec,loft,2,12000000,,1,0,30,25,5,60,
/marketplace?colonia=lomas-chapultepec&precio_max=15000000&recamaras_min=2&tipo=loft,Lofts 2 recámaras en Lomas de Chapultepec hasta $15M,lomas-chapultepec,loft,2,15000000,,1,0,30,25,5,60,
/marketplace?colonia=lomas-chapultepec&precio_max=20000000&recamaras_min=2&tipo=loft,Lofts 2 recámaras en Lomas de Chapultepec hasta $20M,lomas-chapultepec,loft,2,20000000,,1,0,30,25,5,60,
/marketplace?colonia=lomas-chapultepec&precio_max=30000000&recamaras_min=2&tipo=loft,Lofts 2 recámaras en Lomas de Chapultepec hasta $30M,lomas-chapultepec,loft,2,30000000,,1,0,30,25,5,60,
/marketplace?colonia=pedregal&precio_max=3000000&recamaras_min=2&tipo=loft,Lofts 2 recámaras en Jardines del Pedregal hasta $3M,pedregal,loft,2,3000000,,1,0,30,25,5,60,
/marketplace?colonia=pedregal&precio_max=5000000&recamaras_min=2&tipo=loft,Lofts 2 recámaras en Jardines del Pedregal hasta $5M,pedregal,loft,2,5000000,,1,0,30,25,5,60,
/marketplace?colonia=pedregal&precio_max=8000000&recamaras_min=2&tipo=loft,Lofts 2 recámaras en Jardines del Pedregal hasta $8M,pedregal,loft,2,8000000,,1,0,30,25,5,60,
/marketplace?colonia=pedregal&precio_max=12000000&recamaras_min=2&tipo=loft,Lofts 2 recámaras en Jardines del Pedregal hasta $12M,pedregal,loft,2,12000000,,1,0,30,25,5,60,
/marketplace?colonia=pedregal&precio_max=15000000&recamaras_min=2&tipo=loft,Lofts 2 recámaras en Jardines del Pedregal hasta $15M,pedregal,loft,2,15000000,,1,0,30,25,5,60,
/marketplace?colonia=pedregal&precio_max=20000000&recamaras_min=2&tipo=loft,Lofts 2 recámaras en Jardines del Pedregal hasta $20M,pedregal,loft,2,20000000,,1,0,30,25,5,60,
/marketplace?colonia=pedregal&precio_max=30000000&recamaras_min=2&tipo=loft,Lofts 2 recámaras en Jardines del Pedregal hasta $30M,pedregal,loft,2,30000000,,1,0,30,25,5,60,
/marketplace?colonia=condesa&precio_max=3000000&recamaras_min=4&tipo=depto,Departamentos 4 recámaras en Condesa hasta $3M,condesa,depto,4,3000000,,2,10,30,15,5,60,
/marketplace?colonia=condesa&precio_max=3000000&recamaras_min=4&tipo=loft,Lofts 4 recámaras en Condesa hasta $3M,condesa,loft,4,3000000,,2,10,30,15,5,60,
/marketplace?colonia=santa-fe&precio_max=3000000&recamaras_min=4&tipo=depto,Departamentos 4 recámaras en Santa Fe hasta $3M,santa-fe,depto,4,3000000,,2,10,30,15,5,60,
/marketplace?colonia=juarez&tipo=depto,Departamentos en Juárez,juarez,depto,,,,3,25,17,12,5,59,
/marketplace?colonia=juarez&tipo=loft,Lofts en Juárez,juarez,loft,,,,3,25,17,12,5,59,
/marketplace?colonia=cuauhtemoc&tipo=depto,Departamentos en Cuauhtémoc,cuauhtemoc,depto,,,,3,25,17,12,5,59,
/marketplace?colonia=cuauhtemoc&tipo=loft,Lofts en Cuauhtémoc,cuauhtemoc,loft,,,,3,25,17,12,5,59,
/marketplace?colonia=del-valle-centro&tipo=depto,Departamentos en Del Valle Centro,del-valle-centro,depto,,,,3,25,17,12,5,59,
/marketplace?colonia=narvarte&tipo=depto,Departamentos en Narvarte Poniente,narvarte,depto,,,,3,25,17,12,5,59,
/marketplace?colonia=escandon&tipo=depto,Departamentos en Escandón,escandon,depto,,,,3,25,17,12,5,59,
/marketplace?colonia=anzures&tipo=depto,Departamentos en Anzures,anzures,depto,,,,3,25,17,12,5,59,
/marketplace?colonia=roma-sur&tipo=depto,Departamentos en Roma Sur,roma-sur,depto,,,,3,25,17,12,5,59,
/marketplace?colonia=juarez&precio_max=3000000&recamaras_min=4,Departamentos 4 recámaras en Juárez hasta $3M,juarez,,4,3000000,,3,15,30,9,5,59,
/marketplace?colonia=juarez&precio_max=5000000&recamaras_min=4,Departamentos 4 recámaras en Juárez hasta $5M,juarez,,4,5000000,,3,15,30,9,5,59,
/marketplace?colonia=juarez&precio_max=8000000&recamaras_min=4,Departamentos 4 recámaras en Juárez hasta $8M,juarez,,4,8000000,,3,15,30,9,5,59,
/marketplace?colonia=juarez&precio_max=12000000&recamaras_min=4,Departamentos 4 recámaras en Juárez hasta $12M,juarez,,4,12000000,,3,15,30,9,5,59,
/marketplace?colonia=juarez&precio_max=15000000&recamaras_min=4,Departamentos 4 recámaras en Juárez hasta $15M,juarez,,4,15000000,,3,15,30,9,5,59,
/marketplace?colonia=cuauhtemoc&precio_max=3000000&recamaras_min=4,Departamentos 4 recámaras en Cuauhtémoc hasta $3M,cuauhtemoc,,4,3000000,,3,15,30,9,5,59,
/marketplace?colonia=cuauhtemoc&precio_max=5000000&recamaras_min=4,Departamentos 4 recámaras en Cuauhtémoc hasta $5M,cuauhtemoc,,4,5000000,,3,15,30,9,5,59,
/marketplace?colonia=cuauhtemoc&precio_max=8000000&recamaras_min=4,Departamentos 4 recámaras en Cuauhtémoc hasta $8M,cuauhtemoc,,4,8000000,,3,15,30,9,5,59,
/marketplace?colonia=cuauhtemoc&precio_max=12000000&recamaras_min=4,Departamentos 4 recámaras en Cuauhtémoc hasta $12M,cuauhtemoc,,4,12000000,,3,15,30,9,5,59,
/marketplace?colonia=cuauhtemoc&precio_max=15000000&recamaras_min=4,Departamentos 4 recámaras en Cuauhtémoc hasta $15M,cuauhtemoc,,4,15000000,,3,15,30,9,5,59,
/marketplace?colonia=del-valle-centro&precio_max=3000000&recamaras_min=4,Departamentos 4 recámaras en Del Valle Centro hasta $3M,del-valle-centro,,4,3000000,,3,15,30,9,5,59,
/marketplace?colonia=del-valle-centro&precio_max=5000000&recamaras_min=4,Departamentos 4 recámaras en Del Valle Centro hasta $5M,del-valle-centro,,4,5000000,,3,15,30,9,5,59,
/marketplace?colonia=del-valle-centro&precio_max=8000000&recamaras_min=4,Departamentos 4 recámaras en Del Valle Centro hasta $8M,del-valle-centro,,4,8000000,,3,15,30,9,5,59,
/marketplace?colonia=del-valle-centro&precio_max=12000000&recamaras_min=4,Departamentos 4 recámaras en Del Valle Centro hasta $12M,del-valle-centro,,4,12000000,,3,15,30,9,5,59,
/marketplace?colonia=del-valle-centro&precio_max=15000000&recamaras_min=4,Departamentos 4 recámaras en Del Valle Centro hasta $15M,del-valle-centro,,4,15000000,,3,15,30,9,5,59,
/marketplace?colonia=del-valle-centro&precio_max=20000000&recamaras_min=4,Departamentos 4 recámaras en Del Valle Centro hasta $20M,del-valle-centro,,4,20000000,,3,15,30,9,5,59,
/marketplace?colonia=narvarte&precio_max=3000000&recamaras_min=4,Departamentos 4 recámaras en Narvarte Poniente hasta $3M,narvarte,,4,3000000,,3,15,30,9,5,59,
/marketplace?colonia=narvarte&precio_max=5000000&recamaras_min=4,Departamentos 4 recámaras en Narvarte Poniente hasta $5M,narvarte,,4,5000000,,3,15,30,9,5,59,
/marketplace?colonia=narvarte&precio_max=8000000&recamaras_min=4,Departamentos 4 recámaras en Narvarte Poniente hasta $8M,narvarte,,4,8000000,,3,15,30,9,5,59,
/marketplace?colonia=narvarte&precio_max=12000000&recamaras_min=4,Departamentos 4 recámaras en Narvarte Poniente hasta $12M,narvarte,,4,12000000,,3,15,30,9,5,59,
/marketplace?colonia=narvarte&precio_max=15000000&recamaras_min=4,Departamentos 4 recámaras en Narvarte Poniente hasta $15M,narvarte,,4,15000000,,3,15,30,9,5,59,
/marketplace?colonia=escandon&precio_max=3000000&recamaras_min=4,Departamentos 4 recámaras en Escandón hasta $3M,escandon,,4,3000000,,3,15,30,9,5,59,
/marketplace?colonia=escandon&precio_max=5000000&recamaras_min=4,Departamentos 4 recámaras en Escandón hasta $5M,escandon,,4,5000000,,3,15,30,9,5,59,
/marketplace?colonia=escandon&precio_max=8000000&recamaras_min=4,Departamentos 4 recámaras en Escandón hasta $8M,escandon,,4,8000000,,3,15,30,9,5,59,
/marketplace?colonia=escandon&precio_max=12000000&recamaras_min=4,Departamentos 4 recámaras en Escandón hasta $12M,escandon,,4,12000000,,3,15,30,9,5,59,
/marketplace?colonia=escandon&precio_max=15000000&recamaras_min=4,Departamentos 4 recámaras en Escandón hasta $15M,escandon,,4,15000000,,3,15,30,9,5,59,
/marketplace?colonia=anzures&precio_max=3000000&recamaras_min=4,Departamentos 4 recámaras en Anzures hasta $3M,anzures,,4,3000000,,3,15,30,9,5,59,
/marketplace?colonia=anzures&precio_max=5000000&recamaras_min=4,Departamentos 4 recámaras en Anzures hasta $5M,anzures,,4,5000000,,3,15,30,9,5,59,
/marketplace?colonia=anzures&precio_max=8000000&recamaras_min=4,Departamentos 4 recámaras en Anzures hasta $8M,anzures,,4,8000000,,3,15,30,9,5,59,
/marketplace?colonia=anzures&precio_max=12000000&recamaras_min=4,Departamentos 4 recámaras en Anzures hasta $12M,anzures,,4,12000000,,3,15,30,9,5,59,
/marketplace?colonia=anzures&precio_max=15000000&recamaras_min=4,Departamentos 4 recámaras en Anzures hasta $15M,anzures,,4,15000000,,3,15,30,9,5,59,
/marketplace?colonia=anzures&precio_max=20000000&recamaras_min=4,Departamentos 4 recámaras en Anzures hasta $20M,anzures,,4,20000000,,3,15,30,9,5,59,
/marketplace?colonia=roma-sur&precio_max=3000000&recamaras_min=4,Departamentos 4 recámaras en Roma Sur hasta $3M,roma-sur,,4,3000000,,3,15,30,9,5,59,
/marketplace?colonia=roma-sur&precio_max=5000000&recamaras_min=4,Departamentos 4 recámaras en Roma Sur hasta $5M,roma-sur,,4,5000000,,3,15,30,9,5,59,
/marketplace?colonia=roma-sur&precio_max=8000000&recamaras_min=4,Departamentos 4 recámaras en Roma Sur hasta $8M,roma-sur,,4,8000000,,3,15,30,9,5,59,
/marketplace?colonia=roma-sur&precio_max=12000000&recamaras_min=4,Departamentos 4 recámaras en Roma Sur hasta $12M,roma-sur,,4,12000000,,3,15,30,9,5,59,
/marketplace?colonia=roma-sur&precio_max=15000000&recamaras_min=4,Departamentos 4 recámaras en Roma Sur hasta $15M,roma-sur,,4,15000000,,3,15,30,9,5,59,
/marketplace?colonia=doctores&precio_max=8000000&recamaras_min=1,Departamentos 1 recámaras en Doctores hasta $8M,doctores,,1,8000000,,4,20,30,4,5,59,
/marketplace?colonia=doctores&precio_max=12000000&recamaras_min=1,Departamentos 1 recámaras en Doctores hasta $12M,doctores,,1,12000000,,4,20,30,4,5,59,
/marketplace?colonia=doctores&precio_max=15000000&recamaras_min=1,Departamentos 1 recámaras en Doctores hasta $15M,doctores,,1,15000000,,4,20,30,4,5,59,
/marketplace?colonia=doctores&precio_max=20000000&recamaras_min=1,Departamentos 1 recámaras en Doctores hasta $20M,doctores,,1,20000000,,4,20,30,4,5,59,
/marketplace?colonia=doctores&precio_max=30000000&recamaras_min=1,Departamentos 1 recámaras en Doctores hasta $30M,doctores,,1,30000000,,4,20,30,4,5,59,
/marketplace?colonia=juarez&precio_max=3000000&recamaras_min=4&tipo=depto,Departamentos 4 recámaras en Juárez hasta $3M,juarez,depto,4,3000000,,3,15,30,9,5,59,
/marketplace?colonia=juarez&precio_max=5000000&recamaras_min=4&tipo=depto,Departamentos 4 recámaras en Juárez hasta $5M,juarez,depto,4,5000000,,3,15,30,9,5,59,
/marketplace?colonia=juarez&precio_max=8000000&recamaras_min=4&tipo=depto,Departamentos 4 recámaras en Juárez hasta $8M,juarez,depto,4,8000000,,3,15,30,9,5,59,
/marketplace?colonia=juarez&precio_max=12000000&recamaras_min=4&tipo=depto,Departamentos 4 recámaras en Juárez hasta $12M,juarez,depto,4,12000000,,3,15,30,9,5,59,
/marketplace?colonia=juarez&precio_max=15000000&recamaras_min=4&tipo=depto,Departamentos 4 recámaras en Juárez hasta $15M,juarez,depto,4,15000000,,3,15,30,9,5,59,
/marketplace?colonia=juarez&precio_max=3000000&recamaras_min=4&tipo=loft,Lofts 4 recámaras en Juárez hasta $3M,juarez,loft,4,3000000,,3,15,30,9,5,59,
/marketplace?colonia=juarez&precio_max=5000000&recamaras_min=4&tipo=loft,Lofts 4 recámaras en Juárez hasta $5M,juarez,loft,4,5000000,,3,15,30,9,5,59,
/marketplace?colonia=juarez&precio_max=8000000&recamaras_min=4&tipo=loft,Lofts 4 recámaras en Juárez hasta $8M,juarez,loft,4,8000000,,3,15,30,9,5,59,
/marketplace?colonia=juarez&precio_max=12000000&recamaras_min=4&tipo=loft,Lofts 4 recámaras en Juárez hasta $12M,juarez,loft,4,12000000,,3,15,30,9,5,59,
/marketplace?colonia=juarez&precio_max=15000000&recamaras_min=4&tipo=loft,Lofts 4 recámaras en Juárez hasta $15M,juarez,loft,4,15000000,,3,15,30,9,5,59,
/marketplace?colonia=cuauhtemoc&precio_max=3000000&recamaras_min=4&tipo=depto,Departamentos 4 recámaras en Cuauhtémoc hasta $3M,cuauhtemoc,depto,4,3000000,,3,15,30,9,5,59,
/marketplace?colonia=cuauhtemoc&precio_max=5000000&recamaras_min=4&tipo=depto,Departamentos 4 recámaras en Cuauhtémoc hasta $5M,cuauhtemoc,depto,4,5000000,,3,15,30,9,5,59,
/marketplace?colonia=cuauhtemoc&precio_max=8000000&recamaras_min=4&tipo=depto,Departamentos 4 recámaras en Cuauhtémoc hasta $8M,cuauhtemoc,depto,4,8000000,,3,15,30,9,5,59,
/marketplace?colonia=cuauhtemoc&precio_max=12000000&recamaras_min=4&tipo=depto,Departamentos 4 recámaras en Cuauhtémoc hasta $12M,cuauhtemoc,depto,4,12000000,,3,15,30,9,5,59,
/marketplace?colonia=cuauhtemoc&precio_max=15000000&recamaras_min=4&tipo=depto,Departamentos 4 recámaras en Cuauhtémoc hasta $15M,cuauhtemoc,depto,4,15000000,,3,15,30,9,5,59,
/marketplace?colonia=cuauhtemoc&precio_max=3000000&recamaras_min=4&tipo=loft,Lofts 4 recámaras en Cuauhtémoc hasta $3M,cuauhtemoc,loft,4,3000000,,3,15,30,9,5,59,
/marketplace?colonia=cuauhtemoc&precio_max=5000000&recamaras_min=4&tipo=loft,Lofts 4 recámaras en Cuauhtémoc hasta $5M,cuauhtemoc,loft,4,5000000,,3,15,30,9,5,59,
/marketplace?colonia=cuauhtemoc&precio_max=8000000&recamaras_min=4&tipo=loft,Lofts 4 recámaras en Cuauhtémoc hasta $8M,cuauhtemoc,loft,4,8000000,,3,15,30,9,5,59,
/marketplace?colonia=cuauhtemoc&precio_max=12000000&recamaras_min=4&tipo=loft,Lofts 4 recámaras en Cuauhtémoc hasta $12M,cuauhtemoc,loft,4,12000000,,3,15,30,9,5,59,
/marketplace?colonia=cuauhtemoc&precio_max=15000000&recamaras_min=4&tipo=loft,Lofts 4 recámaras en Cuauhtémoc hasta $15M,cuauhtemoc,loft,4,15000000,,3,15,30,9,5,59,
/marketplace?colonia=del-valle-centro&precio_max=3000000&recamaras_min=4&tipo=depto,Departamentos 4 recámaras en Del Valle Centro hasta $3M,del-valle-centro,depto,4,3000000,,3,15,30,9,5,59,
/marketplace?colonia=del-valle-centro&precio_max=5000000&recamaras_min=4&tipo=depto,Departamentos 4 recámaras en Del Valle Centro hasta $5M,del-valle-centro,depto,4,5000000,,3,15,30,9,5,59,
/marketplace?colonia=del-valle-centro&precio_max=8000000&recamaras_min=4&tipo=depto,Departamentos 4 recámaras en Del Valle Centro hasta $8M,del-valle-centro,depto,4,8000000,,3,15,30,9,5,59,
/marketplace?colonia=del-valle-centro&precio_max=12000000&recamaras_min=4&tipo=depto,Departamentos 4 recámaras en Del Valle Centro hasta $12M,del-valle-centro,depto,4,12000000,,3,15,30,9,5,59,
/marketplace?colonia=del-valle-centro&precio_max=15000000&recamaras_min=4&tipo=depto,Departamentos 4 recámaras en Del Valle Centro hasta $15M,del-valle-centro,depto,4,15000000,,3,15,30,9,5,59,
/marketplace?colonia=del-valle-centro&precio_max=20000000&recamaras_min=4&tipo=depto,Departamentos 4 recámaras en Del Valle Centro hasta $20M,del-valle-centro,depto,4,20000000,,3,15,30,9,5,59,
/marketplace?colonia=narvarte&precio_max=3000000&recamaras_min=4&tipo=depto,Departamentos 4 recámaras en Narvarte Poniente hasta $3M,narvarte,depto,4,3000000,,3,15,30,9,5,59,
/marketplace?colonia=narvarte&precio_max=5000000&recamaras_min=4&tipo=depto,Departamentos 4 recámaras en Narvarte Poniente hasta $5M,narvarte,depto,4,5000000,,3,15,30,9,5,59,
/marketplace?colonia=narvarte&precio_max=8000000&recamaras_min=4&tipo=depto,Departamentos 4 recámaras en Narvarte Poniente hasta $8M,narvarte,depto,4,8000000,,3,15,30,9,5,59,
/marketplace?colonia=narvarte&precio_max=12000000&recamaras_min=4&tipo=depto,Departamentos 4 recámaras en Narvarte Poniente hasta $12M,narvarte,depto,4,12000000,,3,15,30,9,5,59,
/marketplace?colonia=narvarte&precio_max=15000000&recamaras_min=4&tipo=depto,Departamentos 4 recámaras en Narvarte Poniente hasta $15M,narvarte,depto,4,15000000,,3,15,30,9,5,59,
/marketplace?colonia=escandon&precio_max=3000000&recamaras_min=4&tipo=depto,Departamentos 4 recámaras en Escandón hasta $3M,escandon,depto,4,3000000,,3,15,30,9,5,59,
/marketplace?colonia=escandon&precio_max=5000000&recamaras_min=4&tipo=depto,Departamentos 4 recámaras en Escandón hasta $5M,escandon,depto,4,5000000,,3,15,30,9,5,59,
/marketplace?colonia=escandon&precio_max=8000000&recamaras_min=4&tipo=depto,Departamentos 4 recámaras en Escandón hasta $8M,escandon,depto,4,8000000,,3,15,30,9,5,59,
/marketplace?colonia=escandon&precio_max=12000000&recamaras_min=4&tipo=depto,Departamentos 4 recámaras en Escandón hasta $12M,escandon,depto,4,12000000,,3,15,30,9,5,59,
/marketplace?colonia=escandon&precio_max=15000000&recamaras_min=4&tipo=depto,Departamentos 4 recámaras en Escandón hasta $15M,escandon,depto,4,15000000,,3,15,30,9,5,59,
/marketplace?colonia=anzures&precio_max=3000000&recamaras_min=4&tipo=depto,Departamentos 4 recámaras en Anzures hasta $3M,anzures,depto,4,3000000,,3,15,30,9,5,59,
/marketplace?colonia=anzures&precio_max=5000000&recamaras_min=4&tipo=depto,Departamentos 4 recámaras en Anzures hasta $5M,anzures,depto,4,5000000,,3,15,30,9,5,59,
/marketplace?colonia=anzures&precio_max=8000000&recamaras_min=4&tipo=depto,Departamentos 4 recámaras en Anzures hasta $8M,anzures,depto,4,8000000,,3,15,30,9,5,59,
/marketplace?colonia=anzures&precio_max=12000000&recamaras_min=4&tipo=depto,Departamentos 4 recámaras en Anzures hasta $12M,anzures,depto,4,12000000,,3,15,30,9,5,59,
/marketplace?colonia=anzures&precio_max=15000000&recamaras_min=4&tipo=depto,Departamentos 4 recámaras en Anzures hasta $15M,anzures,depto,4,15000000,,3,15,30,9,5,59,
/marketplace?colonia=anzures&precio_max=20000000&recamaras_min=4&tipo=depto,Departamentos 4 recámaras en Anzures hasta $20M,anzures,depto,4,20000000,,3,15,30,9,5,59,
/marketplace?colonia=roma-sur&precio_max=3000000&recamaras_min=4&tipo=depto,Departamentos 4 recámaras en Roma Sur hasta $3M,roma-sur,depto,4,3000000,,3,15,30,9,5,59,
/marketplace?colonia=roma-sur&precio_max=5000000&recamaras_min=4&tipo=depto,Departamentos 4 recámaras en Roma Sur hasta $5M,roma-sur,depto,4,5000000,,3,15,30,9,5,59,
/marketplace?colonia=roma-sur&precio_max=8000000&recamaras_min=4&tipo=depto,Departamentos 4 recámaras en Roma Sur hasta $8M,roma-sur,depto,4,8000000,,3,15,30,9,5,59,
/marketplace?colonia=roma-sur&precio_max=12000000&recamaras_min=4&tipo=depto,Departamentos 4 recámaras en Roma Sur hasta $12M,roma-sur,depto,4,12000000,,3,15,30,9,5,59,
/marketplace?colonia=roma-sur&precio_max=15000000&recamaras_min=4&tipo=depto,Departamentos 4 recámaras en Roma Sur hasta $15M,roma-sur,depto,4,15000000,,3,15,30,9,5,59,
/marketplace?colonia=doctores&precio_max=8000000&recamaras_min=1&tipo=depto,Departamentos 1 recámaras en Doctores hasta $8M,doctores,depto,1,8000000,,4,20,30,4,5,59,
/marketplace?colonia=doctores&precio_max=12000000&recamaras_min=1&tipo=depto,Departamentos 1 recámaras en Doctores hasta $12M,doctores,depto,1,12000000,,4,20,30,4,5,59,
/marketplace?colonia=doctores&precio_max=15000000&recamaras_min=1&tipo=depto,Departamentos 1 recámaras en Doctores hasta $15M,doctores,depto,1,15000000,,4,20,30,4,5,59,
/marketplace?colonia=doctores&precio_max=20000000&recamaras_min=1&tipo=depto,Departamentos 1 recámaras en Doctores hasta $20M,doctores,depto,1,20000000,,4,20,30,4,5,59,
/marketplace?colonia=doctores&precio_max=30000000&recamaras_min=1&tipo=depto,Departamentos 1 recámaras en Doctores hasta $30M,doctores,depto,1,30000000,,4,20,30,4,5,59,
/marketplace?colonia=polanco&precio_max=3000000&recamaras_min=3&tipo=casa,Casas 3 recámaras en Polanco hasta $3M,polanco,casa,3,3000000,,1,0,30,23,5,58,
/marketplace?colonia=polanco&precio_max=5000000&recamaras_min=3&tipo=casa,Casas 3 recámaras en Polanco hasta $5M,polanco,casa,3,5000000,,1,0,30,23,5,58,
/marketplace?colonia=polanco&precio_max=8000000&recamaras_min=3&tipo=casa,Casas 3 recámaras en Polanco hasta $8M,polanco,casa,3,8000000,,1,0,30,23,5,58,
/marketplace?colonia=polanco&precio_max=12000000&recamaras_min=3&tipo=casa,Casas 3 recámaras en Polanco hasta $12M,polanco,casa,3,12000000,,1,0,30,23,5,58,
/marketplace?colonia=polanco&precio_max=15000000&recamaras_min=3&tipo=casa,Casas 3 recámaras en Polanco hasta $15M,polanco,casa,3,15000000,,1,0,30,23,5,58,
/marketplace?colonia=polanco&precio_max=20000000&recamaras_min=3&tipo=casa,Casas 3 recámaras en Polanco hasta $20M,polanco,casa,3,20000000,,1,0,30,23,5,58,
/marketplace?colonia=polanco&precio_max=30000000&recamaras_min=3&tipo=casa,Casas 3 recámaras en Polanco hasta $30M,polanco,casa,3,30000000,,1,0,30,23,5,58,
/marketplace?colonia=polanco&precio_max=3000000&recamaras_min=3&tipo=loft,Lofts 3 recámaras en Polanco hasta $3M,polanco,loft,3,3000000,,1,0,30,23,5,58,
/marketplace?colonia=polanco&precio_max=5000000&recamaras_min=3&tipo=loft,Lofts 3 recámaras en Polanco hasta $5M,polanco,loft,3,5000000,,1,0,30,23,5,58,
/marketplace?colonia=polanco&precio_max=8000000&recamaras_min=3&tipo=loft,Lofts 3 recámaras en Polanco hasta $8M,polanco,loft,3,8000000,,1,0,30,23,5,58,
/marketplace?colonia=polanco&precio_max=12000000&recamaras_min=3&tipo=loft,Lofts 3 recámaras en Polanco hasta $12M,polanco,loft,3,12000000,,1,0,30,23,5,58,
/marketplace?colonia=polanco&precio_max=15000000&recamaras_min=3&tipo=loft,Lofts 3 recámaras en Polanco hasta $15M,polanco,loft,3,15000000,,1,0,30,23,5,58,
/marketplace?colonia=polanco&precio_max=20000000&recamaras_min=3&tipo=loft,Lofts 3 recámaras en Polanco hasta $20M,polanco,loft,3,20000000,,1,0,30,23,5,58,
/marketplace?colonia=polanco&precio_max=30000000&recamaras_min=3&tipo=loft,Lofts 3 recámaras en Polanco hasta $30M,polanco,loft,3,30000000,,1,0,30,23,5,58,
/marketplace?colonia=lomas-chapultepec&precio_max=3000000&recamaras_min=3&tipo=loft,Lofts 3 recámaras en Lomas de Chapultepec hasta $3M,lomas-chapultepec,loft,3,3000000,,1,0,30,23,5,58,
/marketplace?colonia=lomas-chapultepec&precio_max=5000000&recamaras_min=3&tipo=loft,Lofts 3 recámaras en Lomas de Chapultepec hasta $5M,lomas-chapultepec,loft,3,5000000,,1,0,30,23,5,58,
/marketplace?colonia=lomas-chapultepec&precio_max=8000000&recamaras_min=3&tipo=loft,Lofts 3 recámaras en Lomas de Chapultepec hasta $8M,lomas-chapultepec,loft,3,8000000,,1,0,30,23,5,58,
/marketplace?colonia=lomas-chapultepec&precio_max=12000000&recamaras_min=3&tipo=loft,Lofts 3 recámaras en Lomas de Chapultepec hasta $12M,lomas-chapultepec,loft,3,12000000,,1,0,30,23,5,58,
/marketplace?colonia=lomas-chapultepec&precio_max=15000000&recamaras_min=3&tipo=loft,Lofts 3 recámaras en Lomas de Chapultepec hasta $15M,lomas-chapultepec,loft,3,15000000,,1,0,30,23,5,58,
/marketplace?colonia=lomas-chapultepec&precio_max=20000000&recamaras_min=3&tipo=loft,Lofts 3 recámaras en Lomas de Chapultepec hasta $20M,lomas-chapultepec,loft,3,20000000,,1,0,30,23,5,58,
/marketplace?colonia=lomas-chapultepec&precio_max=30000000&recamaras_min=3&tipo=loft,Lofts 3 recámaras en Lomas de Chapultepec hasta $30M,lomas-chapultepec,loft,3,30000000,,1,0,30,23,5,58,
/marketplace?colonia=pedregal&precio_max=3000000&recamaras_min=3&tipo=loft,Lofts 3 recámaras en Jardines del Pedregal hasta $3M,pedregal,loft,3,3000000,,1,0,30,23,5,58,
/marketplace?colonia=pedregal&precio_max=5000000&recamaras_min=3&tipo=loft,Lofts 3 recámaras en Jardines del Pedregal hasta $5M,pedregal,loft,3,5000000,,1,0,30,23,5,58,
/marketplace?colonia=pedregal&precio_max=8000000&recamaras_min=3&tipo=loft,Lofts 3 recámaras en Jardines del Pedregal hasta $8M,pedregal,loft,3,8000000,,1,0,30,23,5,58,
/marketplace?colonia=pedregal&precio_max=12000000&recamaras_min=3&tipo=loft,Lofts 3 recámaras en Jardines del Pedregal hasta $12M,pedregal,loft,3,12000000,,1,0,30,23,5,58,
/marketplace?colonia=pedregal&precio_max=15000000&recamaras_min=3&tipo=loft,Lofts 3 recámaras en Jardines del Pedregal hasta $15M,pedregal,loft,3,15000000,,1,0,30,23,5,58,
/marketplace?colonia=pedregal&precio_max=20000000&recamaras_min=3&tipo=loft,Lofts 3 recámaras en Jardines del Pedregal hasta $20M,pedregal,loft,3,20000000,,1,0,30,23,5,58,
/marketplace?colonia=pedregal&precio_max=30000000&recamaras_min=3&tipo=loft,Lofts 3 recámaras en Jardines del Pedregal hasta $30M,pedregal,loft,3,30000000,,1,0,30,23,5,58,
/marketplace?colonia=juarez&recamaras_min=4&stage=entrega_inmediata,Departamentos 4 recámaras en Juárez entrega inmediata,juarez,,4,,entrega_inmediata,3,15,26,9,8,58,
/marketplace?colonia=cuauhtemoc&recamaras_min=4&stage=entrega_inmediata,Departamentos 4 recámaras en Cuauhtémoc entrega inmediata,cuauhtemoc,,4,,entrega_inmediata,3,15,26,9,8,58,
/marketplace?colonia=del-valle-centro&recamaras_min=4&stage=entrega_inmediata,Departamentos 4 recámaras en Del Valle Centro entrega inmediata,del-valle-centro,,4,,entrega_inmediata,3,15,26,9,8,58,
/marketplace?colonia=narvarte&recamaras_min=4&stage=entrega_inmediata,Departamentos 4 recámaras en Narvarte Poniente entrega inmediata,narvarte,,4,,entrega_inmediata,3,15,26,9,8,58,
/marketplace?colonia=escandon&recamaras_min=4&stage=entrega_inmediata,Departamentos 4 recámaras en Escandón entrega inmediata,escandon,,4,,entrega_inmediata,3,15,26,9,8,58,
/marketplace?colonia=anzures&recamaras_min=4&stage=entrega_inmediata,Departamentos 4 recámaras en Anzures entrega inmediata,anzures,,4,,entrega_inmediata,3,15,26,9,8,58,
/marketplace?colonia=roma-sur&recamaras_min=4&stage=entrega_inmediata,Departamentos 4 recámaras en Roma Sur entrega inmediata,roma-sur,,4,,entrega_inmediata,3,15,26,9,8,58,
/marketplace?colonia=juarez,Departamentos en Juárez,juarez,,,,,3,25,15,12,5,57,
/marketplace?colonia=cuauhtemoc,Departamentos en Cuauhtémoc,cuauhtemoc,,,,,3,25,15,12,5,57,
/marketplace?colonia=del-valle-centro,Departamentos en Del Valle Centro,del-valle-centro,,,,,3,25,15,12,5,57,
/marketplace?colonia=narvarte,Departamentos en Narvarte Poniente,narvarte,,,,,3,25,15,12,5,57,
/marketplace?colonia=escandon,Departamentos en Escandón,escandon,,,,,3,25,15,12,5,57,
/marketplace?colonia=anzures,Departamentos en Anzures,anzures,,,,,3,25,15,12,5,57,
/marketplace?colonia=roma-sur,Departamentos en Roma Sur,roma-sur,,,,,3,25,15,12,5,57,
/marketplace?colonia=doctores&recamaras_min=1,Departamentos 1 recámaras en Doctores,doctores,,1,,,4,25,23,4,5,57,
/marketplace?colonia=polanco&precio_max=3000000&recamaras_min=1,Departamentos 1 recámaras en Polanco hasta $3M,polanco,,1,3000000,,1,2,30,20,5,57,
/marketplace?colonia=polanco&precio_max=5000000&recamaras_min=1,Departamentos 1 recámaras en Polanco hasta $5M,polanco,,1,5000000,,1,2,30,20,5,57,
/marketplace?colonia=lomas-chapultepec&precio_max=3000000&recamaras_min=1,Departamentos 1 recámaras en Lomas de Chapultepec hasta $3M,lomas-chapultepec,,1,3000000,,1,2,30,20,5,57,
/marketplace?colonia=lomas-chapultepec&precio_max=5000000&recamaras_min=1,Departamentos 1 recámaras en Lomas de Chapultepec hasta $5M,lomas-chapultepec,,1,5000000,,1,2,30,20,5,57,
/marketplace?colonia=lomas-chapultepec&precio_max=8000000&recamaras_min=1,Departamentos 1 recámaras en Lomas de Chapultepec hasta $8M,lomas-chapultepec,,1,8000000,,1,2,30,20,5,57,
/marketplace?colonia=pedregal&precio_max=3000000&recamaras_min=1,Departamentos 1 recámaras en Jardines del Pedregal hasta $3M,pedregal,,1,3000000,,1,2,30,20,5,57,
/marketplace?colonia=pedregal&precio_max=5000000&recamaras_min=1,Departamentos 1 recámaras en Jardines del Pedregal hasta $5M,pedregal,,1,5000000,,1,2,30,20,5,57,
/marketplace?colonia=pedregal&precio_max=8000000&recamaras_min=1,Departamentos 1 recámaras en Jardines del Pedregal hasta $8M,pedregal,,1,8000000,,1,2,30,20,5,57,
/marketplace?colonia=pedregal&precio_max=12000000&recamaras_min=1,Departamentos 1 recámaras en Jardines del Pedregal hasta $12M,pedregal,,1,12000000,,1,2,30,20,5,57,
/marketplace?colonia=polanco&precio_max=3000000&recamaras_min=1&tipo=depto,Departamentos 1 recámaras en Polanco hasta $3M,polanco,depto,1,3000000,,1,2,30,20,5,57,
/marketplace?colonia=polanco&precio_max=5000000&recamaras_min=1&tipo=depto,Departamentos 1 recámaras en Polanco hasta $5M,polanco,depto,1,5000000,,1,2,30,20,5,57,
/marketplace?colonia=lomas-chapultepec&precio_max=3000000&recamaras_min=1&tipo=depto,Departamentos 1 recámaras en Lomas de Chapultepec hasta $3M,lomas-chapultepec,depto,1,3000000,,1,2,30,20,5,57,
/marketplace?colonia=lomas-chapultepec&precio_max=5000000&recamaras_min=1&tipo=depto,Departamentos 1 recámaras en Lomas de Chapultepec hasta $5M,lomas-chapultepec,depto,1,5000000,,1,2,30,20,5,57,
/marketplace?colonia=lomas-chapultepec&precio_max=8000000&recamaras_min=1&tipo=depto,Departamentos 1 recámaras en Lomas de Chapultepec hasta $8M,lomas-chapultepec,depto,1,8000000,,1,2,30,20,5,57,
/marketplace?colonia=lomas-chapultepec&precio_max=3000000&recamaras_min=1&tipo=casa,Casas 1 recámaras en Lomas de Chapultepec hasta $3M,lomas-chapultepec,casa,1,3000000,,1,2,30,20,5,57,
/marketplace?colonia=lomas-chapultepec&precio_max=5000000&recamaras_min=1&tipo=casa,Casas 1 recámaras en Lomas de Chapultepec hasta $5M,lomas-chapultepec,casa,1,5000000,,1,2,30,20,5,57,
/marketplace?colonia=lomas-chapultepec&precio_max=8000000&recamaras_min=1&tipo=casa,Casas 1 recámaras en Lomas de Chapultepec hasta $8M,lomas-chapultepec,casa,1,8000000,,1,2,30,20,5,57,
/marketplace?colonia=pedregal&precio_max=3000000&recamaras_min=1&tipo=depto,Departamentos 1 recámaras en Jardines del Pedregal hasta $3M,pedregal,depto,1,3000000,,1,2,30,20,5,57,
/marketplace?colonia=pedregal&precio_max=5000000&recamaras_min=1&tipo=depto,Departamentos 1 recámaras en Jardines del Pedregal hasta $5M,pedregal,depto,1,5000000,,1,2,30,20,5,57,
/marketplace?colonia=pedregal&precio_max=8000000&recamaras_min=1&tipo=depto,Departamentos 1 recámaras en Jardines del Pedregal hasta $8M,pedregal,depto,1,8000000,,1,2,30,20,5,57,
/marketplace?colonia=pedregal&precio_max=12000000&recamaras_min=1&tipo=depto,Departamentos 1 recámaras en Jardines del Pedregal hasta $12M,pedregal,depto,1,12000000,,1,2,30,20,5,57,
/marketplace?colonia=pedregal&precio_max=3000000&recamaras_min=1&tipo=casa,Casas 1 recámaras en Jardines del Pedregal hasta $3M,pedregal,casa,1,3000000,,1,2,30,20,5,57,
/marketplace?colonia=pedregal&precio_max=5000000&recamaras_min=1&tipo=casa,Casas 1 recámaras en Jardines del Pedregal hasta $5M,pedregal,casa,1,5000000,,1,2,30,20,5,57,
/marketplace?colonia=pedregal&precio_max=8000000&recamaras_min=1&tipo=casa,Casas 1 recámaras en Jardines del Pedregal hasta $8M,pedregal,casa,1,8000000,,1,2,30,20,5,57,
/marketplace?colonia=pedregal&precio_max=12000000&recamaras_min=1&tipo=casa,Casas 1 recámaras en Jardines del Pedregal hasta $12M,pedregal,casa,1,12000000,,1,2,30,20,5,57,
/marketplace?colonia=juarez&stage=en_construccion,Departamentos en Juárez,juarez,,,,en_construccion,3,25,15,12,5,57,
/marketplace?colonia=cuauhtemoc&stage=en_construccion,Departamentos en Cuauhtémoc,cuauhtemoc,,,,en_construccion,3,25,15,12,5,57,
/marketplace?colonia=del-valle-centro&stage=en_construccion,Departamentos en Del Valle Centro,del-valle-centro,,,,en_construccion,3,25,15,12,5,57,
/marketplace?colonia=narvarte&stage=en_construccion,Departamentos en Narvarte Poniente,narvarte,,,,en_construccion,3,25,15,12,5,57,
/marketplace?colonia=escandon&stage=en_construccion,Departamentos en Escandón,escandon,,,,en_construccion,3,25,15,12,5,57,
/marketplace?colonia=anzures&stage=en_construccion,Departamentos en Anzures,anzures,,,,en_construccion,3,25,15,12,5,57,
/marketplace?colonia=roma-sur&stage=en_construccion,Departamentos en Roma Sur,roma-sur,,,,en_construccion,3,25,15,12,5,57,
/marketplace?colonia=doctores&stage=entrega_inmediata,Departamentos en Doctores entrega inmediata,doctores,,,,entrega_inmediata,4,25,18,6,8,57,
/marketplace?colonia=doctores&recamaras_min=1&stage=en_construccion,Departamentos 1 recámaras en Doctores,doctores,,1,,en_construccion,4,25,23,4,5,57,
/marketplace?colonia=roma-norte&precio_max=3000000&recamaras_min=2&tipo=casa,Casas 2 recámaras en Roma Norte hasta $3M,roma-norte,casa,2,3000000,,2,0,30,21,5,56,
/marketplace?colonia=roma-norte&precio_max=5000000&recamaras_min=2&tipo=casa,Casas 2 recámaras en Roma Norte hasta $5M,roma-norte,casa,2,5000000,,2,0,30,21,5,56,
/marketplace?colonia=roma-norte&precio_max=8000000&recamaras_min=2&tipo=casa,Casas 2 recámaras en Roma Norte hasta $8M,roma-norte,casa,2,8000000,,2,0,30,21,5,56,
/marketplace?colonia=roma-norte&precio_max=12000000&recamaras_min=2&tipo=casa,Casas 2 recámaras en Roma Norte hasta $12M,roma-norte,casa,2,12000000,,2,0,30,21,5,56,
/marketplace?colonia=roma-norte&precio_max=15000000&recamaras_min=2&tipo=casa,Casas 2 recámaras en Roma Norte hasta $15M,roma-norte,casa,2,15000000,,2,0,30,21,5,56,
/marketplace?colonia=roma-norte&precio_max=20000000&recamaras_min=2&tipo=casa,Casas 2 recámaras en Roma Norte hasta $20M,roma-norte,casa,2,20000000,,2,0,30,21,5,56,
/marketplace?colonia=roma-norte&precio_max=30000000&recamaras_min=2&tipo=casa,Casas 2 recámaras en Roma Norte hasta $30M,roma-norte,casa,2,30000000,,2,0,30,21,5,56,
/marketplace?colonia=condesa&precio_max=3000000&recamaras_min=2&tipo=casa,Casas 2 recámaras en Condesa hasta $3M,condesa,casa,2,3000000,,2,0,30,21,5,56,
/marketplace?colonia=condesa&precio_max=5000000&recamaras_min=2&tipo=casa,Casas 2 recámaras en Condesa hasta $5M,condesa,casa,2,5000000,,2,0,30,21,5,56,
/marketplace?colonia=condesa&precio_max=8000000&recamaras_min=2&tipo=casa,Casas 2 recámaras en Condesa hasta $8M,condesa,casa,2,8000000,,2,0,30,21,5,56,
/marketplace?colonia=condesa&precio_max=12000000&recamaras_min=2&tipo=casa,Casas 2 recámaras en Condesa hasta $12M,condesa,casa,2,12000000,,2,0,30,21,5,56,
/marketplace?colonia=condesa&precio_max=15000000&recamaras_min=2&tipo=casa,Casas 2 recámaras en Condesa hasta $15M,condesa,casa,2,15000000,,2,0,30,21,5,56,
/marketplace?colonia=condesa&precio_max=20000000&recamaras_min=2&tipo=casa,Casas 2 recámaras en Condesa hasta $20M,condesa,casa,2,20000000,,2,0,30,21,5,56,
/marketplace?colonia=condesa&precio_max=30000000&recamaras_min=2&tipo=casa,Casas 2 recámaras en Condesa hasta $30M,condesa,casa,2,30000000,,2,0,30,21,5,56,
/marketplace?colonia=coyoacan-centro&precio_max=3000000&recamaras_min=2&tipo=loft,Lofts 2 recámaras en Coyoacán Centro hasta $3M,coyoacan-centro,loft,2,3000000,,2,0,30,21,5,56,
/marketplace?colonia=coyoacan-centro&precio_max=5000000&recamaras_min=2&tipo=loft,Lofts 2 recámaras en Coyoacán Centro hasta $5M,coyoacan-centro,loft,2,5000000,,2,0,30,21,5,56,
/marketplace?colonia=coyoacan-centro&precio_max=8000000&recamaras_min=2&tipo=loft,Lofts 2 recámaras en Coyoacán Centro hasta $8M,coyoacan-centro,loft,2,8000000,,2,0,30,21,5,56,
/marketplace?colonia=coyoacan-centro&precio_max=12000000&recamaras_min=2&tipo=loft,Lofts 2 recámaras en Coyoacán Centro hasta $12M,coyoacan-centro,loft,2,12000000,,2,0,30,21,5,56,
/marketplace?colonia=coyoacan-centro&precio_max=15000000&recamaras_min=2&tipo=loft,Lofts 2 recámaras en Coyoacán Centro hasta $15M,coyoacan-centro,loft,2,15000000,,2,0,30,21,5,56,
/marketplace?colonia=coyoacan-centro&precio_max=20000000&recamaras_min=2&tipo=loft,Lofts 2 recámaras en Coyoacán Centro hasta $20M,coyoacan-centro,loft,2,20000000,,2,0,30,21,5,56,
/marketplace?colonia=coyoacan-centro&precio_max=30000000&recamaras_min=2&tipo=loft,Lofts 2 recámaras en Coyoacán Centro hasta $30M,coyoacan-centro,loft,2,30000000,,2,0,30,21,5,56,
/marketplace?colonia=santa-fe&precio_max=3000000&recamaras_min=2&tipo=casa,Casas 2 recámaras en Santa Fe hasta $3M,santa-fe,casa,2,3000000,,2,0,30,21,5,56,
/marketplace?colonia=santa-fe&precio_max=5000000&recamaras_min=2&tipo=casa,Casas 2 recámaras en Santa Fe hasta $5M,santa-fe,casa,2,5000000,,2,0,30,21,5,56,
/marketplace?colonia=santa-fe&precio_max=8000000&recamaras_min=2&tipo=casa,Casas 2 recámaras en Santa Fe hasta $8M,santa-fe,casa,2,8000000,,2,0,30,21,5,56,
/marketplace?colonia=santa-fe&precio_max=12000000&recamaras_min=2&tipo=casa,Casas 2 recámaras en Santa Fe hasta $12M,santa-fe,casa,2,12000000,,2,0,30,21,5,56,
/marketplace?colonia=santa-fe&precio_max=15000000&recamaras_min=2&tipo=casa,Casas 2 recámaras en Santa Fe hasta $15M,santa-fe,casa,2,15000000,,2,0,30,21,5,56,
/marketplace?colonia=santa-fe&precio_max=20000000&recamaras_min=2&tipo=casa,Casas 2 recámaras en Santa Fe hasta $20M,santa-fe,casa,2,20000000,,2,0,30,21,5,56,
/marketplace?colonia=santa-fe&precio_max=30000000&recamaras_min=2&tipo=casa,Casas 2 recámaras en Santa Fe hasta $30M,santa-fe,casa,2,30000000,,2,0,30,21,5,56,
/marketplace?colonia=santa-fe&precio_max=3000000&recamaras_min=2&tipo=loft,Lofts 2 recámaras en Santa Fe hasta $3M,santa-fe,loft,2,3000000,,2,0,30,21,5,56,
/marketplace?colonia=santa-fe&precio_max=5000000&recamaras_min=2&tipo=loft,Lofts 2 recámaras en Santa Fe hasta $5M,santa-fe,loft,2,5000000,,2,0,30,21,5,56,
/marketplace?colonia=santa-fe&precio_max=8000000&recamaras_min=2&tipo=loft,Lofts 2 recámaras en Santa Fe hasta $8M,santa-fe,loft,2,8000000,,2,0,30,21,5,56,
/marketplace?colonia=santa-fe&precio_max=12000000&recamaras_min=2&tipo=loft,Lofts 2 recámaras en Santa Fe hasta $12M,santa-fe,loft,2,12000000,,2,0,30,21,5,56,
/marketplace?colonia=santa-fe&precio_max=15000000&recamaras_min=2&tipo=loft,Lofts 2 recámaras en Santa Fe hasta $15M,santa-fe,loft,2,15000000,,2,0,30,21,5,56,
/marketplace?colonia=santa-fe&precio_max=20000000&recamaras_min=2&tipo=loft,Lofts 2 recámaras en Santa Fe hasta $20M,santa-fe,loft,2,20000000,,2,0,30,21,5,56,
/marketplace?colonia=santa-fe&precio_max=30000000&recamaras_min=2&tipo=loft,Lofts 2 recámaras en Santa Fe hasta $30M,santa-fe,loft,2,30000000,,2,0,30,21,5,56,
/marketplace?colonia=napoles&precio_max=3000000&recamaras_min=2&tipo=casa,Casas 2 recámaras en Nápoles hasta $3M,napoles,casa,2,3000000,,2,0,30,21,5,56,
/marketplace?colonia=napoles&precio_max=5000000&recamaras_min=2&tipo=casa,Casas 2 recámaras en Nápoles hasta $5M,napoles,casa,2,5000000,,2,0,30,21,5,56,
/marketplace?colonia=napoles&precio_max=8000000&recamaras_min=2&tipo=casa,Casas 2 recámaras en Nápoles hasta $8M,napoles,casa,2,8000000,,2,0,30,21,5,56,
/marketplace?colonia=napoles&precio_max=12000000&recamaras_min=2&tipo=casa,Casas 2 recámaras en Nápoles hasta $12M,napoles,casa,2,12000000,,2,0,30,21,5,56,
/marketplace?colonia=napoles&precio_max=15000000&recamaras_min=2&tipo=casa,Casas 2 recámaras en Nápoles hasta $15M,napoles,casa,2,15000000,,2,0,30,21,5,56,
/marketplace?colonia=napoles&precio_max=20000000&recamaras_min=2&tipo=casa,Casas 2 recámaras en Nápoles hasta $20M,napoles,casa,2,20000000,,2,0,30,21,5,56,
/marketplace?colonia=napoles&precio_max=30000000&recamaras_min=2&tipo=casa,Casas 2 recámaras en Nápoles hasta $30M,napoles,casa,2,30000000,,2,0,30,21,5,56,
/marketplace?colonia=napoles&precio_max=3000000&recamaras_min=2&tipo=loft,Lofts 2 recámaras en Nápoles hasta $3M,napoles,loft,2,3000000,,2,0,30,21,5,56,
/marketplace?colonia=napoles&precio_max=5000000&recamaras_min=2&tipo=loft,Lofts 2 recámaras en Nápoles hasta $5M,napoles,loft,2,5000000,,2,0,30,21,5,56,
/marketplace?colonia=napoles&precio_max=8000000&recamaras_min=2&tipo=loft,Lofts 2 recámaras en Nápoles hasta $8M,napoles,loft,2,8000000,,2,0,30,21,5,56,
/marketplace?colonia=napoles&precio_max=12000000&recamaras_min=2&tipo=loft,Lofts 2 recámaras en Nápoles hasta $12M,napoles,loft,2,12000000,,2,0,30,21,5,56,
/marketplace?colonia=napoles&precio_max=15000000&recamaras_min=2&tipo=loft,Lofts 2 recámaras en Nápoles hasta $15M,napoles,loft,2,15000000,,2,0,30,21,5,56,
/marketplace?colonia=napoles&precio_max=20000000&recamaras_min=2&tipo=loft,Lofts 2 recámaras en Nápoles hasta $20M,napoles,loft,2,20000000,,2,0,30,21,5,56,
/marketplace?colonia=napoles&precio_max=30000000&recamaras_min=2&tipo=loft,Lofts 2 recámaras en Nápoles hasta $30M,napoles,loft,2,30000000,,2,0,30,21,5,56,
/marketplace?colonia=doctores&precio_max=3000000&recamaras_min=3,Departamentos 3 recámaras en Doctores hasta $3M,doctores,,3,3000000,,4,13,30,7,5,55,
/marketplace?colonia=doctores&precio_max=5000000&recamaras_min=3,Departamentos 3 recámaras en Doctores hasta $5M,doctores,,3,5000000,,4,13,30,7,5,55,
/marketplace?colonia=polanco&precio_max=3000000&recamaras_min=1&tipo=casa,Casas 1 recámaras en Polanco hasta $3M,polanco,casa,1,3000000,,1,0,30,20,5,55,
/marketplace?colonia=polanco&precio_max=5000000&recamaras_min=1&tipo=casa,Casas 1 recámaras en Polanco hasta $5M,polanco,casa,1,5000000,,1,0,30,20,5,55,
/marketplace?colonia=polanco&precio_max=8000000&recamaras_min=1&tipo=casa,Casas 1 recámaras en Polanco hasta $8M,polanco,casa,1,8000000,,1,0,30,20,5,55,
/marketplace?colonia=polanco&precio_max=12000000&recamaras_min=1&tipo=casa,Casas 1 recámaras en Polanco hasta $12M,polanco,casa,1,12000000,,1,0,30,20,5,55,
/marketplace?colonia=polanco&precio_max=15000000&recamaras_min=1&tipo=casa,Casas 1 recámaras en Polanco hasta $15M,polanco,casa,1,15000000,,1,0,30,20,5,55,
/marketplace?colonia=polanco&precio_max=20000000&recamaras_min=1&tipo=casa,Casas 1 recámaras en Polanco hasta $20M,polanco,casa,1,20000000,,1,0,30,20,5,55,
/marketplace?colonia=polanco&precio_max=30000000&recamaras_min=1&tipo=casa,Casas 1 recámaras en Polanco hasta $30M,polanco,casa,1,30000000,,1,0,30,20,5,55,
/marketplace?colonia=polanco&precio_max=3000000&recamaras_min=1&tipo=loft,Lofts 1 recámaras en Polanco hasta $3M,polanco,loft,1,3000000,,1,0,30,20,5,55,
/marketplace?colonia=polanco&precio_max=5000000&recamaras_min=1&tipo=loft,Lofts 1 recámaras en Polanco hasta $5M,polanco,loft,1,5000000,,1,0,30,20,5,55,
/marketplace?colonia=polanco&precio_max=8000000&recamaras_min=1&tipo=loft,Lofts 1 recámaras en Polanco hasta $8M,polanco,loft,1,8000000,,1,0,30,20,5,55,
/marketplace?colonia=polanco&precio_max=12000000&recamaras_min=1&tipo=loft,Lofts 1 recámaras en Polanco hasta $12M,polanco,loft,1,12000000,,1,0,30,20,5,55,
/marketplace?colonia=polanco&precio_max=15000000&recamaras_min=1&tipo=loft,Lofts 1 recámaras en Polanco hasta $15M,polanco,loft,1,15000000,,1,0,30,20,5,55,
/marketplace?colonia=polanco&precio_max=20000000&recamaras_min=1&tipo=loft,Lofts 1 recámaras en Polanco hasta $20M,polanco,loft,1,20000000,,1,0,30,20,5,55,
/marketplace?colonia=polanco&precio_max=30000000&recamaras_min=1&tipo=loft,Lofts 1 recámaras en Polanco hasta $30M,polanco,loft,1,30000000,,1,0,30,20,5,55,
/marketplace?colonia=lomas-chapultepec&precio_max=3000000&recamaras_min=1&tipo=loft,Lofts 1 recámaras en Lomas de Chapultepec hasta $3M,lomas-chapultepec,loft,1,3000000,,1,0,30,20,5,55,
/marketplace?colonia=lomas-chapultepec&precio_max=5000000&recamaras_min=1&tipo=loft,Lofts 1 recámaras en Lomas de Chapultepec hasta $5M,lomas-chapultepec,loft,1,5000000,,1,0,30,20,5,55,
/marketplace?colonia=lomas-chapultepec&precio_max=8000000&recamaras_min=1&tipo=loft,Lofts 1 recámaras en Lomas de Chapultepec hasta $8M,lomas-chapultepec,loft,1,8000000,,1,0,30,20,5,55,
/marketplace?colonia=lomas-chapultepec&precio_max=12000000&recamaras_min=1&tipo=loft,Lofts 1 recámaras en Lomas de Chapultepec hasta $12M,lomas-chapultepec,loft,1,12000000,,1,0,30,20,5,55,
/marketplace?colonia=lomas-chapultepec&precio_max=15000000&recamaras_min=1&tipo=loft,Lofts 1 recámaras en Lomas de Chapultepec hasta $15M,lomas-chapultepec,loft,1,15000000,,1,0,30,20,5,55,
/marketplace?colonia=lomas-chapultepec&precio_max=20000000&recamaras_min=1&tipo=loft,Lofts 1 recámaras en Lomas de Chapultepec hasta $20M,lomas-chapultepec,loft,1,20000000,,1,0,30,20,5,55,
/marketplace?colonia=lomas-chapultepec&precio_max=30000000&recamaras_min=1&tipo=loft,Lofts 1 recámaras en Lomas de Chapultepec hasta $30M,lomas-chapultepec,loft,1,30000000,,1,0,30,20,5,55,
/marketplace?colonia=pedregal&precio_max=3000000&recamaras_min=1&tipo=loft,Lofts 1 recámaras en Jardines del Pedregal hasta $3M,pedregal,loft,1,3000000,,1,0,30,20,5,55,
/marketplace?colonia=pedregal&precio_max=5000000&recamaras_min=1&tipo=loft,Lofts 1 recámaras en Jardines del Pedregal hasta $5M,pedregal,loft,1,5000000,,1,0,30,20,5,55,
/marketplace?colonia=pedregal&precio_max=8000000&recamaras_min=1&tipo=loft,Lofts 1 recámaras en Jardines del Pedregal hasta $8M,pedregal,loft,1,8000000,,1,0,30,20,5,55,
/marketplace?colonia=pedregal&precio_max=12000000&recamaras_min=1&tipo=loft,Lofts 1 recámaras en Jardines del Pedregal hasta $12M,pedregal,loft,1,12000000,,1,0,30,20,5,55,
/marketplace?colonia=pedregal&precio_max=15000000&recamaras_min=1&tipo=loft,Lofts 1 recámaras en Jardines del Pedregal hasta $15M,pedregal,loft,1,15000000,,1,0,30,20,5,55,
/marketplace?colonia=pedregal&precio_max=20000000&recamaras_min=1&tipo=loft,Lofts 1 recámaras en Jardines del Pedregal hasta $20M,pedregal,loft,1,20000000,,1,0,30,20,5,55,
/marketplace?colonia=pedregal&precio_max=30000000&recamaras_min=1&tipo=loft,Lofts 1 recámaras en Jardines del Pedregal hasta $30M,pedregal,loft,1,30000000,,1,0,30,20,5,55,
/marketplace?colonia=doctores&precio_max=3000000&recamaras_min=3&tipo=depto,Departamentos 3 recámaras en Doctores hasta $3M,doctores,depto,3,3000000,,4,13,30,7,5,55,
/marketplace?colonia=doctores&precio_max=5000000&recamaras_min=3&tipo=depto,Departamentos 3 recámaras en Doctores hasta $5M,doctores,depto,3,5000000,,4,13,30,7,5,55,
/marketplace?colonia=juarez&precio_max=20000000&recamaras_min=4,Departamentos 4 recámaras en Juárez hasta $20M,juarez,,4,20000000,,3,10,30,9,5,54,
/marketplace?colonia=juarez&precio_max=30000000&recamaras_min=4,Departamentos 4 recámaras en Juárez hasta $30M,juarez,,4,30000000,,3,10,30,9,5,54,
/marketplace?colonia=cuauhtemoc&precio_max=20000000&recamaras_min=4,Departamentos 4 recámaras en Cuauhtémoc hasta $20M,cuauhtemoc,,4,20000000,,3,10,30,9,5,54,
/marketplace?colonia=cuauhtemoc&precio_max=30000000&recamaras_min=4,Departamentos 4 recámaras en Cuauhtémoc hasta $30M,cuauhtemoc,,4,30000000,,3,10,30,9,5,54,
/marketplace?colonia=del-valle-centro&precio_max=30000000&recamaras_min=4,Departamentos 4 recámaras en Del Valle Centro hasta $30M,del-valle-centro,,4,30000000,,3,10,30,9,5,54,
/marketplace?colonia=narvarte&precio_max=20000000&recamaras_min=4,Departamentos 4 recámaras en Narvarte Poniente hasta $20M,narvarte,,4,20000000,,3,10,30,9,5,54,
/marketplace?colonia=narvarte&precio_max=30000000&recamaras_min=4,Departamentos 4 recámaras en Narvarte Poniente hasta $30M,narvarte,,4,30000000,,3,10,30,9,5,54,
/marketplace?colonia=escandon&precio_max=20000000&recamaras_min=4,Departamentos 4 recámaras en Escandón hasta $20M,escandon,,4,20000000,,3,10,30,9,5,54,
/marketplace?colonia=escandon&precio_max=30000000&recamaras_min=4,Departamentos 4 recámaras en Escandón hasta $30M,escandon,,4,30000000,,3,10,30,9,5,54,
/marketplace?colonia=anzures&precio_max=30000000&recamaras_min=4,Departamentos 4 recámaras en Anzures hasta $30M,anzures,,4,30000000,,3,10,30,9,5,54,
/marketplace?colonia=roma-sur&precio_max=20000000&recamaras_min=4,Departamentos 4 recámaras en Roma Sur hasta $20M,roma-sur,,4,20000000,,3,10,30,9,5,54,
/marketplace?colonia=roma-sur&precio_max=30000000&recamaras_min=4,Departamentos 4 recámaras en Roma Sur hasta $30M,roma-sur,,4,30000000,,3,10,30,9,5,54,
/marketplace?colonia=polanco&precio_max=3000000&recamaras_min=4&tipo=casa,Casas 4 recámaras en Polanco hasta $3M,polanco,casa,4,3000000,,1,0,30,19,5,54,
/marketplace?colonia=polanco&precio_max=5000000&recamaras_min=4&tipo=casa,Casas 4 recámaras en Polanco hasta $5M,polanco,casa,4,5000000,,1,0,30,19,5,54,
/marketplace?colonia=polanco&precio_max=8000000&recamaras_min=4&tipo=casa,Casas 4 recámaras en Polanco hasta $8M,polanco,casa,4,8000000,,1,0,30,19,5,54,
/marketplace?colonia=polanco&precio_max=12000000&recamaras_min=4&tipo=casa,Casas 4 recámaras en Polanco hasta $12M,polanco,casa,4,12000000,,1,0,30,19,5,54,
/marketplace?colonia=polanco&precio_max=15000000&recamaras_min=4&tipo=casa,Casas 4 recámaras en Polanco hasta $15M,polanco,casa,4,15000000,,1,0,30,19,5,54,
/marketplace?colonia=polanco&precio_max=20000000&recamaras_min=4&tipo=casa,Casas 4 recámaras en Polanco hasta $20M,polanco,casa,4,20000000,,1,0,30,19,5,54,
/marketplace?colonia=polanco&precio_max=30000000&recamaras_min=4&tipo=casa,Casas 4 recámaras en Polanco hasta $30M,polanco,casa,4,30000000,,1,0,30,19,5,54,
/marketplace?colonia=polanco&precio_max=3000000&recamaras_min=4&tipo=loft,Lofts 4 recámaras en Polanco hasta $3M,polanco,loft,4,3000000,,1,0,30,19,5,54,
/marketplace?colonia=polanco&precio_max=5000000&recamaras_min=4&tipo=loft,Lofts 4 recámaras en Polanco hasta $5M,polanco,loft,4,5000000,,1,0,30,19,5,54,
/marketplace?colonia=polanco&precio_max=8000000&recamaras_min=4&tipo=loft,Lofts 4 recámaras en Polanco hasta $8M,polanco,loft,4,8000000,,1,0,30,19,5,54,
/marketplace?colonia=polanco&precio_max=12000000&recamaras_min=4&tipo=loft,Lofts 4 recámaras en Polanco hasta $12M,polanco,loft,4,12000000,,1,0,30,19,5,54,
/marketplace?colonia=polanco&precio_max=15000000&recamaras_min=4&tipo=loft,Lofts 4 recámaras en Polanco hasta $15M,polanco,loft,4,15000000,,1,0,30,19,5,54,
/marketplace?colonia=polanco&precio_max=20000000&recamaras_min=4&tipo=loft,Lofts 4 recámaras en Polanco hasta $20M,polanco,loft,4,20000000,,1,0,30,19,5,54,
/marketplace?colonia=polanco&precio_max=30000000&recamaras_min=4&tipo=loft,Lofts 4 recámaras en Polanco hasta $30M,polanco,loft,4,30000000,,1,0,30,19,5,54,
/marketplace?colonia=lomas-chapultepec&precio_max=3000000&recamaras_min=4&tipo=loft,Lofts 4 recámaras en Lomas de Chapultepec hasta $3M,lomas-chapultepec,loft,4,3000000,,1,0,30,19,5,54,
/marketplace?colonia=lomas-chapultepec&precio_max=5000000&recamaras_min=4&tipo=loft,Lofts 4 recámaras en Lomas de Chapultepec hasta $5M,lomas-chapultepec,loft,4,5000000,,1,0,30,19,5,54,
/marketplace?colonia=lomas-chapultepec&precio_max=8000000&recamaras_min=4&tipo=loft,Lofts 4 recámaras en Lomas de Chapultepec hasta $8M,lomas-chapultepec,loft,4,8000000,,1,0,30,19,5,54,
/marketplace?colonia=lomas-chapultepec&precio_max=12000000&recamaras_min=4&tipo=loft,Lofts 4 recámaras en Lomas de Chapultepec hasta $12M,lomas-chapultepec,loft,4,12000000,,1,0,30,19,5,54,
/marketplace?colonia=lomas-chapultepec&precio_max=15000000&recamaras_min=4&tipo=loft,Lofts 4 recámaras en Lomas de Chapultepec hasta $15M,lomas-chapultepec,loft,4,15000000,,1,0,30,19,5,54,
/marketplace?colonia=lomas-chapultepec&precio_max=20000000&recamaras_min=4&tipo=loft,Lofts 4 recámaras en Lomas de Chapultepec hasta $20M,lomas-chapultepec,loft,4,20000000,,1,0,30,19,5,54,
/marketplace?colonia=lomas-chapultepec&precio_max=30000000&recamaras_min=4&tipo=loft,Lofts 4 recámaras en Lomas de Chapultepec hasta $30M,lomas-chapultepec,loft,4,30000000,,1,0,30,19,5,54,
/marketplace?colonia=pedregal&precio_max=3000000&recamaras_min=4&tipo=loft,Lofts 4 recámaras en Jardines del Pedregal hasta $3M,pedregal,loft,4,3000000,,1,0,30,19,5,54,
/marketplace?colonia=pedregal&precio_max=5000000&recamaras_min=4&tipo=loft,Lofts 4 recámaras en Jardines del Pedregal hasta $5M,pedregal,loft,4,5000000,,1,0,30,19,5,54,
/marketplace?colonia=pedregal&precio_max=8000000&recamaras_min=4&tipo=loft,Lofts 4 recámaras en Jardines del Pedregal hasta $8M,pedregal,loft,4,8000000,,1,0,30,19,5,54,
/marketplace?colonia=pedregal&precio_max=12000000&recamaras_min=4&tipo=loft,Lofts 4 recámaras en Jardines del Pedregal hasta $12M,pedregal,loft,4,12000000,,1,0,30,19,5,54,
/marketplace?colonia=pedregal&precio_max=15000000&recamaras_min=4&tipo=loft,Lofts 4 recámaras en Jardines del Pedregal hasta $15M,pedregal,loft,4,15000000,,1,0,30,19,5,54,
/marketplace?colonia=pedregal&precio_max=20000000&recamaras_min=4&tipo=loft,Lofts 4 recámaras en Jardines del Pedregal hasta $20M,pedregal,loft,4,20000000,,1,0,30,19,5,54,
/marketplace?colonia=pedregal&precio_max=30000000&recamaras_min=4&tipo=loft,Lofts 4 recámaras en Jardines del Pedregal hasta $30M,pedregal,loft,4,30000000,,1,0,30,19,5,54,
/marketplace?colonia=roma-norte&precio_max=3000000&recamaras_min=3&tipo=casa,Casas 3 recámaras en Roma Norte hasta $3M,roma-norte,casa,3,3000000,,2,0,30,19,5,54,
/marketplace?colonia=roma-norte&precio_max=5000000&recamaras_min=3&tipo=casa,Casas 3 recámaras en Roma Norte hasta $5M,roma-norte,casa,3,5000000,,2,0,30,19,5,54,
/marketplace?colonia=roma-norte&precio_max=8000000&recamaras_min=3&tipo=casa,Casas 3 recámaras en Roma Norte hasta $8M,roma-norte,casa,3,8000000,,2,0,30,19,5,54,
/marketplace?colonia=roma-norte&precio_max=12000000&recamaras_min=3&tipo=casa,Casas 3 recámaras en Roma Norte hasta $12M,roma-norte,casa,3,12000000,,2,0,30,19,5,54,
/marketplace?colonia=roma-norte&precio_max=15000000&recamaras_min=3&tipo=casa,Casas 3 recámaras en Roma Norte hasta $15M,roma-norte,casa,3,15000000,,2,0,30,19,5,54,
/marketplace?colonia=roma-norte&precio_max=20000000&recamaras_min=3&tipo=casa,Casas 3 recámaras en Roma Norte hasta $20M,roma-norte,casa,3,20000000,,2,0,30,19,5,54,
/marketplace?colonia=roma-norte&precio_max=30000000&recamaras_min=3&tipo=casa,Casas 3 recámaras en Roma Norte hasta $30M,roma-norte,casa,3,30000000,,2,0,30,19,5,54,
/marketplace?colonia=condesa&precio_max=3000000&recamaras_min=3&tipo=casa,Casas 3 recámaras en Condesa hasta $3M,condesa,casa,3,3000000,,2,0,30,19,5,54,
/marketplace?colonia=condesa&precio_max=5000000&recamaras_min=3&tipo=casa,Casas 3 recámaras en Condesa hasta $5M,condesa,casa,3,5000000,,2,0,30,19,5,54,
/marketplace?colonia=condesa&precio_max=8000000&recamaras_min=3&tipo=casa,Casas 3 recámaras en Condesa hasta $8M,condesa,casa,3,8000000,,2,0,30,19,5,54,
/marketplace?colonia=condesa&precio_max=12000000&recamaras_min=3&tipo=casa,Casas 3 recámaras en Condesa hasta $12M,condesa,casa,3,12000000,,2,0,30,19,5,54,
/marketplace?colonia=condesa&precio_max=15000000&recamaras_min=3&tipo=casa,Casas 3 recámaras en Condesa hasta $15M,condesa,casa,3,15000000,,2,0,30,19,5,54,
/marketplace?colonia=condesa&precio_max=20000000&recamaras_min=3&tipo=casa,Casas 3 recámaras en Condesa hasta $20M,condesa,casa,3,20000000,,2,0,30,19,5,54,
/marketplace?colonia=condesa&precio_max=30000000&recamaras_min=3&tipo=casa,Casas 3 recámaras en Condesa hasta $30M,condesa,casa,3,30000000,,2,0,30,19,5,54,
/marketplace?colonia=coyoacan-centro&precio_max=3000000&recamaras_min=3&tipo=loft,Lofts 3 recámaras en Coyoacán Centro hasta $3M,coyoacan-centro,loft,3,3000000,,2,0,30,19,5,54,
/marketplace?colonia=coyoacan-centro&precio_max=5000000&recamaras_min=3&tipo=loft,Lofts 3 recámaras en Coyoacán Centro hasta $5M,coyoacan-centro,loft,3,5000000,,2,0,30,19,5,54,
/marketplace?colonia=coyoacan-centro&precio_max=8000000&recamaras_min=3&tipo=loft,Lofts 3 recámaras en Coyoacán Centro hasta $8M,coyoacan-centro,loft,3,8000000,,2,0,30,19,5,54,
/marketplace?colonia=coyoacan-centro&precio_max=12000000&recamaras_min=3&tipo=loft,Lofts 3 recámaras en Coyoacán Centro hasta $12M,coyoacan-centro,loft,3,12000000,,2,0,30,19,5,54,
/marketplace?colonia=coyoacan-centro&precio_max=15000000&recamaras_min=3&tipo=loft,Lofts 3 recámaras en Coyoacán Centro hasta $15M,coyoacan-centro,loft,3,15000000,,2,0,30,19,5,54,
/marketplace?colonia=coyoacan-centro&precio_max=20000000&recamaras_min=3&tipo=loft,Lofts 3 recámaras en Coyoacán Centro hasta $20M,coyoacan-centro,loft,3,20000000,,2,0,30,19,5,54,
/marketplace?colonia=coyoacan-centro&precio_max=30000000&recamaras_min=3&tipo=loft,Lofts 3 recámaras en Coyoacán Centro hasta $30M,coyoacan-centro,loft,3,30000000,,2,0,30,19,5,54,
/marketplace?colonia=santa-fe&precio_max=3000000&recamaras_min=3&tipo=casa,Casas 3 recámaras en Santa Fe hasta $3M,santa-fe,casa,3,3000000,,2,0,30,19,5,54,
/marketplace?colonia=santa-fe&precio_max=5000000&recamaras_min=3&tipo=casa,Casas 3 recámaras en Santa Fe hasta $5M,santa-fe,casa,3,5000000,,2,0,30,19,5,54,
/marketplace?colonia=santa-fe&precio_max=8000000&recamaras_min=3&tipo=casa,Casas 3 recámaras en Santa Fe hasta $8M,santa-fe,casa,3,8000000,,2,0,30,19,5,54,
/marketplace?colonia=santa-fe&precio_max=12000000&recamaras_min=3&tipo=casa,Casas 3 recámaras en Santa Fe hasta $12M,santa-fe,casa,3,12000000,,2,0,30,19,5,54,
/marketplace?colonia=santa-fe&precio_max=15000000&recamaras_min=3&tipo=casa,Casas 3 recámaras en Santa Fe hasta $15M,santa-fe,casa,3,15000000,,2,0,30,19,5,54,
/marketplace?colonia=santa-fe&precio_max=20000000&recamaras_min=3&tipo=casa,Casas 3 recámaras en Santa Fe hasta $20M,santa-fe,casa,3,20000000,,2,0,30,19,5,54,
/marketplace?colonia=santa-fe&precio_max=30000000&recamaras_min=3&tipo=casa,Casas 3 recámaras en Santa Fe hasta $30M,santa-fe,casa,3,30000000,,2,0,30,19,5,54,
/marketplace?colonia=santa-fe&precio_max=3000000&recamaras_min=3&tipo=loft,Lofts 3 recámaras en Santa Fe hasta $3M,santa-fe,loft,3,3000000,,2,0,30,19,5,54,
/marketplace?colonia=santa-fe&precio_max=5000000&recamaras_min=3&tipo=loft,Lofts 3 recámaras en Santa Fe hasta $5M,santa-fe,loft,3,5000000,,2,0,30,19,5,54,
/marketplace?colonia=santa-fe&precio_max=8000000&recamaras_min=3&tipo=loft,Lofts 3 recámaras en Santa Fe hasta $8M,santa-fe,loft,3,8000000,,2,0,30,19,5,54,
/marketplace?colonia=santa-fe&precio_max=12000000&recamaras_min=3&tipo=loft,Lofts 3 recámaras en Santa Fe hasta $12M,santa-fe,loft,3,12000000,,2,0,30,19,5,54,
/marketplace?colonia=santa-fe&precio_max=15000000&recamaras_min=3&tipo=loft,Lofts 3 recámaras en Santa Fe hasta $15M,santa-fe,loft,3,15000000,,2,0,30,19,5,54,
/marketplace?colonia=santa-fe&precio_max=20000000&recamaras_min=3&tipo=loft,Lofts 3 recámaras en Santa Fe hasta $20M,santa-fe,loft,3,20000000,,2,0,30,19,5,54,
/marketplace?colonia=santa-fe&precio_max=30000000&recamaras_min=3&tipo=loft,Lofts 3 recámaras en Santa Fe hasta $30M,santa-fe,loft,3,30000000,,2,0,30,19,5,54,
/marketplace?colonia=napoles&precio_max=3000000&recamaras_min=3&tipo=casa,Casas 3 recámaras en Nápoles hasta $3M,napoles,casa,3,3000000,,2,0,30,19,5,54,
/marketplace?colonia=napoles&precio_max=5000000&recamaras_min=3&tipo=casa,Casas 3 recámaras en Nápoles hasta $5M,napoles,casa,3,5000000,,2,0,30,19,5,54,
/marketplace?colonia=napoles&precio_max=8000000&recamaras_min=3&tipo=casa,Casas 3 recámaras en Nápoles hasta $8M,napoles,casa,3,8000000,,2,0,30,19,5,54,
/marketplace?colonia=napoles&precio_max=12000000&recamaras_min=3&tipo=casa,Casas 3 recámaras en Nápoles hasta $12M,napoles,casa,3,12000000,,2,0,30,19,5,54,
/marketplace?colonia=napoles&precio_max=15000000&recamaras_min=3&tipo=casa,Casas 3 recámaras en Nápoles hasta $15M,napoles,casa,3,15000000,,2,0,30,19,5,54,
/marketplace?colonia=napoles&precio_max=20000000&recamaras_min=3&tipo=casa,Casas 3 recámaras en Nápoles hasta $20M,napoles,casa,3,20000000,,2,0,30,19,5,54,
/marketplace?colonia=napoles&precio_max=30000000&recamaras_min=3&tipo=casa,Casas 3 recámaras en Nápoles hasta $30M,napoles,casa,3,30000000,,2,0,30,19,5,54,
/marketplace?colonia=napoles&precio_max=3000000&recamaras_min=3&tipo=loft,Lofts 3 recámaras en Nápoles hasta $3M,napoles,loft,3,3000000,,2,0,30,19,5,54,
/marketplace?colonia=napoles&precio_max=5000000&recamaras_min=3&tipo=loft,Lofts 3 recámaras en Nápoles hasta $5M,napoles,loft,3,5000000,,2,0,30,19,5,54,
/marketplace?colonia=napoles&precio_max=8000000&recamaras_min=3&tipo=loft,Lofts 3 recámaras en Nápoles hasta $8M,napoles,loft,3,8000000,,2,0,30,19,5,54,
/marketplace?colonia=napoles&precio_max=12000000&recamaras_min=3&tipo=loft,Lofts 3 recámaras en Nápoles hasta $12M,napoles,loft,3,12000000,,2,0,30,19,5,54,
/marketplace?colonia=napoles&precio_max=15000000&recamaras_min=3&tipo=loft,Lofts 3 recámaras en Nápoles hasta $15M,napoles,loft,3,15000000,,2,0,30,19,5,54,
/marketplace?colonia=napoles&precio_max=20000000&recamaras_min=3&tipo=loft,Lofts 3 recámaras en Nápoles hasta $20M,napoles,loft,3,20000000,,2,0,30,19,5,54,
/marketplace?colonia=napoles&precio_max=30000000&recamaras_min=3&tipo=loft,Lofts 3 recámaras en Nápoles hasta $30M,napoles,loft,3,30000000,,2,0,30,19,5,54,
/marketplace?colonia=juarez&precio_max=20000000&recamaras_min=4&tipo=depto,Departamentos 4 recámaras en Juárez hasta $20M,juarez,depto,4,20000000,,3,10,30,9,5,54,
/marketplace?colonia=juarez&precio_max=30000000&recamaras_min=4&tipo=depto,Departamentos 4 recámaras en Juárez hasta $30M,juarez,depto,4,30000000,,3,10,30,9,5,54,
/marketplace?colonia=juarez&precio_max=20000000&recamaras_min=4&tipo=loft,Lofts 4 recámaras en Juárez hasta $20M,juarez,loft,4,20000000,,3,10,30,9,5,54,
/marketplace?colonia=juarez&precio_max=30000000&recamaras_min=4&tipo=loft,Lofts 4 recámaras en Juárez hasta $30M,juarez,loft,4,30000000,,3,10,30,9,5,54,
/marketplace?colonia=cuauhtemoc&precio_max=20000000&recamaras_min=4&tipo=depto,Departamentos 4 recámaras en Cuauhtémoc hasta $20M,cuauhtemoc,depto,4,20000000,,3,10,30,9,5,54,
/marketplace?colonia=cuauhtemoc&precio_max=30000000&recamaras_min=4&tipo=depto,Departamentos 4 recámaras en Cuauhtémoc hasta $30M,cuauhtemoc,depto,4,30000000,,3,10,30,9,5,54,
/marketplace?colonia=cuauhtemoc&precio_max=20000000&recamaras_min=4&tipo=loft,Lofts 4 recámaras en Cuauhtémoc hasta $20M,cuauhtemoc,loft,4,20000000,,3,10,30,9,5,54,
/marketplace?colonia=cuauhtemoc&precio_max=30000000&recamaras_min=4&tipo=loft,Lofts 4 recámaras en Cuauhtémoc hasta $30M,cuauhtemoc,loft,4,30000000,,3,10,30,9,5,54,
/marketplace?colonia=del-valle-centro&precio_max=30000000&recamaras_min=4&tipo=depto,Departamentos 4 recámaras en Del Valle Centro hasta $30M,del-valle-centro,depto,4,30000000,,3,10,30,9,5,54,
/marketplace?colonia=narvarte&precio_max=20000000&recamaras_min=4&tipo=depto,Departamentos 4 recámaras en Narvarte Poniente hasta $20M,narvarte,depto,4,20000000,,3,10,30,9,5,54,
/marketplace?colonia=narvarte&precio_max=30000000&recamaras_min=4&tipo=depto,Departamentos 4 recámaras en Narvarte Poniente hasta $30M,narvarte,depto,4,30000000,,3,10,30,9,5,54,
/marketplace?colonia=escandon&precio_max=20000000&recamaras_min=4&tipo=depto,Departamentos 4 recámaras en Escandón hasta $20M,escandon,depto,4,20000000,,3,10,30,9,5,54,
/marketplace?colonia=escandon&precio_max=30000000&recamaras_min=4&tipo=depto,Departamentos 4 recámaras en Escandón hasta $30M,escandon,depto,4,30000000,,3,10,30,9,5,54,
/marketplace?colonia=anzures&precio_max=30000000&recamaras_min=4&tipo=depto,Departamentos 4 recámaras en Anzures hasta $30M,anzures,depto,4,30000000,,3,10,30,9,5,54,
/marketplace?colonia=roma-sur&precio_max=20000000&recamaras_min=4&tipo=depto,Departamentos 4 recámaras en Roma Sur hasta $20M,roma-sur,depto,4,20000000,,3,10,30,9,5,54,
/marketplace?colonia=roma-sur&precio_max=30000000&recamaras_min=4&tipo=depto,Departamentos 4 recámaras en Roma Sur hasta $30M,roma-sur,depto,4,30000000,,3,10,30,9,5,54,
/marketplace?colonia=doctores&recamaras_min=3&stage=entrega_inmediata,Departamentos 3 recámaras en Doctores entrega inmediata,doctores,,3,,entrega_inmediata,4,13,26,7,8,54,
/marketplace?colonia=doctores&tipo=depto,Departamentos en Doctores,doctores,depto,,,,4,25,17,6,5,53,
/marketplace?colonia=juarez&recamaras_min=4,Departamentos 4 recámaras en Juárez,juarez,,4,,,3,15,23,9,5,52,
/marketplace?colonia=cuauhtemoc&recamaras_min=4,Departamentos 4 recámaras en Cuauhtémoc,cuauhtemoc,,4,,,3,15,23,9,5,52,
/marketplace?colonia=del-valle-centro&recamaras_min=4,Departamentos 4 recámaras en Del Valle Centro,del-valle-centro,,4,,,3,15,23,9,5,52,
/marketplace?colonia=narvarte&recamaras_min=4,Departamentos 4 recámaras en Narvarte Poniente,narvarte,,4,,,3,15,23,9,5,52,
/marketplace?colonia=escandon&recamaras_min=4,Departamentos 4 recámaras en Escandón,escandon,,4,,,3,15,23,9,5,52,
/marketplace?colonia=anzures&recamaras_min=4,Departamentos 4 recámaras en Anzures,anzures,,4,,,3,15,23,9,5,52,
/marketplace?colonia=roma-sur&recamaras_min=4,Departamentos 4 recámaras en Roma Sur,roma-sur,,4,,,3,15,23,9,5,52,
/marketplace?colonia=juarez&recamaras_min=4&stage=en_construccion,Departamentos 4 recámaras en Juárez,juarez,,4,,en_construccion,3,15,23,9,5,52,
/marketplace?colonia=cuauhtemoc&recamaras_min=4&stage=en_construccion,Departamentos 4 recámaras en Cuauhtémoc,cuauhtemoc,,4,,en_construccion,3,15,23,9,5,52,
/marketplace?colonia=del-valle-centro&recamaras_min=4&stage=en_construccion,Departamentos 4 recámaras en Del Valle Centro,del-valle-centro,,4,,en_construccion,3,15,23,9,5,52,
/marketplace?colonia=narvarte&recamaras_min=4&stage=en_construccion,Departamentos 4 recámaras en Narvarte Poniente,narvarte,,4,,en_construccion,3,15,23,9,5,52,
/marketplace?colonia=escandon&recamaras_min=4&stage=en_construccion,Departamentos 4 recámaras en Escandón,escandon,,4,,en_construccion,3,15,23,9,5,52,
/marketplace?colonia=anzures&recamaras_min=4&stage=en_construccion,Departamentos 4 recámaras en Anzures,anzures,,4,,en_construccion,3,15,23,9,5,52,
/marketplace?colonia=roma-sur&recamaras_min=4&stage=en_construccion,Departamentos 4 recámaras en Roma Sur,roma-sur,,4,,en_construccion,3,15,23,9,5,52,
/marketplace?colonia=doctores,Departamentos en Doctores,doctores,,,,,4,25,15,6,5,51,
/marketplace?colonia=roma-norte&precio_max=3000000&recamaras_min=1&tipo=casa,Casas 1 recámaras en Roma Norte hasta $3M,roma-norte,casa,1,3000000,,2,0,30,16,5,51,
/marketplace?colonia=roma-norte&precio_max=5000000&recamaras_min=1&tipo=casa,Casas 1 recámaras en Roma Norte hasta $5M,roma-norte,casa,1,5000000,,2,0,30,16,5,51,
/marketplace?colonia=roma-norte&precio_max=8000000&recamaras_min=1&tipo=casa,Casas 1 recámaras en Roma Norte hasta $8M,roma-norte,casa,1,8000000,,2,0,30,16,5,51,
/marketplace?colonia=roma-norte&precio_max=12000000&recamaras_min=1&tipo=casa,Casas 1 recámaras en Roma Norte hasta $12M,roma-norte,casa,1,12000000,,2,0,30,16,5,51,
/marketplace?colonia=roma-norte&precio_max=15000000&recamaras_min=1&tipo=casa,Casas 1 recámaras en Roma Norte hasta $15M,roma-norte,casa,1,15000000,,2,0,30,16,5,51,
/marketplace?colonia=roma-norte&precio_max=20000000&recamaras_min=1&tipo=casa,Casas 1 recámaras en Roma Norte hasta $20M,roma-norte,casa,1,20000000,,2,0,30,16,5,51,
/marketplace?colonia=roma-norte&precio_max=30000000&recamaras_min=1&tipo=casa,Casas 1 recámaras en Roma Norte hasta $30M,roma-norte,casa,1,30000000,,2,0,30,16,5,51,
/marketplace?colonia=condesa&precio_max=3000000&recamaras_min=1&tipo=casa,Casas 1 recámaras en Condesa hasta $3M,condesa,casa,1,3000000,,2,0,30,16,5,51,
/marketplace?colonia=condesa&precio_max=5000000&recamaras_min=1&tipo=casa,Casas 1 recámaras en Condesa hasta $5M,condesa,casa,1,5000000,,2,0,30,16,5,51,
/marketplace?colonia=condesa&precio_max=8000000&recamaras_min=1&tipo=casa,Casas 1 recámaras en Condesa hasta $8M,condesa,casa,1,8000000,,2,0,30,16,5,51,
/marketplace?colonia=condesa&precio_max=12000000&recamaras_min=1&tipo=casa,Casas 1 recámaras en Condesa hasta $12M,condesa,casa,1,12000000,,2,0,30,16,5,51,
/marketplace?colonia=condesa&precio_max=15000000&recamaras_min=1&tipo=casa,Casas 1 recámaras en Condesa hasta $15M,condesa,casa,1,15000000,,2,0,30,16,5,51,
/marketplace?colonia=condesa&precio_max=20000000&recamaras_min=1&tipo=casa,Casas 1 recámaras en Condesa hasta $20M,condesa,casa,1,20000000,,2,0,30,16,5,51,
/marketplace?colonia=condesa&precio_max=30000000&recamaras_min=1&tipo=casa,Casas 1 recámaras en Condesa hasta $30M,condesa,casa,1,30000000,,2,0,30,16,5,51,
/marketplace?colonia=coyoacan-centro&precio_max=3000000&recamaras_min=1&tipo=loft,Lofts 1 recámaras en Coyoacán Centro hasta $3M,coyoacan-centro,loft,1,3000000,,2,0,30,16,5,51,
/marketplace?colonia=coyoacan-centro&precio_max=5000000&recamaras_min=1&tipo=loft,Lofts 1 recámaras en Coyoacán Centro hasta $5M,coyoacan-centro,loft,1,5000000,,2,0,30,16,5,51,
/marketplace?colonia=coyoacan-centro&precio_max=8000000&recamaras_min=1&tipo=loft,Lofts 1 recámaras en Coyoacán Centro hasta $8M,coyoacan-centro,loft,1,8000000,,2,0,30,16,5,51,
/marketplace?colonia=coyoacan-centro&precio_max=12000000&recamaras_min=1&tipo=loft,Lofts 1 recámaras en Coyoacán Centro hasta $12M,coyoacan-centro,loft,1,12000000,,2,0,30,16,5,51,
/marketplace?colonia=coyoacan-centro&precio_max=15000000&recamaras_min=1&tipo=loft,Lofts 1 recámaras en Coyoacán Centro hasta $15M,coyoacan-centro,loft,1,15000000,,2,0,30,16,5,51,
/marketplace?colonia=coyoacan-centro&precio_max=20000000&recamaras_min=1&tipo=loft,Lofts 1 recámaras en Coyoacán Centro hasta $20M,coyoacan-centro,loft,1,20000000,,2,0,30,16,5,51,
/marketplace?colonia=coyoacan-centro&precio_max=30000000&recamaras_min=1&tipo=loft,Lofts 1 recámaras en Coyoacán Centro hasta $30M,coyoacan-centro,loft,1,30000000,,2,0,30,16,5,51,
/marketplace?colonia=santa-fe&precio_max=3000000&recamaras_min=1&tipo=casa,Casas 1 recámaras en Santa Fe hasta $3M,santa-fe,casa,1,3000000,,2,0,30,16,5,51,
/marketplace?colonia=santa-fe&precio_max=5000000&recamaras_min=1&tipo=casa,Casas 1 recámaras en Santa Fe hasta $5M,santa-fe,casa,1,5000000,,2,0,30,16,5,51,
/marketplace?colonia=santa-fe&precio_max=8000000&recamaras_min=1&tipo=casa,Casas 1 recámaras en Santa Fe hasta $8M,santa-fe,casa,1,8000000,,2,0,30,16,5,51,
/marketplace?colonia=santa-fe&precio_max=12000000&recamaras_min=1&tipo=casa,Casas 1 recámaras en Santa Fe hasta $12M,santa-fe,casa,1,12000000,,2,0,30,16,5,51,
/marketplace?colonia=santa-fe&precio_max=15000000&recamaras_min=1&tipo=casa,Casas 1 recámaras en Santa Fe hasta $15M,santa-fe,casa,1,15000000,,2,0,30,16,5,51,
/marketplace?colonia=santa-fe&precio_max=20000000&recamaras_min=1&tipo=casa,Casas 1 recámaras en Santa Fe hasta $20M,santa-fe,casa,1,20000000,,2,0,30,16,5,51,
/marketplace?colonia=santa-fe&precio_max=30000000&recamaras_min=1&tipo=casa,Casas 1 recámaras en Santa Fe hasta $30M,santa-fe,casa,1,30000000,,2,0,30,16,5,51,
/marketplace?colonia=santa-fe&precio_max=3000000&recamaras_min=1&tipo=loft,Lofts 1 recámaras en Santa Fe hasta $3M,santa-fe,loft,1,3000000,,2,0,30,16,5,51,
/marketplace?colonia=santa-fe&precio_max=5000000&recamaras_min=1&tipo=loft,Lofts 1 recámaras en Santa Fe hasta $5M,santa-fe,loft,1,5000000,,2,0,30,16,5,51,
/marketplace?colonia=santa-fe&precio_max=8000000&recamaras_min=1&tipo=loft,Lofts 1 recámaras en Santa Fe hasta $8M,santa-fe,loft,1,8000000,,2,0,30,16,5,51,
/marketplace?colonia=santa-fe&precio_max=12000000&recamaras_min=1&tipo=loft,Lofts 1 recámaras en Santa Fe hasta $12M,santa-fe,loft,1,12000000,,2,0,30,16,5,51,
/marketplace?colonia=santa-fe&precio_max=15000000&recamaras_min=1&tipo=loft,Lofts 1 recámaras en Santa Fe hasta $15M,santa-fe,loft,1,15000000,,2,0,30,16,5,51,
/marketplace?colonia=santa-fe&precio_max=20000000&recamaras_min=1&tipo=loft,Lofts 1 recámaras en Santa Fe hasta $20M,santa-fe,loft,1,20000000,,2,0,30,16,5,51,
/marketplace?colonia=santa-fe&precio_max=30000000&recamaras_min=1&tipo=loft,Lofts 1 recámaras en Santa Fe hasta $30M,santa-fe,loft,1,30000000,,2,0,30,16,5,51,
/marketplace?colonia=napoles&precio_max=3000000&recamaras_min=1&tipo=casa,Casas 1 recámaras en Nápoles hasta $3M,napoles,casa,1,3000000,,2,0,30,16,5,51,
/marketplace?colonia=napoles&precio_max=5000000&recamaras_min=1&tipo=casa,Casas 1 recámaras en Nápoles hasta $5M,napoles,casa,1,5000000,,2,0,30,16,5,51,
/marketplace?colonia=napoles&precio_max=8000000&recamaras_min=1&tipo=casa,Casas 1 recámaras en Nápoles hasta $8M,napoles,casa,1,8000000,,2,0,30,16,5,51,
/marketplace?colonia=napoles&precio_max=12000000&recamaras_min=1&tipo=casa,Casas 1 recámaras en Nápoles hasta $12M,napoles,casa,1,12000000,,2,0,30,16,5,51,
/marketplace?colonia=napoles&precio_max=15000000&recamaras_min=1&tipo=casa,Casas 1 recámaras en Nápoles hasta $15M,napoles,casa,1,15000000,,2,0,30,16,5,51,
/marketplace?colonia=napoles&precio_max=20000000&recamaras_min=1&tipo=casa,Casas 1 recámaras en Nápoles hasta $20M,napoles,casa,1,20000000,,2,0,30,16,5,51,
/marketplace?colonia=napoles&precio_max=30000000&recamaras_min=1&tipo=casa,Casas 1 recámaras en Nápoles hasta $30M,napoles,casa,1,30000000,,2,0,30,16,5,51,
/marketplace?colonia=napoles&precio_max=3000000&recamaras_min=1&tipo=loft,Lofts 1 recámaras en Nápoles hasta $3M,napoles,loft,1,3000000,,2,0,30,16,5,51,
/marketplace?colonia=napoles&precio_max=5000000&recamaras_min=1&tipo=loft,Lofts 1 recámaras en Nápoles hasta $5M,napoles,loft,1,5000000,,2,0,30,16,5,51,
/marketplace?colonia=napoles&precio_max=8000000&recamaras_min=1&tipo=loft,Lofts 1 recámaras en Nápoles hasta $8M,napoles,loft,1,8000000,,2,0,30,16,5,51,
/marketplace?colonia=napoles&precio_max=12000000&recamaras_min=1&tipo=loft,Lofts 1 recámaras en Nápoles hasta $12M,napoles,loft,1,12000000,,2,0,30,16,5,51,
/marketplace?colonia=napoles&precio_max=15000000&recamaras_min=1&tipo=loft,Lofts 1 recámaras en Nápoles hasta $15M,napoles,loft,1,15000000,,2,0,30,16,5,51,
/marketplace?colonia=napoles&precio_max=20000000&recamaras_min=1&tipo=loft,Lofts 1 recámaras en Nápoles hasta $20M,napoles,loft,1,20000000,,2,0,30,16,5,51,
/marketplace?colonia=napoles&precio_max=30000000&recamaras_min=1&tipo=loft,Lofts 1 recámaras en Nápoles hasta $30M,napoles,loft,1,30000000,,2,0,30,16,5,51,
/marketplace?colonia=doctores&stage=en_construccion,Departamentos en Doctores,doctores,,,,en_construccion,4,25,15,6,5,51,
/marketplace?colonia=doctores&precio_max=8000000&recamaras_min=3,Departamentos 3 recámaras en Doctores hasta $8M,doctores,,3,8000000,,4,8,30,7,5,50,
/marketplace?colonia=doctores&precio_max=12000000&recamaras_min=3,Departamentos 3 recámaras en Doctores hasta $12M,doctores,,3,12000000,,4,8,30,7,5,50,
/marketplace?colonia=doctores&precio_max=15000000&recamaras_min=3,Departamentos 3 recámaras en Doctores hasta $15M,doctores,,3,15000000,,4,8,30,7,5,50,
/marketplace?colonia=doctores&precio_max=20000000&recamaras_min=3,Departamentos 3 recámaras en Doctores hasta $20M,doctores,,3,20000000,,4,8,30,7,5,50,
/marketplace?colonia=doctores&precio_max=30000000&recamaras_min=3,Departamentos 3 recámaras en Doctores hasta $30M,doctores,,3,30000000,,4,8,30,7,5,50,
/marketplace?colonia=roma-norte&precio_max=3000000&recamaras_min=4&tipo=casa,Casas 4 recámaras en Roma Norte hasta $3M,roma-norte,casa,4,3000000,,2,0,30,15,5,50,
/marketplace?colonia=roma-norte&precio_max=5000000&recamaras_min=4&tipo=casa,Casas 4 recámaras en Roma Norte hasta $5M,roma-norte,casa,4,5000000,,2,0,30,15,5,50,
/marketplace?colonia=roma-norte&precio_max=8000000&recamaras_min=4&tipo=casa,Casas 4 recámaras en Roma Norte hasta $8M,roma-norte,casa,4,8000000,,2,0,30,15,5,50,
/marketplace?colonia=roma-norte&precio_max=12000000&recamaras_min=4&tipo=casa,Casas 4 recámaras en Roma Norte hasta $12M,roma-norte,casa,4,12000000,,2,0,30,15,5,50,
/marketplace?colonia=roma-norte&precio_max=15000000&recamaras_min=4&tipo=casa,Casas 4 recámaras en Roma Norte hasta $15M,roma-norte,casa,4,15000000,,2,0,30,15,5,50,
/marketplace?colonia=roma-norte&precio_max=20000000&recamaras_min=4&tipo=casa,Casas 4 recámaras en Roma Norte hasta $20M,roma-norte,casa,4,20000000,,2,0,30,15,5,50,
/marketplace?colonia=roma-norte&precio_max=30000000&recamaras_min=4&tipo=casa,Casas 4 recámaras en Roma Norte hasta $30M,roma-norte,casa,4,30000000,,2,0,30,15,5,50,
/marketplace?colonia=condesa&precio_max=3000000&recamaras_min=4&tipo=casa,Casas 4 recámaras en Condesa hasta $3M,condesa,casa,4,3000000,,2,0,30,15,5,50,
/marketplace?colonia=condesa&precio_max=5000000&recamaras_min=4&tipo=casa,Casas 4 recámaras en Condesa hasta $5M,condesa,casa,4,5000000,,2,0,30,15,5,50,
/marketplace?colonia=condesa&precio_max=8000000&recamaras_min=4&tipo=casa,Casas 4 recámaras en Condesa hasta $8M,condesa,casa,4,8000000,,2,0,30,15,5,50,
/marketplace?colonia=condesa&precio_max=12000000&recamaras_min=4&tipo=casa,Casas 4 recámaras en Condesa hasta $12M,condesa,casa,4,12000000,,2,0,30,15,5,50,
/marketplace?colonia=condesa&precio_max=15000000&recamaras_min=4&tipo=casa,Casas 4 recámaras en Condesa hasta $15M,condesa,casa,4,15000000,,2,0,30,15,5,50,
/marketplace?colonia=condesa&precio_max=20000000&recamaras_min=4&tipo=casa,Casas 4 recámaras en Condesa hasta $20M,condesa,casa,4,20000000,,2,0,30,15,5,50,
/marketplace?colonia=condesa&precio_max=30000000&recamaras_min=4&tipo=casa,Casas 4 recámaras en Condesa hasta $30M,condesa,casa,4,30000000,,2,0,30,15,5,50,
/marketplace?colonia=coyoacan-centro&precio_max=3000000&recamaras_min=4&tipo=loft,Lofts 4 recámaras en Coyoacán Centro hasta $3M,coyoacan-centro,loft,4,3000000,,2,0,30,15,5,50,
/marketplace?colonia=coyoacan-centro&precio_max=5000000&recamaras_min=4&tipo=loft,Lofts 4 recámaras en Coyoacán Centro hasta $5M,coyoacan-centro,loft,4,5000000,,2,0,30,15,5,50,
/marketplace?colonia=coyoacan-centro&precio_max=8000000&recamaras_min=4&tipo=loft,Lofts 4 recámaras en Coyoacán Centro hasta $8M,coyoacan-centro,loft,4,8000000,,2,0,30,15,5,50,
/marketplace?colonia=coyoacan-centro&precio_max=12000000&recamaras_min=4&tipo=loft,Lofts 4 recámaras en Coyoacán Centro hasta $12M,coyoacan-centro,loft,4,12000000,,2,0,30,15,5,50,
/marketplace?colonia=coyoacan-centro&precio_max=15000000&recamaras_min=4&tipo=loft,Lofts 4 recámaras en Coyoacán Centro hasta $15M,coyoacan-centro,loft,4,15000000,,2,0,30,15,5,50,
/marketplace?colonia=coyoacan-centro&precio_max=20000000&recamaras_min=4&tipo=loft,Lofts 4 recámaras en Coyoacán Centro hasta $20M,coyoacan-centro,loft,4,20000000,,2,0,30,15,5,50,
/marketplace?colonia=coyoacan-centro&precio_max=30000000&recamaras_min=4&tipo=loft,Lofts 4 recámaras en Coyoacán Centro hasta $30M,coyoacan-centro,loft,4,30000000,,2,0,30,15,5,50,
/marketplace?colonia=santa-fe&precio_max=3000000&recamaras_min=4&tipo=casa,Casas 4 recámaras en Santa Fe hasta $3M,santa-fe,casa,4,3000000,,2,0,30,15,5,50,
/marketplace?colonia=santa-fe&precio_max=5000000&recamaras_min=4&tipo=casa,Casas 4 recámaras en Santa Fe hasta $5M,santa-fe,casa,4,5000000,,2,0,30,15,5,50,
/marketplace?colonia=santa-fe&precio_max=8000000&recamaras_min=4&tipo=casa,Casas 4 recámaras en Santa Fe hasta $8M,santa-fe,casa,4,8000000,,2,0,30,15,5,50,
/marketplace?colonia=santa-fe&precio_max=12000000&recamaras_min=4&tipo=casa,Casas 4 recámaras en Santa Fe hasta $12M,santa-fe,casa,4,12000000,,2,0,30,15,5,50,
/marketplace?colonia=santa-fe&precio_max=15000000&recamaras_min=4&tipo=casa,Casas 4 recámaras en Santa Fe hasta $15M,santa-fe,casa,4,15000000,,2,0,30,15,5,50,
/marketplace?colonia=santa-fe&precio_max=20000000&recamaras_min=4&tipo=casa,Casas 4 recámaras en Santa Fe hasta $20M,santa-fe,casa,4,20000000,,2,0,30,15,5,50,
/marketplace?colonia=santa-fe&precio_max=30000000&recamaras_min=4&tipo=casa,Casas 4 recámaras en Santa Fe hasta $30M,santa-fe,casa,4,30000000,,2,0,30,15,5,50,
/marketplace?colonia=santa-fe&precio_max=3000000&recamaras_min=4&tipo=loft,Lofts 4 recámaras en Santa Fe hasta $3M,santa-fe,loft,4,3000000,,2,0,30,15,5,50,
/marketplace?colonia=santa-fe&precio_max=5000000&recamaras_min=4&tipo=loft,Lofts 4 recámaras en Santa Fe hasta $5M,santa-fe,loft,4,5000000,,2,0,30,15,5,50,
/marketplace?colonia=santa-fe&precio_max=8000000&recamaras_min=4&tipo=loft,Lofts 4 recámaras en Santa Fe hasta $8M,santa-fe,loft,4,8000000,,2,0,30,15,5,50,
/marketplace?colonia=santa-fe&precio_max=12000000&recamaras_min=4&tipo=loft,Lofts 4 recámaras en Santa Fe hasta $12M,santa-fe,loft,4,12000000,,2,0,30,15,5,50,
/marketplace?colonia=santa-fe&precio_max=15000000&recamaras_min=4&tipo=loft,Lofts 4 recámaras en Santa Fe hasta $15M,santa-fe,loft,4,15000000,,2,0,30,15,5,50,
/marketplace?colonia=santa-fe&precio_max=20000000&recamaras_min=4&tipo=loft,Lofts 4 recámaras en Santa Fe hasta $20M,santa-fe,loft,4,20000000,,2,0,30,15,5,50,
/marketplace?colonia=santa-fe&precio_max=30000000&recamaras_min=4&tipo=loft,Lofts 4 recámaras en Santa Fe hasta $30M,santa-fe,loft,4,30000000,,2,0,30,15,5,50,
/marketplace?colonia=napoles&precio_max=3000000&recamaras_min=4&tipo=casa,Casas 4 recámaras en Nápoles hasta $3M,napoles,casa,4,3000000,,2,0,30,15,5,50,
/marketplace?colonia=napoles&precio_max=5000000&recamaras_min=4&tipo=casa,Casas 4 recámaras en Nápoles hasta $5M,napoles,casa,4,5000000,,2,0,30,15,5,50,
/marketplace?colonia=napoles&precio_max=8000000&recamaras_min=4&tipo=casa,Casas 4 recámaras en Nápoles hasta $8M,napoles,casa,4,8000000,,2,0,30,15,5,50,
/marketplace?colonia=napoles&precio_max=12000000&recamaras_min=4&tipo=casa,Casas 4 recámaras en Nápoles hasta $12M,napoles,casa,4,12000000,,2,0,30,15,5,50,
/marketplace?colonia=napoles&precio_max=15000000&recamaras_min=4&tipo=casa,Casas 4 recámaras en Nápoles hasta $15M,napoles,casa,4,15000000,,2,0,30,15,5,50,
/marketplace?colonia=napoles&precio_max=20000000&recamaras_min=4&tipo=casa,Casas 4 recámaras en Nápoles hasta $20M,napoles,casa,4,20000000,,2,0,30,15,5,50,
/marketplace?colonia=napoles&precio_max=30000000&recamaras_min=4&tipo=casa,Casas 4 recámaras en Nápoles hasta $30M,napoles,casa,4,30000000,,2,0,30,15,5,50,
/marketplace?colonia=napoles&precio_max=3000000&recamaras_min=4&tipo=loft,Lofts 4 recámaras en Nápoles hasta $3M,napoles,loft,4,3000000,,2,0,30,15,5,50,
/marketplace?colonia=napoles&precio_max=5000000&recamaras_min=4&tipo=loft,Lofts 4 recámaras en Nápoles hasta $5M,napoles,loft,4,5000000,,2,0,30,15,5,50,
/marketplace?colonia=napoles&precio_max=8000000&recamaras_min=4&tipo=loft,Lofts 4 recámaras en Nápoles hasta $8M,napoles,loft,4,8000000,,2,0,30,15,5,50,
/marketplace?colonia=napoles&precio_max=12000000&recamaras_min=4&tipo=loft,Lofts 4 recámaras en Nápoles hasta $12M,napoles,loft,4,12000000,,2,0,30,15,5,50,
/marketplace?colonia=napoles&precio_max=15000000&recamaras_min=4&tipo=loft,Lofts 4 recámaras en Nápoles hasta $15M,napoles,loft,4,15000000,,2,0,30,15,5,50,
/marketplace?colonia=napoles&precio_max=20000000&recamaras_min=4&tipo=loft,Lofts 4 recámaras en Nápoles hasta $20M,napoles,loft,4,20000000,,2,0,30,15,5,50,
/marketplace?colonia=napoles&precio_max=30000000&recamaras_min=4&tipo=loft,Lofts 4 recámaras en Nápoles hasta $30M,napoles,loft,4,30000000,,2,0,30,15,5,50,
/marketplace?colonia=juarez&precio_max=3000000&recamaras_min=2&tipo=casa,Casas 2 recámaras en Juárez hasta $3M,juarez,casa,2,3000000,,3,0,30,15,5,50,
/marketplace?colonia=juarez&precio_max=5000000&recamaras_min=2&tipo=casa,Casas 2 recámaras en Juárez hasta $5M,juarez,casa,2,5000000,,3,0,30,15,5,50,
/marketplace?colonia=juarez&precio_max=8000000&recamaras_min=2&tipo=casa,Casas 2 recámaras en Juárez hasta $8M,juarez,casa,2,8000000,,3,0,30,15,5,50,
/marketplace?colonia=juarez&precio_max=12000000&recamaras_min=2&tipo=casa,Casas 2 recámaras en Juárez hasta $12M,juarez,casa,2,12000000,,3,0,30,15,5,50,
/marketplace?colonia=juarez&precio_max=15000000&recamaras_min=2&tipo=casa,Casas 2 recámaras en Juárez hasta $15M,juarez,casa,2,15000000,,3,0,30,15,5,50,
/marketplace?colonia=juarez&precio_max=20000000&recamaras_min=2&tipo=casa,Casas 2 recámaras en Juárez hasta $20M,juarez,casa,2,20000000,,3,0,30,15,5,50,
/marketplace?colonia=juarez&precio_max=30000000&recamaras_min=2&tipo=casa,Casas 2 recámaras en Juárez hasta $30M,juarez,casa,2,30000000,,3,0,30,15,5,50,
/marketplace?colonia=cuauhtemoc&precio_max=3000000&recamaras_min=2&tipo=casa,Casas 2 recámaras en Cuauhtémoc hasta $3M,cuauhtemoc,casa,2,3000000,,3,0,30,15,5,50,
/marketplace?colonia=cuauhtemoc&precio_max=5000000&recamaras_min=2&tipo=casa,Casas 2 recámaras en Cuauhtémoc hasta $5M,cuauhtemoc,casa,2,5000000,,3,0,30,15,5,50,
/marketplace?colonia=cuauhtemoc&precio_max=8000000&recamaras_min=2&tipo=casa,Casas 2 recámaras en Cuauhtémoc hasta $8M,cuauhtemoc,casa,2,8000000,,3,0,30,15,5,50,
/marketplace?colonia=cuauhtemoc&precio_max=12000000&recamaras_min=2&tipo=casa,Casas 2 recámaras en Cuauhtémoc hasta $12M,cuauhtemoc,casa,2,12000000,,3,0,30,15,5,50,
/marketplace?colonia=cuauhtemoc&precio_max=15000000&recamaras_min=2&tipo=casa,Casas 2 recámaras en Cuauhtémoc hasta $15M,cuauhtemoc,casa,2,15000000,,3,0,30,15,5,50,
/marketplace?colonia=cuauhtemoc&precio_max=20000000&recamaras_min=2&tipo=casa,Casas 2 recámaras en Cuauhtémoc hasta $20M,cuauhtemoc,casa,2,20000000,,3,0,30,15,5,50,
/marketplace?colonia=cuauhtemoc&precio_max=30000000&recamaras_min=2&tipo=casa,Casas 2 recámaras en Cuauhtémoc hasta $30M,cuauhtemoc,casa,2,30000000,,3,0,30,15,5,50,
/marketplace?colonia=del-valle-centro&precio_max=3000000&recamaras_min=2&tipo=casa,Casas 2 recámaras en Del Valle Centro hasta $3M,del-valle-centro,casa,2,3000000,,3,0,30,15,5,50,
/marketplace?colonia=del-valle-centro&precio_max=5000000&recamaras_min=2&tipo=casa,Casas 2 recámaras en Del Valle Centro hasta $5M,del-valle-centro,casa,2,5000000,,3,0,30,15,5,50,
/marketplace?colonia=del-valle-centro&precio_max=8000000&recamaras_min=2&tipo=casa,Casas 2 recámaras en Del Valle Centro hasta $8M,del-valle-centro,casa,2,8000000,,3,0,30,15,5,50,
/marketplace?colonia=del-valle-centro&precio_max=12000000&recamaras_min=2&tipo=casa,Casas 2 recámaras en Del Valle Centro hasta $12M,del-valle-centro,casa,2,12000000,,3,0,30,15,5,50,
/marketplace?colonia=del-valle-centro&precio_max=15000000&recamaras_min=2&tipo=casa,Casas 2 recámaras en Del Valle Centro hasta $15M,del-valle-centro,casa,2,15000000,,3,0,30,15,5,50,
/marketplace?colonia=del-valle-centro&precio_max=20000000&recamaras_min=2&tipo=casa,Casas 2 recámaras en Del Valle Centro hasta $20M,del-valle-centro,casa,2,20000000,,3,0,30,15,5,50,
/marketplace?colonia=del-valle-centro&precio_max=30000000&recamaras_min=2&tipo=casa,Casas 2 recámaras en Del Valle Centro hasta $30M,del-valle-centro,casa,2,30000000,,3,0,30,15,5,50,
/marketplace?colonia=del-valle-centro&precio_max=3000000&recamaras_min=2&tipo=loft,Lofts 2 recámaras en Del Valle Centro hasta $3M,del-valle-centro,loft,2,3000000,,3,0,30,15,5,50,
/marketplace?colonia=del-valle-centro&precio_max=5000000&recamaras_min=2&tipo=loft,Lofts 2 recámaras en Del Valle Centro hasta $5M,del-valle-centro,loft,2,5000000,,3,0,30,15,5,50,
/marketplace?colonia=del-valle-centro&precio_max=8000000&recamaras_min=2&tipo=loft,Lofts 2 recámaras en Del Valle Centro hasta $8M,del-valle-centro,loft,2,8000000,,3,0,30,15,5,50,
/marketplace?colonia=del-valle-centro&precio_max=12000000&recamaras_min=2&tipo=loft,Lofts 2 recámaras en Del Valle Centro hasta $12M,del-valle-centro,loft,2,12000000,,3,0,30,15,5,50,
/marketplace?colonia=del-valle-centro&precio_max=15000000&recamaras_min=2&tipo=loft,Lofts 2 recámaras en Del Valle Centro hasta $15M,del-valle-centro,loft,2,15000000,,3,0,30,15,5,50,
/marketplace?colonia=del-valle-centro&precio_max=20000000&recamaras_min=2&tipo=loft,Lofts 2 recámaras en Del Valle Centro hasta $20M,del-valle-centro,loft,2,20000000,,3,0,30,15,5,50,
/marketplace?colonia=del-valle-centro&precio_max=30000000&recamaras_min=2&tipo=loft,Lofts 2 recámaras en Del Valle Centro hasta $30M,del-valle-centro,loft,2,30000000,,3,0,30,15,5,50,
/marketplace?colonia=narvarte&precio_max=3000000&recamaras_min=2&tipo=casa,Casas 2 recámaras en Narvarte Poniente hasta $3M,narvarte,casa,2,3000000,,3,0,30,15,5,50,
/marketplace?colonia=narvarte&precio_max=5000000&recamaras_min=2&tipo=casa,Casas 2 recámaras en Narvarte Poniente hasta $5M,narvarte,casa,2,5000000,,3,0,30,15,5,50,
/marketplace?colonia=narvarte&precio_max=8000000&recamaras_min=2&tipo=casa,Casas 2 recámaras en Narvarte Poniente hasta $8M,narvarte,casa,2,8000000,,3,0,30,15,5,50,
/marketplace?colonia=narvarte&precio_max=12000000&recamaras_min=2&tipo=casa,Casas 2 recámaras en Narvarte Poniente hasta $12M,narvarte,casa,2,12000000,,3,0,30,15,5,50,
/marketplace?colonia=narvarte&precio_max=15000000&recamaras_min=2&tipo=casa,Casas 2 recámaras en Narvarte Poniente hasta $15M,narvarte,casa,2,15000000,,3,0,30,15,5,50,
/marketplace?colonia=narvarte&precio_max=20000000&recamaras_min=2&tipo=casa,Casas 2 recámaras en Narvarte Poniente hasta $20M,narvarte,casa,2,20000000,,3,0,30,15,5,50,
/marketplace?colonia=narvarte&precio_max=30000000&recamaras_min=2&tipo=casa,Casas 2 recámaras en Narvarte Poniente hasta $30M,narvarte,casa,2,30000000,,3,0,30,15,5,50,
/marketplace?colonia=narvarte&precio_max=3000000&recamaras_min=2&tipo=loft,Lofts 2 recámaras en Narvarte Poniente hasta $3M,narvarte,loft,2,3000000,,3,0,30,15,5,50,
/marketplace?colonia=narvarte&precio_max=5000000&recamaras_min=2&tipo=loft,Lofts 2 recámaras en Narvarte Poniente hasta $5M,narvarte,loft,2,5000000,,3,0,30,15,5,50,
/marketplace?colonia=narvarte&precio_max=8000000&recamaras_min=2&tipo=loft,Lofts 2 recámaras en Narvarte Poniente hasta $8M,narvarte,loft,2,8000000,,3,0,30,15,5,50,
/marketplace?colonia=narvarte&precio_max=12000000&recamaras_min=2&tipo=loft,Lofts 2 recámaras en Narvarte Poniente hasta $12M,narvarte,loft,2,12000000,,3,0,30,15,5,50,
/marketplace?colonia=narvarte&precio_max=15000000&recamaras_min=2&tipo=loft,Lofts 2 recámaras en Narvarte Poniente hasta $15M,narvarte,loft,2,15000000,,3,0,30,15,5,50,
/marketplace?colonia=narvarte&precio_max=20000000&recamaras_min=2&tipo=loft,Lofts 2 recámaras en Narvarte Poniente hasta $20M,narvarte,loft,2,20000000,,3,0,30,15,5,50,
/marketplace?colonia=narvarte&precio_max=30000000&recamaras_min=2&tipo=loft,Lofts 2 recámaras en Narvarte Poniente hasta $30M,narvarte,loft,2,30000000,,3,0,30,15,5,50,
/marketplace?colonia=escandon&precio_max=3000000&recamaras_min=2&tipo=casa,Casas 2 recámaras en Escandón hasta $3M,escandon,casa,2,3000000,,3,0,30,15,5,50,
/marketplace?colonia=escandon&precio_max=5000000&recamaras_min=2&tipo=casa,Casas 2 recámaras en Escandón hasta $5M,escandon,casa,2,5000000,,3,0,30,15,5,50,
/marketplace?colonia=escandon&precio_max=8000000&recamaras_min=2&tipo=casa,Casas 2 recámaras en Escandón hasta $8M,escandon,casa,2,8000000,,3,0,30,15,5,50,
/marketplace?colonia=escandon&precio_max=12000000&recamaras_min=2&tipo=casa,Casas 2 recámaras en Escandón hasta $12M,escandon,casa,2,12000000,,3,0,30,15,5,50,
/marketplace?colonia=escandon&precio_max=15000000&recamaras_min=2&tipo=casa,Casas 2 recámaras en Escandón hasta $15M,escandon,casa,2,15000000,,3,0,30,15,5,50,
/marketplace?colonia=escandon&precio_max=20000000&recamaras_min=2&tipo=casa,Casas 2 recámaras en Escandón hasta $20M,escandon,casa,2,20000000,,3,0,30,15,5,50,
/marketplace?colonia=escandon&precio_max=30000000&recamaras_min=2&tipo=casa,Casas 2 recámaras en Escandón hasta $30M,escandon,casa,2,30000000,,3,0,30,15,5,50,
/marketplace?colonia=escandon&precio_max=3000000&recamaras_min=2&tipo=loft,Lofts 2 recámaras en Escandón hasta $3M,escandon,loft,2,3000000,,3,0,30,15,5,50,
/marketplace?colonia=escandon&precio_max=5000000&recamaras_min=2&tipo=loft,Lofts 2 recámaras en Escandón hasta $5M,escandon,loft,2,5000000,,3,0,30,15,5,50,
/marketplace?colonia=escandon&precio_max=8000000&recamaras_min=2&tipo=loft,Lofts 2 recámaras en Escandón hasta $8M,escandon,loft,2,8000000,,3,0,30,15,5,50,
/marketplace?colonia=escandon&precio_max=12000000&recamaras_min=2&tipo=loft,Lofts 2 recámaras en Escandón hasta $12M,escandon,loft,2,12000000,,3,0,30,15,5,50,
/marketplace?colonia=escandon&precio_max=15000000&recamaras_min=2&tipo=loft,Lofts 2 recámaras en Escandón hasta $15M,escandon,loft,2,15000000,,3,0,30,15,5,50,
/marketplace?colonia=escandon&precio_max=20000000&recamaras_min=2&tipo=loft,Lofts 2 recámaras en Escandón hasta $20M,escandon,loft,2,20000000,,3,0,30,15,5,50,
/marketplace?colonia=escandon&precio_max=30000000&recamaras_min=2&tipo=loft,Lofts 2 recámaras en Escandón hasta $30M,escandon,loft,2,30000000,,3,0,30,15,5,50,
/marketplace?colonia=anzures&precio_max=3000000&recamaras_min=2&tipo=casa,Casas 2 recámaras en Anzures hasta $3M,anzures,casa,2,3000000,,3,0,30,15,5,50,
/marketplace?colonia=anzures&precio_max=5000000&recamaras_min=2&tipo=casa,Casas 2 recámaras en Anzures hasta $5M,anzures,casa,2,5000000,,3,0,30,15,5,50,
/marketplace?colonia=anzures&precio_max=8000000&recamaras_min=2&tipo=casa,Casas 2 recámaras en Anzures hasta $8M,anzures,casa,2,8000000,,3,0,30,15,5,50,
/marketplace?colonia=anzures&precio_max=12000000&recamaras_min=2&tipo=casa,Casas 2 recámaras en Anzures hasta $12M,anzures,casa,2,12000000,,3,0,30,15,5,50,
/marketplace?colonia=anzures&precio_max=15000000&recamaras_min=2&tipo=casa,Casas 2 recámaras en Anzures hasta $15M,anzures,casa,2,15000000,,3,0,30,15,5,50,
/marketplace?colonia=anzures&precio_max=20000000&recamaras_min=2&tipo=casa,Casas 2 recámaras en Anzures hasta $20M,anzures,casa,2,20000000,,3,0,30,15,5,50,
/marketplace?colonia=anzures&precio_max=30000000&recamaras_min=2&tipo=casa,Casas 2 recámaras en Anzures hasta $30M,anzures,casa,2,30000000,,3,0,30,15,5,50,
/marketplace?colonia=anzures&precio_max=3000000&recamaras_min=2&tipo=loft,Lofts 2 recámaras en Anzures hasta $3M,anzures,loft,2,3000000,,3,0,30,15,5,50,
/marketplace?colonia=anzures&precio_max=5000000&recamaras_min=2&tipo=loft,Lofts 2 recámaras en Anzures hasta $5M,anzures,loft,2,5000000,,3,0,30,15,5,50,
/marketplace?colonia=anzures&precio_max=8000000&recamaras_min=2&tipo=loft,Lofts 2 recámaras en Anzures hasta $8M,anzures,loft,2,8000000,,3,0,30,15,5,50,
/marketplace?colonia=anzures&precio_max=12000000&recamaras_min=2&tipo=loft,Lofts 2 recámaras en Anzures hasta $12M,anzures,loft,2,12000000,,3,0,30,15,5,50,
/marketplace?colonia=anzures&precio_max=15000000&recamaras_min=2&tipo=loft,Lofts 2 recámaras en Anzures hasta $15M,anzures,loft,2,15000000,,3,0,30,15,5,50,
/marketplace?colonia=anzures&precio_max=20000000&recamaras_min=2&tipo=loft,Lofts 2 recámaras en Anzures hasta $20M,anzures,loft,2,20000000,,3,0,30,15,5,50,
/marketplace?colonia=anzures&precio_max=30000000&recamaras_min=2&tipo=loft,Lofts 2 recámaras en Anzures hasta $30M,anzures,loft,2,30000000,,3,0,30,15,5,50,
/marketplace?colonia=roma-sur&precio_max=3000000&recamaras_min=2&tipo=casa,Casas 2 recámaras en Roma Sur hasta $3M,roma-sur,casa,2,3000000,,3,0,30,15,5,50,
/marketplace?colonia=roma-sur&precio_max=5000000&recamaras_min=2&tipo=casa,Casas 2 recámaras en Roma Sur hasta $5M,roma-sur,casa,2,5000000,,3,0,30,15,5,50,
/marketplace?colonia=roma-sur&precio_max=8000000&recamaras_min=2&tipo=casa,Casas 2 recámaras en Roma Sur hasta $8M,roma-sur,casa,2,8000000,,3,0,30,15,5,50,
/marketplace?colonia=roma-sur&precio_max=12000000&recamaras_min=2&tipo=casa,Casas 2 recámaras en Roma Sur hasta $12M,roma-sur,casa,2,12000000,,3,0,30,15,5,50,
/marketplace?colonia=roma-sur&precio_max=15000000&recamaras_min=2&tipo=casa,Casas 2 recámaras en Roma Sur hasta $15M,roma-sur,casa,2,15000000,,3,0,30,15,5,50,
/marketplace?colonia=roma-sur&precio_max=20000000&recamaras_min=2&tipo=casa,Casas 2 recámaras en Roma Sur hasta $20M,roma-sur,casa,2,20000000,,3,0,30,15,5,50,
/marketplace?colonia=roma-sur&precio_max=30000000&recamaras_min=2&tipo=casa,Casas 2 recámaras en Roma Sur hasta $30M,roma-sur,casa,2,30000000,,3,0,30,15,5,50,
/marketplace?colonia=roma-sur&precio_max=3000000&recamaras_min=2&tipo=loft,Lofts 2 recámaras en Roma Sur hasta $3M,roma-sur,loft,2,3000000,,3,0,30,15,5,50,
/marketplace?colonia=roma-sur&precio_max=5000000&recamaras_min=2&tipo=loft,Lofts 2 recámaras en Roma Sur hasta $5M,roma-sur,loft,2,5000000,,3,0,30,15,5,50,
/marketplace?colonia=roma-sur&precio_max=8000000&recamaras_min=2&tipo=loft,Lofts 2 recámaras en Roma Sur hasta $8M,roma-sur,loft,2,8000000,,3,0,30,15,5,50,
/marketplace?colonia=roma-sur&precio_max=12000000&recamaras_min=2&tipo=loft,Lofts 2 recámaras en Roma Sur hasta $12M,roma-sur,loft,2,12000000,,3,0,30,15,5,50,
/marketplace?colonia=roma-sur&precio_max=15000000&recamaras_min=2&tipo=loft,Lofts 2 recámaras en Roma Sur hasta $15M,roma-sur,loft,2,15000000,,3,0,30,15,5,50,
/marketplace?colonia=roma-sur&precio_max=20000000&recamaras_min=2&tipo=loft,Lofts 2 recámaras en Roma Sur hasta $20M,roma-sur,loft,2,20000000,,3,0,30,15,5,50,
/marketplace?colonia=roma-sur&precio_max=30000000&recamaras_min=2&tipo=loft,Lofts 2 recámaras en Roma Sur hasta $30M,roma-sur,loft,2,30000000,,3,0,30,15,5,50,
/marketplace?colonia=doctores&precio_max=8000000&recamaras_min=3&tipo=depto,Departamentos 3 recámaras en Doctores hasta $8M,doctores,depto,3,8000000,,4,8,30,7,5,50,
/marketplace?colonia=doctores&precio_max=12000000&recamaras_min=3&tipo=depto,Departamentos 3 recámaras en Doctores hasta $12M,doctores,depto,3,12000000,,4,8,30,7,5,50,
/marketplace?colonia=doctores&precio_max=15000000&recamaras_min=3&tipo=depto,Departamentos 3 recámaras en Doctores hasta $15M,doctores,depto,3,15000000,,4,8,30,7,5,50,
/marketplace?colonia=doctores&precio_max=20000000&recamaras_min=3&tipo=depto,Departamentos 3 recámaras en Doctores hasta $20M,doctores,depto,3,20000000,,4,8,30,7,5,50,
/marketplace?colonia=doctores&precio_max=30000000&recamaras_min=3&tipo=depto,Departamentos 3 recámaras en Doctores hasta $30M,doctores,depto,3,30000000,,4,8,30,7,5,50,
/marketplace?colonia=doctores&recamaras_min=4&stage=preventa,Departamentos 4 recámaras en Doctores preventa,doctores,,4,,preventa,4,3,28,3,15,49,
/marketplace?colonia=doctores&recamaras_min=3,Departamentos 3 recámaras en Doctores,doctores,,3,,,4,13,23,7,5,48,
/marketplace?colonia=juarez&precio_max=3000000&recamaras_min=3&tipo=casa,Casas 3 recámaras en Juárez hasta $3M,juarez,casa,3,3000000,,3,0,30,13,5,48,
/marketplace?colonia=juarez&precio_max=5000000&recamaras_min=3&tipo=casa,Casas 3 recámaras en Juárez hasta $5M,juarez,casa,3,5000000,,3,0,30,13,5,48,
/marketplace?colonia=juarez&precio_max=8000000&recamaras_min=3&tipo=casa,Casas 3 recámaras en Juárez hasta $8M,juarez,casa,3,8000000,,3,0,30,13,5,48,
/marketplace?colonia=juarez&precio_max=12000000&recamaras_min=3&tipo=casa,Casas 3 recámaras en Juárez hasta $12M,juarez,casa,3,12000000,,3,0,30,13,5,48,
/marketplace?colonia=juarez&precio_max=15000000&recamaras_min=3&tipo=casa,Casas 3 recámaras en Juárez hasta $15M,juarez,casa,3,15000000,,3,0,30,13,5,48,
/marketplace?colonia=juarez&precio_max=20000000&recamaras_min=3&tipo=casa,Casas 3 recámaras en Juárez hasta $20M,juarez,casa,3,20000000,,3,0,30,13,5,48,
/marketplace?colonia=juarez&precio_max=30000000&recamaras_min=3&tipo=casa,Casas 3 recámaras en Juárez hasta $30M,juarez,casa,3,30000000,,3,0,30,13,5,48,
/marketplace?colonia=cuauhtemoc&precio_max=3000000&recamaras_min=3&tipo=casa,Casas 3 recámaras en Cuauhtémoc hasta $3M,cuauhtemoc,casa,3,3000000,,3,0,30,13,5,48,
/marketplace?colonia=cuauhtemoc&precio_max=5000000&recamaras_min=3&tipo=casa,Casas 3 recámaras en Cuauhtémoc hasta $5M,cuauhtemoc,casa,3,5000000,,3,0,30,13,5,48,
/marketplace?colonia=cuauhtemoc&precio_max=8000000&recamaras_min=3&tipo=casa,Casas 3 recámaras en Cuauhtémoc hasta $8M,cuauhtemoc,casa,3,8000000,,3,0,30,13,5,48,
/marketplace?colonia=cuauhtemoc&precio_max=12000000&recamaras_min=3&tipo=casa,Casas 3 recámaras en Cuauhtémoc hasta $12M,cuauhtemoc,casa,3,12000000,,3,0,30,13,5,48,
/marketplace?colonia=cuauhtemoc&precio_max=15000000&recamaras_min=3&tipo=casa,Casas 3 recámaras en Cuauhtémoc hasta $15M,cuauhtemoc,casa,3,15000000,,3,0,30,13,5,48,
/marketplace?colonia=cuauhtemoc&precio_max=20000000&recamaras_min=3&tipo=casa,Casas 3 recámaras en Cuauhtémoc hasta $20M,cuauhtemoc,casa,3,20000000,,3,0,30,13,5,48,
/marketplace?colonia=cuauhtemoc&precio_max=30000000&recamaras_min=3&tipo=casa,Casas 3 recámaras en Cuauhtémoc hasta $30M,cuauhtemoc,casa,3,30000000,,3,0,30,13,5,48,
/marketplace?colonia=del-valle-centro&precio_max=3000000&recamaras_min=3&tipo=casa,Casas 3 recámaras en Del Valle Centro hasta $3M,del-valle-centro,casa,3,3000000,,3,0,30,13,5,48,
/marketplace?colonia=del-valle-centro&precio_max=5000000&recamaras_min=3&tipo=casa,Casas 3 recámaras en Del Valle Centro hasta $5M,del-valle-centro,casa,3,5000000,,3,0,30,13,5,48,
/marketplace?colonia=del-valle-centro&precio_max=8000000&recamaras_min=3&tipo=casa,Casas 3 recámaras en Del Valle Centro hasta $8M,del-valle-centro,casa,3,8000000,,3,0,30,13,5,48,
/marketplace?colonia=del-valle-centro&precio_max=12000000&recamaras_min=3&tipo=casa,Casas 3 recámaras en Del Valle Centro hasta $12M,del-valle-centro,casa,3,12000000,,3,0,30,13,5,48,
/marketplace?colonia=del-valle-centro&precio_max=15000000&recamaras_min=3&tipo=casa,Casas 3 recámaras en Del Valle Centro hasta $15M,del-valle-centro,casa,3,15000000,,3,0,30,13,5,48,
/marketplace?colonia=del-valle-centro&precio_max=20000000&recamaras_min=3&tipo=casa,Casas 3 recámaras en Del Valle Centro hasta $20M,del-valle-centro,casa,3,20000000,,3,0,30,13,5,48,
/marketplace?colonia=del-valle-centro&precio_max=30000000&recamaras_min=3&tipo=casa,Casas 3 recámaras en Del Valle Centro hasta $30M,del-valle-centro,casa,3,30000000,,3,0,30,13,5,48,
/marketplace?colonia=del-valle-centro&precio_max=3000000&recamaras_min=3&tipo=loft,Lofts 3 recámaras en Del Valle Centro hasta $3M,del-valle-centro,loft,3,3000000,,3,0,30,13,5,48,
/marketplace?colonia=del-valle-centro&precio_max=5000000&recamaras_min=3&tipo=loft,Lofts 3 recámaras en Del Valle Centro hasta $5M,del-valle-centro,loft,3,5000000,,3,0,30,13,5,48,
/marketplace?colonia=del-valle-centro&precio_max=8000000&recamaras_min=3&tipo=loft,Lofts 3 recámaras en Del Valle Centro hasta $8M,del-valle-centro,loft,3,8000000,,3,0,30,13,5,48,
/marketplace?colonia=del-valle-centro&precio_max=12000000&recamaras_min=3&tipo=loft,Lofts 3 recámaras en Del Valle Centro hasta $12M,del-valle-centro,loft,3,12000000,,3,0,30,13,5,48,
/marketplace?colonia=del-valle-centro&precio_max=15000000&recamaras_min=3&tipo=loft,Lofts 3 recámaras en Del Valle Centro hasta $15M,del-valle-centro,loft,3,15000000,,3,0,30,13,5,48,
/marketplace?colonia=del-valle-centro&precio_max=20000000&recamaras_min=3&tipo=loft,Lofts 3 recámaras en Del Valle Centro hasta $20M,del-valle-centro,loft,3,20000000,,3,0,30,13,5,48,
/marketplace?colonia=del-valle-centro&precio_max=30000000&recamaras_min=3&tipo=loft,Lofts 3 recámaras en Del Valle Centro hasta $30M,del-valle-centro,loft,3,30000000,,3,0,30,13,5,48,
/marketplace?colonia=narvarte&precio_max=3000000&recamaras_min=3&tipo=casa,Casas 3 recámaras en Narvarte Poniente hasta $3M,narvarte,casa,3,3000000,,3,0,30,13,5,48,
/marketplace?colonia=narvarte&precio_max=5000000&recamaras_min=3&tipo=casa,Casas 3 recámaras en Narvarte Poniente hasta $5M,narvarte,casa,3,5000000,,3,0,30,13,5,48,
/marketplace?colonia=narvarte&precio_max=8000000&recamaras_min=3&tipo=casa,Casas 3 recámaras en Narvarte Poniente hasta $8M,narvarte,casa,3,8000000,,3,0,30,13,5,48,
/marketplace?colonia=narvarte&precio_max=12000000&recamaras_min=3&tipo=casa,Casas 3 recámaras en Narvarte Poniente hasta $12M,narvarte,casa,3,12000000,,3,0,30,13,5,48,
/marketplace?colonia=narvarte&precio_max=15000000&recamaras_min=3&tipo=casa,Casas 3 recámaras en Narvarte Poniente hasta $15M,narvarte,casa,3,15000000,,3,0,30,13,5,48,
/marketplace?colonia=narvarte&precio_max=20000000&recamaras_min=3&tipo=casa,Casas 3 recámaras en Narvarte Poniente hasta $20M,narvarte,casa,3,20000000,,3,0,30,13,5,48,
/marketplace?colonia=narvarte&precio_max=30000000&recamaras_min=3&tipo=casa,Casas 3 recámaras en Narvarte Poniente hasta $30M,narvarte,casa,3,30000000,,3,0,30,13,5,48,
/marketplace?colonia=narvarte&precio_max=3000000&recamaras_min=3&tipo=loft,Lofts 3 recámaras en Narvarte Poniente hasta $3M,narvarte,loft,3,3000000,,3,0,30,13,5,48,
/marketplace?colonia=narvarte&precio_max=5000000&recamaras_min=3&tipo=loft,Lofts 3 recámaras en Narvarte Poniente hasta $5M,narvarte,loft,3,5000000,,3,0,30,13,5,48,
/marketplace?colonia=narvarte&precio_max=8000000&recamaras_min=3&tipo=loft,Lofts 3 recámaras en Narvarte Poniente hasta $8M,narvarte,loft,3,8000000,,3,0,30,13,5,48,
/marketplace?colonia=narvarte&precio_max=12000000&recamaras_min=3&tipo=loft,Lofts 3 recámaras en Narvarte Poniente hasta $12M,narvarte,loft,3,12000000,,3,0,30,13,5,48,
/marketplace?colonia=narvarte&precio_max=15000000&recamaras_min=3&tipo=loft,Lofts 3 recámaras en Narvarte Poniente hasta $15M,narvarte,loft,3,15000000,,3,0,30,13,5,48,
/marketplace?colonia=narvarte&precio_max=20000000&recamaras_min=3&tipo=loft,Lofts 3 recámaras en Narvarte Poniente hasta $20M,narvarte,loft,3,20000000,,3,0,30,13,5,48,
/marketplace?colonia=narvarte&precio_max=30000000&recamaras_min=3&tipo=loft,Lofts 3 recámaras en Narvarte Poniente hasta $30M,narvarte,loft,3,30000000,,3,0,30,13,5,48,
/marketplace?colonia=escandon&precio_max=3000000&recamaras_min=3&tipo=casa,Casas 3 recámaras en Escandón hasta $3M,escandon,casa,3,3000000,,3,0,30,13,5,48,
/marketplace?colonia=escandon&precio_max=5000000&recamaras_min=3&tipo=casa,Casas 3 recámaras en Escandón hasta $5M,escandon,casa,3,5000000,,3,0,30,13,5,48,
/marketplace?colonia=escandon&precio_max=8000000&recamaras_min=3&tipo=casa,Casas 3 recámaras en Escandón hasta $8M,escandon,casa,3,8000000,,3,0,30,13,5,48,
/marketplace?colonia=escandon&precio_max=12000000&recamaras_min=3&tipo=casa,Casas 3 recámaras en Escandón hasta $12M,escandon,casa,3,12000000,,3,0,30,13,5,48,
/marketplace?colonia=escandon&precio_max=15000000&recamaras_min=3&tipo=casa,Casas 3 recámaras en Escandón hasta $15M,escandon,casa,3,15000000,,3,0,30,13,5,48,
/marketplace?colonia=escandon&precio_max=20000000&recamaras_min=3&tipo=casa,Casas 3 recámaras en Escandón hasta $20M,escandon,casa,3,20000000,,3,0,30,13,5,48,
/marketplace?colonia=escandon&precio_max=30000000&recamaras_min=3&tipo=casa,Casas 3 recámaras en Escandón hasta $30M,escandon,casa,3,30000000,,3,0,30,13,5,48,
/marketplace?colonia=escandon&precio_max=3000000&recamaras_min=3&tipo=loft,Lofts 3 recámaras en Escandón hasta $3M,escandon,loft,3,3000000,,3,0,30,13,5,48,
/marketplace?colonia=escandon&precio_max=5000000&recamaras_min=3&tipo=loft,Lofts 3 recámaras en Escandón hasta $5M,escandon,loft,3,5000000,,3,0,30,13,5,48,
/marketplace?colonia=escandon&precio_max=8000000&recamaras_min=3&tipo=loft,Lofts 3 recámaras en Escandón hasta $8M,escandon,loft,3,8000000,,3,0,30,13,5,48,
/marketplace?colonia=escandon&precio_max=12000000&recamaras_min=3&tipo=loft,Lofts 3 recámaras en Escandón hasta $12M,escandon,loft,3,12000000,,3,0,30,13,5,48,
/marketplace?colonia=escandon&precio_max=15000000&recamaras_min=3&tipo=loft,Lofts 3 recámaras en Escandón hasta $15M,escandon,loft,3,15000000,,3,0,30,13,5,48,
/marketplace?colonia=escandon&precio_max=20000000&recamaras_min=3&tipo=loft,Lofts 3 recámaras en Escandón hasta $20M,escandon,loft,3,20000000,,3,0,30,13,5,48,
/marketplace?colonia=escandon&precio_max=30000000&recamaras_min=3&tipo=loft,Lofts 3 recámaras en Escandón hasta $30M,escandon,loft,3,30000000,,3,0,30,13,5,48,
/marketplace?colonia=anzures&precio_max=3000000&recamaras_min=3&tipo=casa,Casas 3 recámaras en Anzures hasta $3M,anzures,casa,3,3000000,,3,0,30,13,5,48,
/marketplace?colonia=anzures&precio_max=5000000&recamaras_min=3&tipo=casa,Casas 3 recámaras en Anzures hasta $5M,anzures,casa,3,5000000,,3,0,30,13,5,48,
/marketplace?colonia=anzures&precio_max=8000000&recamaras_min=3&tipo=casa,Casas 3 recámaras en Anzures hasta $8M,anzures,casa,3,8000000,,3,0,30,13,5,48,
/marketplace?colonia=anzures&precio_max=12000000&recamaras_min=3&tipo=casa,Casas 3 recámaras en Anzures hasta $12M,anzures,casa,3,12000000,,3,0,30,13,5,48,
/marketplace?colonia=anzures&precio_max=15000000&recamaras_min=3&tipo=casa,Casas 3 recámaras en Anzures hasta $15M,anzures,casa,3,15000000,,3,0,30,13,5,48,
/marketplace?colonia=anzures&precio_max=20000000&recamaras_min=3&tipo=casa,Casas 3 recámaras en Anzures hasta $20M,anzures,casa,3,20000000,,3,0,30,13,5,48,
/marketplace?colonia=anzures&precio_max=30000000&recamaras_min=3&tipo=casa,Casas 3 recámaras en Anzures hasta $30M,anzures,casa,3,30000000,,3,0,30,13,5,48,
/marketplace?colonia=anzures&precio_max=3000000&recamaras_min=3&tipo=loft,Lofts 3 recámaras en Anzures hasta $3M,anzures,loft,3,3000000,,3,0,30,13,5,48,
/marketplace?colonia=anzures&precio_max=5000000&recamaras_min=3&tipo=loft,Lofts 3 recámaras en Anzures hasta $5M,anzures,loft,3,5000000,,3,0,30,13,5,48,
/marketplace?colonia=anzures&precio_max=8000000&recamaras_min=3&tipo=loft,Lofts 3 recámaras en Anzures hasta $8M,anzures,loft,3,8000000,,3,0,30,13,5,48,
/marketplace?colonia=anzures&precio_max=12000000&recamaras_min=3&tipo=loft,Lofts 3 recámaras en Anzures hasta $12M,anzures,loft,3,12000000,,3,0,30,13,5,48,
/marketplace?colonia=anzures&precio_max=15000000&recamaras_min=3&tipo=loft,Lofts 3 recámaras en Anzures hasta $15M,anzures,loft,3,15000000,,3,0,30,13,5,48,
/marketplace?colonia=anzures&precio_max=20000000&recamaras_min=3&tipo=loft,Lofts 3 recámaras en Anzures hasta $20M,anzures,loft,3,20000000,,3,0,30,13,5,48,
/marketplace?colonia=anzures&precio_max=30000000&recamaras_min=3&tipo=loft,Lofts 3 recámaras en Anzures hasta $30M,anzures,loft,3,30000000,,3,0,30,13,5,48,
/marketplace?colonia=roma-sur&precio_max=3000000&recamaras_min=3&tipo=casa,Casas 3 recámaras en Roma Sur hasta $3M,roma-sur,casa,3,3000000,,3,0,30,13,5,48,
/marketplace?colonia=roma-sur&precio_max=5000000&recamaras_min=3&tipo=casa,Casas 3 recámaras en Roma Sur hasta $5M,roma-sur,casa,3,5000000,,3,0,30,13,5,48,
/marketplace?colonia=roma-sur&precio_max=8000000&recamaras_min=3&tipo=casa,Casas 3 recámaras en Roma Sur hasta $8M,roma-sur,casa,3,8000000,,3,0,30,13,5,48,
/marketplace?colonia=roma-sur&precio_max=12000000&recamaras_min=3&tipo=casa,Casas 3 recámaras en Roma Sur hasta $12M,roma-sur,casa,3,12000000,,3,0,30,13,5,48,
/marketplace?colonia=roma-sur&precio_max=15000000&recamaras_min=3&tipo=casa,Casas 3 recámaras en Roma Sur hasta $15M,roma-sur,casa,3,15000000,,3,0,30,13,5,48,
/marketplace?colonia=roma-sur&precio_max=20000000&recamaras_min=3&tipo=casa,Casas 3 recámaras en Roma Sur hasta $20M,roma-sur,casa,3,20000000,,3,0,30,13,5,48,
/marketplace?colonia=roma-sur&precio_max=30000000&recamaras_min=3&tipo=casa,Casas 3 recámaras en Roma Sur hasta $30M,roma-sur,casa,3,30000000,,3,0,30,13,5,48,
/marketplace?colonia=roma-sur&precio_max=3000000&recamaras_min=3&tipo=loft,Lofts 3 recámaras en Roma Sur hasta $3M,roma-sur,loft,3,3000000,,3,0,30,13,5,48,
/marketplace?colonia=roma-sur&precio_max=5000000&recamaras_min=3&tipo=loft,Lofts 3 recámaras en Roma Sur hasta $5M,roma-sur,loft,3,5000000,,3,0,30,13,5,48,
/marketplace?colonia=roma-sur&precio_max=8000000&recamaras_min=3&tipo=loft,Lofts 3 recámaras en Roma Sur hasta $8M,roma-sur,loft,3,8000000,,3,0,30,13,5,48,
/marketplace?colonia=roma-sur&precio_max=12000000&recamaras_min=3&tipo=loft,Lofts 3 recámaras en Roma Sur hasta $12M,roma-sur,loft,3,12000000,,3,0,30,13,5,48,
/marketplace?colonia=roma-sur&precio_max=15000000&recamaras_min=3&tipo=loft,Lofts 3 recámaras en Roma Sur hasta $15M,roma-sur,loft,3,15000000,,3,0,30,13,5,48,
/marketplace?colonia=roma-sur&precio_max=20000000&recamaras_min=3&tipo=loft,Lofts 3 recámaras en Roma Sur hasta $20M,roma-sur,loft,3,20000000,,3,0,30,13,5,48,
/marketplace?colonia=roma-sur&precio_max=30000000&recamaras_min=3&tipo=loft,Lofts 3 recámaras en Roma Sur hasta $30M,roma-sur,loft,3,30000000,,3,0,30,13,5,48,
/marketplace?colonia=doctores&recamaras_min=3&stage=en_construccion,Departamentos 3 recámaras en Doctores,doctores,,3,,en_construccion,4,13,23,7,5,48,
/marketplace?colonia=juarez&precio_max=3000000&recamaras_min=1&tipo=casa,Casas 1 recámaras en Juárez hasta $3M,juarez,casa,1,3000000,,3,0,30,10,5,45,
/marketplace?colonia=juarez&precio_max=5000000&recamaras_min=1&tipo=casa,Casas 1 recámaras en Juárez hasta $5M,juarez,casa,1,5000000,,3,0,30,10,5,45,
/marketplace?colonia=juarez&precio_max=8000000&recamaras_min=1&tipo=casa,Casas 1 recámaras en Juárez hasta $8M,juarez,casa,1,8000000,,3,0,30,10,5,45,
/marketplace?colonia=juarez&precio_max=12000000&recamaras_min=1&tipo=casa,Casas 1 recámaras en Juárez hasta $12M,juarez,casa,1,12000000,,3,0,30,10,5,45,
/marketplace?colonia=juarez&precio_max=15000000&recamaras_min=1&tipo=casa,Casas 1 recámaras en Juárez hasta $15M,juarez,casa,1,15000000,,3,0,30,10,5,45,
/marketplace?colonia=juarez&precio_max=20000000&recamaras_min=1&tipo=casa,Casas 1 recámaras en Juárez hasta $20M,juarez,casa,1,20000000,,3,0,30,10,5,45,
/marketplace?colonia=juarez&precio_max=30000000&recamaras_min=1&tipo=casa,Casas 1 recámaras en Juárez hasta $30M,juarez,casa,1,30000000,,3,0,30,10,5,45,
/marketplace?colonia=cuauhtemoc&precio_max=3000000&recamaras_min=1&tipo=casa,Casas 1 recámaras en Cuauhtémoc hasta $3M,cuauhtemoc,casa,1,3000000,,3,0,30,10,5,45,
/marketplace?colonia=cuauhtemoc&precio_max=5000000&recamaras_min=1&tipo=casa,Casas 1 recámaras en Cuauhtémoc hasta $5M,cuauhtemoc,casa,1,5000000,,3,0,30,10,5,45,
/marketplace?colonia=cuauhtemoc&precio_max=8000000&recamaras_min=1&tipo=casa,Casas 1 recámaras en Cuauhtémoc hasta $8M,cuauhtemoc,casa,1,8000000,,3,0,30,10,5,45,
/marketplace?colonia=cuauhtemoc&precio_max=12000000&recamaras_min=1&tipo=casa,Casas 1 recámaras en Cuauhtémoc hasta $12M,cuauhtemoc,casa,1,12000000,,3,0,30,10,5,45,
/marketplace?colonia=cuauhtemoc&precio_max=15000000&recamaras_min=1&tipo=casa,Casas 1 recámaras en Cuauhtémoc hasta $15M,cuauhtemoc,casa,1,15000000,,3,0,30,10,5,45,
/marketplace?colonia=cuauhtemoc&precio_max=20000000&recamaras_min=1&tipo=casa,Casas 1 recámaras en Cuauhtémoc hasta $20M,cuauhtemoc,casa,1,20000000,,3,0,30,10,5,45,
/marketplace?colonia=cuauhtemoc&precio_max=30000000&recamaras_min=1&tipo=casa,Casas 1 recámaras en Cuauhtémoc hasta $30M,cuauhtemoc,casa,1,30000000,,3,0,30,10,5,45,
/marketplace?colonia=del-valle-centro&precio_max=3000000&recamaras_min=1&tipo=casa,Casas 1 recámaras en Del Valle Centro hasta $3M,del-valle-centro,casa,1,3000000,,3,0,30,10,5,45,
/marketplace?colonia=del-valle-centro&precio_max=5000000&recamaras_min=1&tipo=casa,Casas 1 recámaras en Del Valle Centro hasta $5M,del-valle-centro,casa,1,5000000,,3,0,30,10,5,45,
/marketplace?colonia=del-valle-centro&precio_max=8000000&recamaras_min=1&tipo=casa,Casas 1 recámaras en Del Valle Centro hasta $8M,del-valle-centro,casa,1,8000000,,3,0,30,10,5,45,
/marketplace?colonia=del-valle-centro&precio_max=12000000&recamaras_min=1&tipo=casa,Casas 1 recámaras en Del Valle Centro hasta $12M,del-valle-centro,casa,1,12000000,,3,0,30,10,5,45,
/marketplace?colonia=del-valle-centro&precio_max=15000000&recamaras_min=1&tipo=casa,Casas 1 recámaras en Del Valle Centro hasta $15M,del-valle-centro,casa,1,15000000,,3,0,30,10,5,45,
/marketplace?colonia=del-valle-centro&precio_max=20000000&recamaras_min=1&tipo=casa,Casas 1 recámaras en Del Valle Centro hasta $20M,del-valle-centro,casa,1,20000000,,3,0,30,10,5,45,
/marketplace?colonia=del-valle-centro&precio_max=30000000&recamaras_min=1&tipo=casa,Casas 1 recámaras en Del Valle Centro hasta $30M,del-valle-centro,casa,1,30000000,,3,0,30,10,5,45,
/marketplace?colonia=del-valle-centro&precio_max=3000000&recamaras_min=1&tipo=loft,Lofts 1 recámaras en Del Valle Centro hasta $3M,del-valle-centro,loft,1,3000000,,3,0,30,10,5,45,
/marketplace?colonia=del-valle-centro&precio_max=5000000&recamaras_min=1&tipo=loft,Lofts 1 recámaras en Del Valle Centro hasta $5M,del-valle-centro,loft,1,5000000,,3,0,30,10,5,45,
/marketplace?colonia=del-valle-centro&precio_max=8000000&recamaras_min=1&tipo=loft,Lofts 1 recámaras en Del Valle Centro hasta $8M,del-valle-centro,loft,1,8000000,,3,0,30,10,5,45,
/marketplace?colonia=del-valle-centro&precio_max=12000000&recamaras_min=1&tipo=loft,Lofts 1 recámaras en Del Valle Centro hasta $12M,del-valle-centro,loft,1,12000000,,3,0,30,10,5,45,
/marketplace?colonia=del-valle-centro&precio_max=15000000&recamaras_min=1&tipo=loft,Lofts 1 recámaras en Del Valle Centro hasta $15M,del-valle-centro,loft,1,15000000,,3,0,30,10,5,45,
/marketplace?colonia=del-valle-centro&precio_max=20000000&recamaras_min=1&tipo=loft,Lofts 1 recámaras en Del Valle Centro hasta $20M,del-valle-centro,loft,1,20000000,,3,0,30,10,5,45,
/marketplace?colonia=del-valle-centro&precio_max=30000000&recamaras_min=1&tipo=loft,Lofts 1 recámaras en Del Valle Centro hasta $30M,del-valle-centro,loft,1,30000000,,3,0,30,10,5,45,
/marketplace?colonia=narvarte&precio_max=3000000&recamaras_min=1&tipo=casa,Casas 1 recámaras en Narvarte Poniente hasta $3M,narvarte,casa,1,3000000,,3,0,30,10,5,45,
/marketplace?colonia=narvarte&precio_max=5000000&recamaras_min=1&tipo=casa,Casas 1 recámaras en Narvarte Poniente hasta $5M,narvarte,casa,1,5000000,,3,0,30,10,5,45,
/marketplace?colonia=narvarte&precio_max=8000000&recamaras_min=1&tipo=casa,Casas 1 recámaras en Narvarte Poniente hasta $8M,narvarte,casa,1,8000000,,3,0,30,10,5,45,
/marketplace?colonia=narvarte&precio_max=12000000&recamaras_min=1&tipo=casa,Casas 1 recámaras en Narvarte Poniente hasta $12M,narvarte,casa,1,12000000,,3,0,30,10,5,45,
/marketplace?colonia=narvarte&precio_max=15000000&recamaras_min=1&tipo=casa,Casas 1 recámaras en Narvarte Poniente hasta $15M,narvarte,casa,1,15000000,,3,0,30,10,5,45,
/marketplace?colonia=narvarte&precio_max=20000000&recamaras_min=1&tipo=casa,Casas 1 recámaras en Narvarte Poniente hasta $20M,narvarte,casa,1,20000000,,3,0,30,10,5,45,
/marketplace?colonia=narvarte&precio_max=30000000&recamaras_min=1&tipo=casa,Casas 1 recámaras en Narvarte Poniente hasta $30M,narvarte,casa,1,30000000,,3,0,30,10,5,45,
/marketplace?colonia=narvarte&precio_max=3000000&recamaras_min=1&tipo=loft,Lofts 1 recámaras en Narvarte Poniente hasta $3M,narvarte,loft,1,3000000,,3,0,30,10,5,45,
/marketplace?colonia=narvarte&precio_max=5000000&recamaras_min=1&tipo=loft,Lofts 1 recámaras en Narvarte Poniente hasta $5M,narvarte,loft,1,5000000,,3,0,30,10,5,45,
/marketplace?colonia=narvarte&precio_max=8000000&recamaras_min=1&tipo=loft,Lofts 1 recámaras en Narvarte Poniente hasta $8M,narvarte,loft,1,8000000,,3,0,30,10,5,45,
/marketplace?colonia=narvarte&precio_max=12000000&recamaras_min=1&tipo=loft,Lofts 1 recámaras en Narvarte Poniente hasta $12M,narvarte,loft,1,12000000,,3,0,30,10,5,45,
/marketplace?colonia=narvarte&precio_max=15000000&recamaras_min=1&tipo=loft,Lofts 1 recámaras en Narvarte Poniente hasta $15M,narvarte,loft,1,15000000,,3,0,30,10,5,45,
/marketplace?colonia=narvarte&precio_max=20000000&recamaras_min=1&tipo=loft,Lofts 1 recámaras en Narvarte Poniente hasta $20M,narvarte,loft,1,20000000,,3,0,30,10,5,45,
/marketplace?colonia=narvarte&precio_max=30000000&recamaras_min=1&tipo=loft,Lofts 1 recámaras en Narvarte Poniente hasta $30M,narvarte,loft,1,30000000,,3,0,30,10,5,45,
/marketplace?colonia=escandon&precio_max=3000000&recamaras_min=1&tipo=casa,Casas 1 recámaras en Escandón hasta $3M,escandon,casa,1,3000000,,3,0,30,10,5,45,
/marketplace?colonia=escandon&precio_max=5000000&recamaras_min=1&tipo=casa,Casas 1 recámaras en Escandón hasta $5M,escandon,casa,1,5000000,,3,0,30,10,5,45,
/marketplace?colonia=escandon&precio_max=8000000&recamaras_min=1&tipo=casa,Casas 1 recámaras en Escandón hasta $8M,escandon,casa,1,8000000,,3,0,30,10,5,45,
/marketplace?colonia=escandon&precio_max=12000000&recamaras_min=1&tipo=casa,Casas 1 recámaras en Escandón hasta $12M,escandon,casa,1,12000000,,3,0,30,10,5,45,
/marketplace?colonia=escandon&precio_max=15000000&recamaras_min=1&tipo=casa,Casas 1 recámaras en Escandón hasta $15M,escandon,casa,1,15000000,,3,0,30,10,5,45,
/marketplace?colonia=escandon&precio_max=20000000&recamaras_min=1&tipo=casa,Casas 1 recámaras en Escandón hasta $20M,escandon,casa,1,20000000,,3,0,30,10,5,45,
/marketplace?colonia=escandon&precio_max=30000000&recamaras_min=1&tipo=casa,Casas 1 recámaras en Escandón hasta $30M,escandon,casa,1,30000000,,3,0,30,10,5,45,
/marketplace?colonia=escandon&precio_max=3000000&recamaras_min=1&tipo=loft,Lofts 1 recámaras en Escandón hasta $3M,escandon,loft,1,3000000,,3,0,30,10,5,45,
/marketplace?colonia=escandon&precio_max=5000000&recamaras_min=1&tipo=loft,Lofts 1 recámaras en Escandón hasta $5M,escandon,loft,1,5000000,,3,0,30,10,5,45,
/marketplace?colonia=escandon&precio_max=8000000&recamaras_min=1&tipo=loft,Lofts 1 recámaras en Escandón hasta $8M,escandon,loft,1,8000000,,3,0,30,10,5,45,
/marketplace?colonia=escandon&precio_max=12000000&recamaras_min=1&tipo=loft,Lofts 1 recámaras en Escandón hasta $12M,escandon,loft,1,12000000,,3,0,30,10,5,45,
/marketplace?colonia=escandon&precio_max=15000000&recamaras_min=1&tipo=loft,Lofts 1 recámaras en Escandón hasta $15M,escandon,loft,1,15000000,,3,0,30,10,5,45,
/marketplace?colonia=escandon&precio_max=20000000&recamaras_min=1&tipo=loft,Lofts 1 recámaras en Escandón hasta $20M,escandon,loft,1,20000000,,3,0,30,10,5,45,
/marketplace?colonia=escandon&precio_max=30000000&recamaras_min=1&tipo=loft,Lofts 1 recámaras en Escandón hasta $30M,escandon,loft,1,30000000,,3,0,30,10,5,45,
/marketplace?colonia=anzures&precio_max=3000000&recamaras_min=1&tipo=casa,Casas 1 recámaras en Anzures hasta $3M,anzures,casa,1,3000000,,3,0,30,10,5,45,
/marketplace?colonia=anzures&precio_max=5000000&recamaras_min=1&tipo=casa,Casas 1 recámaras en Anzures hasta $5M,anzures,casa,1,5000000,,3,0,30,10,5,45,
/marketplace?colonia=anzures&precio_max=8000000&recamaras_min=1&tipo=casa,Casas 1 recámaras en Anzures hasta $8M,anzures,casa,1,8000000,,3,0,30,10,5,45,
/marketplace?colonia=anzures&precio_max=12000000&recamaras_min=1&tipo=casa,Casas 1 recámaras en Anzures hasta $12M,anzures,casa,1,12000000,,3,0,30,10,5,45,
/marketplace?colonia=anzures&precio_max=15000000&recamaras_min=1&tipo=casa,Casas 1 recámaras en Anzures hasta $15M,anzures,casa,1,15000000,,3,0,30,10,5,45,
/marketplace?colonia=anzures&precio_max=20000000&recamaras_min=1&tipo=casa,Casas 1 recámaras en Anzures hasta $20M,anzures,casa,1,20000000,,3,0,30,10,5,45,
/marketplace?colonia=anzures&precio_max=30000000&recamaras_min=1&tipo=casa,Casas 1 recámaras en Anzures hasta $30M,anzures,casa,1,30000000,,3,0,30,10,5,45,
/marketplace?colonia=anzures&precio_max=3000000&recamaras_min=1&tipo=loft,Lofts 1 recámaras en Anzures hasta $3M,anzures,loft,1,3000000,,3,0,30,10,5,45,
/marketplace?colonia=anzures&precio_max=5000000&recamaras_min=1&tipo=loft,Lofts 1 recámaras en Anzures hasta $5M,anzures,loft,1,5000000,,3,0,30,10,5,45,
/marketplace?colonia=anzures&precio_max=8000000&recamaras_min=1&tipo=loft,Lofts 1 recámaras en Anzures hasta $8M,anzures,loft,1,8000000,,3,0,30,10,5,45,
/marketplace?colonia=anzures&precio_max=12000000&recamaras_min=1&tipo=loft,Lofts 1 recámaras en Anzures hasta $12M,anzures,loft,1,12000000,,3,0,30,10,5,45,
/marketplace?colonia=anzures&precio_max=15000000&recamaras_min=1&tipo=loft,Lofts 1 recámaras en Anzures hasta $15M,anzures,loft,1,15000000,,3,0,30,10,5,45,
/marketplace?colonia=anzures&precio_max=20000000&recamaras_min=1&tipo=loft,Lofts 1 recámaras en Anzures hasta $20M,anzures,loft,1,20000000,,3,0,30,10,5,45,
/marketplace?colonia=anzures&precio_max=30000000&recamaras_min=1&tipo=loft,Lofts 1 recámaras en Anzures hasta $30M,anzures,loft,1,30000000,,3,0,30,10,5,45,
/marketplace?colonia=roma-sur&precio_max=3000000&recamaras_min=1&tipo=casa,Casas 1 recámaras en Roma Sur hasta $3M,roma-sur,casa,1,3000000,,3,0,30,10,5,45,
/marketplace?colonia=roma-sur&precio_max=5000000&recamaras_min=1&tipo=casa,Casas 1 recámaras en Roma Sur hasta $5M,roma-sur,casa,1,5000000,,3,0,30,10,5,45,
/marketplace?colonia=roma-sur&precio_max=8000000&recamaras_min=1&tipo=casa,Casas 1 recámaras en Roma Sur hasta $8M,roma-sur,casa,1,8000000,,3,0,30,10,5,45,
/marketplace?colonia=roma-sur&precio_max=12000000&recamaras_min=1&tipo=casa,Casas 1 recámaras en Roma Sur hasta $12M,roma-sur,casa,1,12000000,,3,0,30,10,5,45,
/marketplace?colonia=roma-sur&precio_max=15000000&recamaras_min=1&tipo=casa,Casas 1 recámaras en Roma Sur hasta $15M,roma-sur,casa,1,15000000,,3,0,30,10,5,45,
/marketplace?colonia=roma-sur&precio_max=20000000&recamaras_min=1&tipo=casa,Casas 1 recámaras en Roma Sur hasta $20M,roma-sur,casa,1,20000000,,3,0,30,10,5,45,
/marketplace?colonia=roma-sur&precio_max=30000000&recamaras_min=1&tipo=casa,Casas 1 recámaras en Roma Sur hasta $30M,roma-sur,casa,1,30000000,,3,0,30,10,5,45,
/marketplace?colonia=roma-sur&precio_max=3000000&recamaras_min=1&tipo=loft,Lofts 1 recámaras en Roma Sur hasta $3M,roma-sur,loft,1,3000000,,3,0,30,10,5,45,
/marketplace?colonia=roma-sur&precio_max=5000000&recamaras_min=1&tipo=loft,Lofts 1 recámaras en Roma Sur hasta $5M,roma-sur,loft,1,5000000,,3,0,30,10,5,45,
/marketplace?colonia=roma-sur&precio_max=8000000&recamaras_min=1&tipo=loft,Lofts 1 recámaras en Roma Sur hasta $8M,roma-sur,loft,1,8000000,,3,0,30,10,5,45,
/marketplace?colonia=roma-sur&precio_max=12000000&recamaras_min=1&tipo=loft,Lofts 1 recámaras en Roma Sur hasta $12M,roma-sur,loft,1,12000000,,3,0,30,10,5,45,
/marketplace?colonia=roma-sur&precio_max=15000000&recamaras_min=1&tipo=loft,Lofts 1 recámaras en Roma Sur hasta $15M,roma-sur,loft,1,15000000,,3,0,30,10,5,45,
/marketplace?colonia=roma-sur&precio_max=20000000&recamaras_min=1&tipo=loft,Lofts 1 recámaras en Roma Sur hasta $20M,roma-sur,loft,1,20000000,,3,0,30,10,5,45,
/marketplace?colonia=roma-sur&precio_max=30000000&recamaras_min=1&tipo=loft,Lofts 1 recámaras en Roma Sur hasta $30M,roma-sur,loft,1,30000000,,3,0,30,10,5,45,
/marketplace?colonia=polanco&tipo=casa,Casas en Polanco,polanco,casa,,,,1,0,17,22,5,44,
/marketplace?colonia=polanco&tipo=loft,Lofts en Polanco,polanco,loft,,,,1,0,17,22,5,44,
/marketplace?colonia=lomas-chapultepec&tipo=loft,Lofts en Lomas de Chapultepec,lomas-chapultepec,loft,,,,1,0,17,22,5,44,
/marketplace?colonia=pedregal&tipo=loft,Lofts en Jardines del Pedregal,pedregal,loft,,,,1,0,17,22,5,44,
/marketplace?colonia=juarez&precio_max=3000000&recamaras_min=4&tipo=casa,Casas 4 recámaras en Juárez hasta $3M,juarez,casa,4,3000000,,3,0,30,9,5,44,
/marketplace?colonia=juarez&precio_max=5000000&recamaras_min=4&tipo=casa,Casas 4 recámaras en Juárez hasta $5M,juarez,casa,4,5000000,,3,0,30,9,5,44,
/marketplace?colonia=juarez&precio_max=8000000&recamaras_min=4&tipo=casa,Casas 4 recámaras en Juárez hasta $8M,juarez,casa,4,8000000,,3,0,30,9,5,44,
/marketplace?colonia=juarez&precio_max=12000000&recamaras_min=4&tipo=casa,Casas 4 recámaras en Juárez hasta $12M,juarez,casa,4,12000000,,3,0,30,9,5,44,
/marketplace?colonia=juarez&precio_max=15000000&recamaras_min=4&tipo=casa,Casas 4 recámaras en Juárez hasta $15M,juarez,casa,4,15000000,,3,0,30,9,5,44,
/marketplace?colonia=juarez&precio_max=20000000&recamaras_min=4&tipo=casa,Casas 4 recámaras en Juárez hasta $20M,juarez,casa,4,20000000,,3,0,30,9,5,44,
/marketplace?colonia=juarez&precio_max=30000000&recamaras_min=4&tipo=casa,Casas 4 recámaras en Juárez hasta $30M,juarez,casa,4,30000000,,3,0,30,9,5,44,
/marketplace?colonia=cuauhtemoc&precio_max=3000000&recamaras_min=4&tipo=casa,Casas 4 recámaras en Cuauhtémoc hasta $3M,cuauhtemoc,casa,4,3000000,,3,0,30,9,5,44,
/marketplace?colonia=cuauhtemoc&precio_max=5000000&recamaras_min=4&tipo=casa,Casas 4 recámaras en Cuauhtémoc hasta $5M,cuauhtemoc,casa,4,5000000,,3,0,30,9,5,44,
/marketplace?colonia=cuauhtemoc&precio_max=8000000&recamaras_min=4&tipo=casa,Casas 4 recámaras en Cuauhtémoc hasta $8M,cuauhtemoc,casa,4,8000000,,3,0,30,9,5,44,
/marketplace?colonia=cuauhtemoc&precio_max=12000000&recamaras_min=4&tipo=casa,Casas 4 recámaras en Cuauhtémoc hasta $12M,cuauhtemoc,casa,4,12000000,,3,0,30,9,5,44,
/marketplace?colonia=cuauhtemoc&precio_max=15000000&recamaras_min=4&tipo=casa,Casas 4 recámaras en Cuauhtémoc hasta $15M,cuauhtemoc,casa,4,15000000,,3,0,30,9,5,44,
/marketplace?colonia=cuauhtemoc&precio_max=20000000&recamaras_min=4&tipo=casa,Casas 4 recámaras en Cuauhtémoc hasta $20M,cuauhtemoc,casa,4,20000000,,3,0,30,9,5,44,
/marketplace?colonia=cuauhtemoc&precio_max=30000000&recamaras_min=4&tipo=casa,Casas 4 recámaras en Cuauhtémoc hasta $30M,cuauhtemoc,casa,4,30000000,,3,0,30,9,5,44,
/marketplace?colonia=del-valle-centro&precio_max=3000000&recamaras_min=4&tipo=casa,Casas 4 recámaras en Del Valle Centro hasta $3M,del-valle-centro,casa,4,3000000,,3,0,30,9,5,44,
/marketplace?colonia=del-valle-centro&precio_max=5000000&recamaras_min=4&tipo=casa,Casas 4 recámaras en Del Valle Centro hasta $5M,del-valle-centro,casa,4,5000000,,3,0,30,9,5,44,
/marketplace?colonia=del-valle-centro&precio_max=8000000&recamaras_min=4&tipo=casa,Casas 4 recámaras en Del Valle Centro hasta $8M,del-valle-centro,casa,4,8000000,,3,0,30,9,5,44,
/marketplace?colonia=del-valle-centro&precio_max=12000000&recamaras_min=4&tipo=casa,Casas 4 recámaras en Del Valle Centro hasta $12M,del-valle-centro,casa,4,12000000,,3,0,30,9,5,44,
/marketplace?colonia=del-valle-centro&precio_max=15000000&recamaras_min=4&tipo=casa,Casas 4 recámaras en Del Valle Centro hasta $15M,del-valle-centro,casa,4,15000000,,3,0,30,9,5,44,
/marketplace?colonia=del-valle-centro&precio_max=20000000&recamaras_min=4&tipo=casa,Casas 4 recámaras en Del Valle Centro hasta $20M,del-valle-centro,casa,4,20000000,,3,0,30,9,5,44,
/marketplace?colonia=del-valle-centro&precio_max=30000000&recamaras_min=4&tipo=casa,Casas 4 recámaras en Del Valle Centro hasta $30M,del-valle-centro,casa,4,30000000,,3,0,30,9,5,44,
/marketplace?colonia=del-valle-centro&precio_max=3000000&recamaras_min=4&tipo=loft,Lofts 4 recámaras en Del Valle Centro hasta $3M,del-valle-centro,loft,4,3000000,,3,0,30,9,5,44,
/marketplace?colonia=del-valle-centro&precio_max=5000000&recamaras_min=4&tipo=loft,Lofts 4 recámaras en Del Valle Centro hasta $5M,del-valle-centro,loft,4,5000000,,3,0,30,9,5,44,
/marketplace?colonia=del-valle-centro&precio_max=8000000&recamaras_min=4&tipo=loft,Lofts 4 recámaras en Del Valle Centro hasta $8M,del-valle-centro,loft,4,8000000,,3,0,30,9,5,44,
/marketplace?colonia=del-valle-centro&precio_max=12000000&recamaras_min=4&tipo=loft,Lofts 4 recámaras en Del Valle Centro hasta $12M,del-valle-centro,loft,4,12000000,,3,0,30,9,5,44,
/marketplace?colonia=del-valle-centro&precio_max=15000000&recamaras_min=4&tipo=loft,Lofts 4 recámaras en Del Valle Centro hasta $15M,del-valle-centro,loft,4,15000000,,3,0,30,9,5,44,
/marketplace?colonia=del-valle-centro&precio_max=20000000&recamaras_min=4&tipo=loft,Lofts 4 recámaras en Del Valle Centro hasta $20M,del-valle-centro,loft,4,20000000,,3,0,30,9,5,44,
/marketplace?colonia=del-valle-centro&precio_max=30000000&recamaras_min=4&tipo=loft,Lofts 4 recámaras en Del Valle Centro hasta $30M,del-valle-centro,loft,4,30000000,,3,0,30,9,5,44,
/marketplace?colonia=narvarte&precio_max=3000000&recamaras_min=4&tipo=casa,Casas 4 recámaras en Narvarte Poniente hasta $3M,narvarte,casa,4,3000000,,3,0,30,9,5,44,
/marketplace?colonia=narvarte&precio_max=5000000&recamaras_min=4&tipo=casa,Casas 4 recámaras en Narvarte Poniente hasta $5M,narvarte,casa,4,5000000,,3,0,30,9,5,44,
/marketplace?colonia=narvarte&precio_max=8000000&recamaras_min=4&tipo=casa,Casas 4 recámaras en Narvarte Poniente hasta $8M,narvarte,casa,4,8000000,,3,0,30,9,5,44,
/marketplace?colonia=narvarte&precio_max=12000000&recamaras_min=4&tipo=casa,Casas 4 recámaras en Narvarte Poniente hasta $12M,narvarte,casa,4,12000000,,3,0,30,9,5,44,
/marketplace?colonia=narvarte&precio_max=15000000&recamaras_min=4&tipo=casa,Casas 4 recámaras en Narvarte Poniente hasta $15M,narvarte,casa,4,15000000,,3,0,30,9,5,44,
/marketplace?colonia=narvarte&precio_max=20000000&recamaras_min=4&tipo=casa,Casas 4 recámaras en Narvarte Poniente hasta $20M,narvarte,casa,4,20000000,,3,0,30,9,5,44,
/marketplace?colonia=narvarte&precio_max=30000000&recamaras_min=4&tipo=casa,Casas 4 recámaras en Narvarte Poniente hasta $30M,narvarte,casa,4,30000000,,3,0,30,9,5,44,
/marketplace?colonia=narvarte&precio_max=3000000&recamaras_min=4&tipo=loft,Lofts 4 recámaras en Narvarte Poniente hasta $3M,narvarte,loft,4,3000000,,3,0,30,9,5,44,
/marketplace?colonia=narvarte&precio_max=5000000&recamaras_min=4&tipo=loft,Lofts 4 recámaras en Narvarte Poniente hasta $5M,narvarte,loft,4,5000000,,3,0,30,9,5,44,
/marketplace?colonia=narvarte&precio_max=8000000&recamaras_min=4&tipo=loft,Lofts 4 recámaras en Narvarte Poniente hasta $8M,narvarte,loft,4,8000000,,3,0,30,9,5,44,
/marketplace?colonia=narvarte&precio_max=12000000&recamaras_min=4&tipo=loft,Lofts 4 recámaras en Narvarte Poniente hasta $12M,narvarte,loft,4,12000000,,3,0,30,9,5,44,
/marketplace?colonia=narvarte&precio_max=15000000&recamaras_min=4&tipo=loft,Lofts 4 recámaras en Narvarte Poniente hasta $15M,narvarte,loft,4,15000000,,3,0,30,9,5,44,
/marketplace?colonia=narvarte&precio_max=20000000&recamaras_min=4&tipo=loft,Lofts 4 recámaras en Narvarte Poniente hasta $20M,narvarte,loft,4,20000000,,3,0,30,9,5,44,
/marketplace?colonia=narvarte&precio_max=30000000&recamaras_min=4&tipo=loft,Lofts 4 recámaras en Narvarte Poniente hasta $30M,narvarte,loft,4,30000000,,3,0,30,9,5,44,
/marketplace?colonia=escandon&precio_max=3000000&recamaras_min=4&tipo=casa,Casas 4 recámaras en Escandón hasta $3M,escandon,casa,4,3000000,,3,0,30,9,5,44,
/marketplace?colonia=escandon&precio_max=5000000&recamaras_min=4&tipo=casa,Casas 4 recámaras en Escandón hasta $5M,escandon,casa,4,5000000,,3,0,30,9,5,44,
/marketplace?colonia=escandon&precio_max=8000000&recamaras_min=4&tipo=casa,Casas 4 recámaras en Escandón hasta $8M,escandon,casa,4,8000000,,3,0,30,9,5,44,
/marketplace?colonia=escandon&precio_max=12000000&recamaras_min=4&tipo=casa,Casas 4 recámaras en Escandón hasta $12M,escandon,casa,4,12000000,,3,0,30,9,5,44,
/marketplace?colonia=escandon&precio_max=15000000&recamaras_min=4&tipo=casa,Casas 4 recámaras en Escandón hasta $15M,escandon,casa,4,15000000,,3,0,30,9,5,44,
/marketplace?colonia=escandon&precio_max=20000000&recamaras_min=4&tipo=casa,Casas 4 recámaras en Escandón hasta $20M,escandon,casa,4,20000000,,3,0,30,9,5,44,
/marketplace?colonia=escandon&precio_max=30000000&recamaras_min=4&tipo=casa,Casas 4 recámaras en Escandón hasta $30M,escandon,casa,4,30000000,,3,0,30,9,5,44,
/marketplace?colonia=escandon&precio_max=3000000&recamaras_min=4&tipo=loft,Lofts 4 recámaras en Escandón hasta $3M,escandon,loft,4,3000000,,3,0,30,9,5,44,
/marketplace?colonia=escandon&precio_max=5000000&recamaras_min=4&tipo=loft,Lofts 4 recámaras en Escandón hasta $5M,escandon,loft,4,5000000,,3,0,30,9,5,44,
/marketplace?colonia=escandon&precio_max=8000000&recamaras_min=4&tipo=loft,Lofts 4 recámaras en Escandón hasta $8M,escandon,loft,4,8000000,,3,0,30,9,5,44,
/marketplace?colonia=escandon&precio_max=12000000&recamaras_min=4&tipo=loft,Lofts 4 recámaras en Escandón hasta $12M,escandon,loft,4,12000000,,3,0,30,9,5,44,
/marketplace?colonia=escandon&precio_max=15000000&recamaras_min=4&tipo=loft,Lofts 4 recámaras en Escandón hasta $15M,escandon,loft,4,15000000,,3,0,30,9,5,44,
/marketplace?colonia=escandon&precio_max=20000000&recamaras_min=4&tipo=loft,Lofts 4 recámaras en Escandón hasta $20M,escandon,loft,4,20000000,,3,0,30,9,5,44,
/marketplace?colonia=escandon&precio_max=30000000&recamaras_min=4&tipo=loft,Lofts 4 recámaras en Escandón hasta $30M,escandon,loft,4,30000000,,3,0,30,9,5,44,
/marketplace?colonia=anzures&precio_max=3000000&recamaras_min=4&tipo=casa,Casas 4 recámaras en Anzures hasta $3M,anzures,casa,4,3000000,,3,0,30,9,5,44,
/marketplace?colonia=anzures&precio_max=5000000&recamaras_min=4&tipo=casa,Casas 4 recámaras en Anzures hasta $5M,anzures,casa,4,5000000,,3,0,30,9,5,44,
/marketplace?colonia=anzures&precio_max=8000000&recamaras_min=4&tipo=casa,Casas 4 recámaras en Anzures hasta $8M,anzures,casa,4,8000000,,3,0,30,9,5,44,
/marketplace?colonia=anzures&precio_max=12000000&recamaras_min=4&tipo=casa,Casas 4 recámaras en Anzures hasta $12M,anzures,casa,4,12000000,,3,0,30,9,5,44,
/marketplace?colonia=anzures&precio_max=15000000&recamaras_min=4&tipo=casa,Casas 4 recámaras en Anzures hasta $15M,anzures,casa,4,15000000,,3,0,30,9,5,44,
/marketplace?colonia=anzures&precio_max=20000000&recamaras_min=4&tipo=casa,Casas 4 recámaras en Anzures hasta $20M,anzures,casa,4,20000000,,3,0,30,9,5,44,
/marketplace?colonia=anzures&precio_max=30000000&recamaras_min=4&tipo=casa,Casas 4 recámaras en Anzures hasta $30M,anzures,casa,4,30000000,,3,0,30,9,5,44,
/marketplace?colonia=anzures&precio_max=3000000&recamaras_min=4&tipo=loft,Lofts 4 recámaras en Anzures hasta $3M,anzures,loft,4,3000000,,3,0,30,9,5,44,
/marketplace?colonia=anzures&precio_max=5000000&recamaras_min=4&tipo=loft,Lofts 4 recámaras en Anzures hasta $5M,anzures,loft,4,5000000,,3,0,30,9,5,44,
/marketplace?colonia=anzures&precio_max=8000000&recamaras_min=4&tipo=loft,Lofts 4 recámaras en Anzures hasta $8M,anzures,loft,4,8000000,,3,0,30,9,5,44,
/marketplace?colonia=anzures&precio_max=12000000&recamaras_min=4&tipo=loft,Lofts 4 recámaras en Anzures hasta $12M,anzures,loft,4,12000000,,3,0,30,9,5,44,
/marketplace?colonia=anzures&precio_max=15000000&recamaras_min=4&tipo=loft,Lofts 4 recámaras en Anzures hasta $15M,anzures,loft,4,15000000,,3,0,30,9,5,44,
/marketplace?colonia=anzures&precio_max=20000000&recamaras_min=4&tipo=loft,Lofts 4 recámaras en Anzures hasta $20M,anzures,loft,4,20000000,,3,0,30,9,5,44,
/marketplace?colonia=anzures&precio_max=30000000&recamaras_min=4&tipo=loft,Lofts 4 recámaras en Anzures hasta $30M,anzures,loft,4,30000000,,3,0,30,9,5,44,
/marketplace?colonia=roma-sur&precio_max=3000000&recamaras_min=4&tipo=casa,Casas 4 recámaras en Roma Sur hasta $3M,roma-sur,casa,4,3000000,,3,0,30,9,5,44,
/marketplace?colonia=roma-sur&precio_max=5000000&recamaras_min=4&tipo=casa,Casas 4 recámaras en Roma Sur hasta $5M,roma-sur,casa,4,5000000,,3,0,30,9,5,44,
/marketplace?colonia=roma-sur&precio_max=8000000&recamaras_min=4&tipo=casa,Casas 4 recámaras en Roma Sur hasta $8M,roma-sur,casa,4,8000000,,3,0,30,9,5,44,
/marketplace?colonia=roma-sur&precio_max=12000000&recamaras_min=4&tipo=casa,Casas 4 recámaras en Roma Sur hasta $12M,roma-sur,casa,4,12000000,,3,0,30,9,5,44,
/marketplace?colonia=roma-sur&precio_max=15000000&recamaras_min=4&tipo=casa,Casas 4 recámaras en Roma Sur hasta $15M,roma-sur,casa,4,15000000,,3,0,30,9,5,44,
/marketplace?colonia=roma-sur&precio_max=20000000&recamaras_min=4&tipo=casa,Casas 4 recámaras en Roma Sur hasta $20M,roma-sur,casa,4,20000000,,3,0,30,9,5,44,
/marketplace?colonia=roma-sur&precio_max=30000000&recamaras_min=4&tipo=casa,Casas 4 recámaras en Roma Sur hasta $30M,roma-sur,casa,4,30000000,,3,0,30,9,5,44,
/marketplace?colonia=roma-sur&precio_max=3000000&recamaras_min=4&tipo=loft,Lofts 4 recámaras en Roma Sur hasta $3M,roma-sur,loft,4,3000000,,3,0,30,9,5,44,
/marketplace?colonia=roma-sur&precio_max=5000000&recamaras_min=4&tipo=loft,Lofts 4 recámaras en Roma Sur hasta $5M,roma-sur,loft,4,5000000,,3,0,30,9,5,44,
/marketplace?colonia=roma-sur&precio_max=8000000&recamaras_min=4&tipo=loft,Lofts 4 recámaras en Roma Sur hasta $8M,roma-sur,loft,4,8000000,,3,0,30,9,5,44,
/marketplace?colonia=roma-sur&precio_max=12000000&recamaras_min=4&tipo=loft,Lofts 4 recámaras en Roma Sur hasta $12M,roma-sur,loft,4,12000000,,3,0,30,9,5,44,
/marketplace?colonia=roma-sur&precio_max=15000000&recamaras_min=4&tipo=loft,Lofts 4 recámaras en Roma Sur hasta $15M,roma-sur,loft,4,15000000,,3,0,30,9,5,44,
/marketplace?colonia=roma-sur&precio_max=20000000&recamaras_min=4&tipo=loft,Lofts 4 recámaras en Roma Sur hasta $20M,roma-sur,loft,4,20000000,,3,0,30,9,5,44,
/marketplace?colonia=roma-sur&precio_max=30000000&recamaras_min=4&tipo=loft,Lofts 4 recámaras en Roma Sur hasta $30M,roma-sur,loft,4,30000000,,3,0,30,9,5,44,
/marketplace?colonia=doctores&precio_max=3000000&recamaras_min=2&tipo=casa,Casas 2 recámaras en Doctores hasta $3M,doctores,casa,2,3000000,,4,0,30,9,5,44,
/marketplace?colonia=doctores&precio_max=5000000&recamaras_min=2&tipo=casa,Casas 2 recámaras en Doctores hasta $5M,doctores,casa,2,5000000,,4,0,30,9,5,44,
/marketplace?colonia=doctores&precio_max=8000000&recamaras_min=2&tipo=casa,Casas 2 recámaras en Doctores hasta $8M,doctores,casa,2,8000000,,4,0,30,9,5,44,
/marketplace?colonia=doctores&precio_max=12000000&recamaras_min=2&tipo=casa,Casas 2 recámaras en Doctores hasta $12M,doctores,casa,2,12000000,,4,0,30,9,5,44,
/marketplace?colonia=doctores&precio_max=15000000&recamaras_min=2&tipo=casa,Casas 2 recámaras en Doctores hasta $15M,doctores,casa,2,15000000,,4,0,30,9,5,44,
/marketplace?colonia=doctores&precio_max=20000000&recamaras_min=2&tipo=casa,Casas 2 recámaras en Doctores hasta $20M,doctores,casa,2,20000000,,4,0,30,9,5,44,
/marketplace?colonia=doctores&precio_max=30000000&recamaras_min=2&tipo=casa,Casas 2 recámaras en Doctores hasta $30M,doctores,casa,2,30000000,,4,0,30,9,5,44,
/marketplace?colonia=doctores&precio_max=3000000&recamaras_min=2&tipo=loft,Lofts 2 recámaras en Doctores hasta $3M,doctores,loft,2,3000000,,4,0,30,9,5,44,
/marketplace?colonia=doctores&precio_max=5000000&recamaras_min=2&tipo=loft,Lofts 2 recámaras en Doctores hasta $5M,doctores,loft,2,5000000,,4,0,30,9,5,44,
/marketplace?colonia=doctores&precio_max=8000000&recamaras_min=2&tipo=loft,Lofts 2 recámaras en Doctores hasta $8M,doctores,loft,2,8000000,,4,0,30,9,5,44,
/marketplace?colonia=doctores&precio_max=12000000&recamaras_min=2&tipo=loft,Lofts 2 recámaras en Doctores hasta $12M,doctores,loft,2,12000000,,4,0,30,9,5,44,
/marketplace?colonia=doctores&precio_max=15000000&recamaras_min=2&tipo=loft,Lofts 2 recámaras en Doctores hasta $15M,doctores,loft,2,15000000,,4,0,30,9,5,44,
/marketplace?colonia=doctores&precio_max=20000000&recamaras_min=2&tipo=loft,Lofts 2 recámaras en Doctores hasta $20M,doctores,loft,2,20000000,,4,0,30,9,5,44,
/marketplace?colonia=doctores&precio_max=30000000&recamaras_min=2&tipo=loft,Lofts 2 recámaras en Doctores hasta $30M,doctores,loft,2,30000000,,4,0,30,9,5,44,
/marketplace?colonia=doctores&precio_max=3000000&recamaras_min=3&tipo=casa,Casas 3 recámaras en Doctores hasta $3M,doctores,casa,3,3000000,,4,0,30,7,5,42,
/marketplace?colonia=doctores&precio_max=5000000&recamaras_min=3&tipo=casa,Casas 3 recámaras en Doctores hasta $5M,doctores,casa,3,5000000,,4,0,30,7,5,42,
/marketplace?colonia=doctores&precio_max=8000000&recamaras_min=3&tipo=casa,Casas 3 recámaras en Doctores hasta $8M,doctores,casa,3,8000000,,4,0,30,7,5,42,
/marketplace?colonia=doctores&precio_max=12000000&recamaras_min=3&tipo=casa,Casas 3 recámaras en Doctores hasta $12M,doctores,casa,3,12000000,,4,0,30,7,5,42,
/marketplace?colonia=doctores&precio_max=15000000&recamaras_min=3&tipo=casa,Casas 3 recámaras en Doctores hasta $15M,doctores,casa,3,15000000,,4,0,30,7,5,42,
/marketplace?colonia=doctores&precio_max=20000000&recamaras_min=3&tipo=casa,Casas 3 recámaras en Doctores hasta $20M,doctores,casa,3,20000000,,4,0,30,7,5,42,
/marketplace?colonia=doctores&precio_max=30000000&recamaras_min=3&tipo=casa,Casas 3 recámaras en Doctores hasta $30M,doctores,casa,3,30000000,,4,0,30,7,5,42,
/marketplace?colonia=doctores&precio_max=3000000&recamaras_min=3&tipo=loft,Lofts 3 recámaras en Doctores hasta $3M,doctores,loft,3,3000000,,4,0,30,7,5,42,
/marketplace?colonia=doctores&precio_max=5000000&recamaras_min=3&tipo=loft,Lofts 3 recámaras en Doctores hasta $5M,doctores,loft,3,5000000,,4,0,30,7,5,42,
/marketplace?colonia=doctores&precio_max=8000000&recamaras_min=3&tipo=loft,Lofts 3 recámaras en Doctores hasta $8M,doctores,loft,3,8000000,,4,0,30,7,5,42,
/marketplace?colonia=doctores&precio_max=12000000&recamaras_min=3&tipo=loft,Lofts 3 recámaras en Doctores hasta $12M,doctores,loft,3,12000000,,4,0,30,7,5,42,
/marketplace?colonia=doctores&precio_max=15000000&recamaras_min=3&tipo=loft,Lofts 3 recámaras en Doctores hasta $15M,doctores,loft,3,15000000,,4,0,30,7,5,42,
/marketplace?colonia=doctores&precio_max=20000000&recamaras_min=3&tipo=loft,Lofts 3 recámaras en Doctores hasta $20M,doctores,loft,3,20000000,,4,0,30,7,5,42,
/marketplace?colonia=doctores&precio_max=30000000&recamaras_min=3&tipo=loft,Lofts 3 recámaras en Doctores hasta $30M,doctores,loft,3,30000000,,4,0,30,7,5,42,
/marketplace?colonia=doctores&precio_max=3000000&recamaras_min=4,Departamentos 4 recámaras en Doctores hasta $3M,doctores,,4,3000000,,4,3,30,3,5,41,
/marketplace?colonia=doctores&precio_max=5000000&recamaras_min=4,Departamentos 4 recámaras en Doctores hasta $5M,doctores,,4,5000000,,4,3,30,3,5,41,
/marketplace?colonia=doctores&precio_max=3000000&recamaras_min=4&tipo=depto,Departamentos 4 recámaras en Doctores hasta $3M,doctores,depto,4,3000000,,4,3,30,3,5,41,
/marketplace?colonia=doctores&precio_max=5000000&recamaras_min=4&tipo=depto,Departamentos 4 recámaras en Doctores hasta $5M,doctores,depto,4,5000000,,4,3,30,3,5,41,
/marketplace?colonia=roma-norte&tipo=casa,Casas en Roma Norte,roma-norte,casa,,,,2,0,17,18,5,40,
/marketplace?colonia=condesa&tipo=casa,Casas en Condesa,condesa,casa,,,,2,0,17,18,5,40,
/marketplace?colonia=coyoacan-centro&tipo=loft,Lofts en Coyoacán Centro,coyoacan-centro,loft,,,,2,0,17,18,5,40,
/marketplace?colonia=santa-fe&tipo=casa,Casas en Santa Fe,santa-fe,casa,,,,2,0,17,18,5,40,
/marketplace?colonia=santa-fe&tipo=loft,Lofts en Santa Fe,santa-fe,loft,,,,2,0,17,18,5,40,
/marketplace?colonia=napoles&tipo=casa,Casas en Nápoles,napoles,casa,,,,2,0,17,18,5,40,
/marketplace?colonia=napoles&tipo=loft,Lofts en Nápoles,napoles,loft,,,,2,0,17,18,5,40,
/marketplace?colonia=doctores&recamaras_min=4&stage=entrega_inmediata,Departamentos 4 recámaras en Doctores entrega inmediata,doctores,,4,,entrega_inmediata,4,3,26,3,8,40,
/marketplace?colonia=doctores&precio_max=3000000&recamaras_min=1&tipo=casa,Casas 1 recámaras en Doctores hasta $3M,doctores,casa,1,3000000,,4,0,30,4,5,39,
/marketplace?colonia=doctores&precio_max=5000000&recamaras_min=1&tipo=casa,Casas 1 recámaras en Doctores hasta $5M,doctores,casa,1,5000000,,4,0,30,4,5,39,
/marketplace?colonia=doctores&precio_max=8000000&recamaras_min=1&tipo=casa,Casas 1 recámaras en Doctores hasta $8M,doctores,casa,1,8000000,,4,0,30,4,5,39,
/marketplace?colonia=doctores&precio_max=12000000&recamaras_min=1&tipo=casa,Casas 1 recámaras en Doctores hasta $12M,doctores,casa,1,12000000,,4,0,30,4,5,39,
/marketplace?colonia=doctores&precio_max=15000000&recamaras_min=1&tipo=casa,Casas 1 recámaras en Doctores hasta $15M,doctores,casa,1,15000000,,4,0,30,4,5,39,
/marketplace?colonia=doctores&precio_max=20000000&recamaras_min=1&tipo=casa,Casas 1 recámaras en Doctores hasta $20M,doctores,casa,1,20000000,,4,0,30,4,5,39,
/marketplace?colonia=doctores&precio_max=30000000&recamaras_min=1&tipo=casa,Casas 1 recámaras en Doctores hasta $30M,doctores,casa,1,30000000,,4,0,30,4,5,39,
/marketplace?colonia=doctores&precio_max=3000000&recamaras_min=1&tipo=loft,Lofts 1 recámaras en Doctores hasta $3M,doctores,loft,1,3000000,,4,0,30,4,5,39,
/marketplace?colonia=doctores&precio_max=5000000&recamaras_min=1&tipo=loft,Lofts 1 recámaras en Doctores hasta $5M,doctores,loft,1,5000000,,4,0,30,4,5,39,
/marketplace?colonia=doctores&precio_max=8000000&recamaras_min=1&tipo=loft,Lofts 1 recámaras en Doctores hasta $8M,doctores,loft,1,8000000,,4,0,30,4,5,39,
/marketplace?colonia=doctores&precio_max=12000000&recamaras_min=1&tipo=loft,Lofts 1 recámaras en Doctores hasta $12M,doctores,loft,1,12000000,,4,0,30,4,5,39,
/marketplace?colonia=doctores&precio_max=15000000&recamaras_min=1&tipo=loft,Lofts 1 recámaras en Doctores hasta $15M,doctores,loft,1,15000000,,4,0,30,4,5,39,
/marketplace?colonia=doctores&precio_max=20000000&recamaras_min=1&tipo=loft,Lofts 1 recámaras en Doctores hasta $20M,doctores,loft,1,20000000,,4,0,30,4,5,39,
/marketplace?colonia=doctores&precio_max=30000000&recamaras_min=1&tipo=loft,Lofts 1 recámaras en Doctores hasta $30M,doctores,loft,1,30000000,,4,0,30,4,5,39,
/marketplace?colonia=doctores&precio_max=8000000&recamaras_min=4,Departamentos 4 recámaras en Doctores hasta $8M,doctores,,4,8000000,,4,0,30,3,5,38,
/marketplace?colonia=doctores&precio_max=12000000&recamaras_min=4,Departamentos 4 recámaras en Doctores hasta $12M,doctores,,4,12000000,,4,0,30,3,5,38,
/marketplace?colonia=doctores&precio_max=15000000&recamaras_min=4,Departamentos 4 recámaras en Doctores hasta $15M,doctores,,4,15000000,,4,0,30,3,5,38,
/marketplace?colonia=doctores&precio_max=20000000&recamaras_min=4,Departamentos 4 recámaras en Doctores hasta $20M,doctores,,4,20000000,,4,0,30,3,5,38,
/marketplace?colonia=doctores&precio_max=30000000&recamaras_min=4,Departamentos 4 recámaras en Doctores hasta $30M,doctores,,4,30000000,,4,0,30,3,5,38,
/marketplace?colonia=doctores&precio_max=8000000&recamaras_min=4&tipo=depto,Departamentos 4 recámaras en Doctores hasta $8M,doctores,depto,4,8000000,,4,0,30,3,5,38,
/marketplace?colonia=doctores&precio_max=12000000&recamaras_min=4&tipo=depto,Departamentos 4 recámaras en Doctores hasta $12M,doctores,depto,4,12000000,,4,0,30,3,5,38,
/marketplace?colonia=doctores&precio_max=15000000&recamaras_min=4&tipo=depto,Departamentos 4 recámaras en Doctores hasta $15M,doctores,depto,4,15000000,,4,0,30,3,5,38,
/marketplace?colonia=doctores&precio_max=20000000&recamaras_min=4&tipo=depto,Departamentos 4 recámaras en Doctores hasta $20M,doctores,depto,4,20000000,,4,0,30,3,5,38,
/marketplace?colonia=doctores&precio_max=30000000&recamaras_min=4&tipo=depto,Departamentos 4 recámaras en Doctores hasta $30M,doctores,depto,4,30000000,,4,0,30,3,5,38,
/marketplace?colonia=doctores&precio_max=3000000&recamaras_min=4&tipo=casa,Casas 4 recámaras en Doctores hasta $3M,doctores,casa,4,3000000,,4,0,30,3,5,38,
/marketplace?colonia=doctores&precio_max=5000000&recamaras_min=4&tipo=casa,Casas 4 recámaras en Doctores hasta $5M,doctores,casa,4,5000000,,4,0,30,3,5,38,
/marketplace?colonia=doctores&precio_max=8000000&recamaras_min=4&tipo=casa,Casas 4 recámaras en Doctores hasta $8M,doctores,casa,4,8000000,,4,0,30,3,5,38,
/marketplace?colonia=doctores&precio_max=12000000&recamaras_min=4&tipo=casa,Casas 4 recámaras en Doctores hasta $12M,doctores,casa,4,12000000,,4,0,30,3,5,38,
/marketplace?colonia=doctores&precio_max=15000000&recamaras_min=4&tipo=casa,Casas 4 recámaras en Doctores hasta $15M,doctores,casa,4,15000000,,4,0,30,3,5,38,
/marketplace?colonia=doctores&precio_max=20000000&recamaras_min=4&tipo=casa,Casas 4 recámaras en Doctores hasta $20M,doctores,casa,4,20000000,,4,0,30,3,5,38,
/marketplace?colonia=doctores&precio_max=30000000&recamaras_min=4&tipo=casa,Casas 4 recámaras en Doctores hasta $30M,doctores,casa,4,30000000,,4,0,30,3,5,38,
/marketplace?colonia=doctores&precio_max=3000000&recamaras_min=4&tipo=loft,Lofts 4 recámaras en Doctores hasta $3M,doctores,loft,4,3000000,,4,0,30,3,5,38,
/marketplace?colonia=doctores&precio_max=5000000&recamaras_min=4&tipo=loft,Lofts 4 recámaras en Doctores hasta $5M,doctores,loft,4,5000000,,4,0,30,3,5,38,
/marketplace?colonia=doctores&precio_max=8000000&recamaras_min=4&tipo=loft,Lofts 4 recámaras en Doctores hasta $8M,doctores,loft,4,8000000,,4,0,30,3,5,38,
/marketplace?colonia=doctores&precio_max=12000000&recamaras_min=4&tipo=loft,Lofts 4 recámaras en Doctores hasta $12M,doctores,loft,4,12000000,,4,0,30,3,5,38,
/marketplace?colonia=doctores&precio_max=15000000&recamaras_min=4&tipo=loft,Lofts 4 recámaras en Doctores hasta $15M,doctores,loft,4,15000000,,4,0,30,3,5,38,
/marketplace?colonia=doctores&precio_max=20000000&recamaras_min=4&tipo=loft,Lofts 4 recámaras en Doctores hasta $20M,doctores,loft,4,20000000,,4,0,30,3,5,38,
/marketplace?colonia=doctores&precio_max=30000000&recamaras_min=4&tipo=loft,Lofts 4 recámaras en Doctores hasta $30M,doctores,loft,4,30000000,,4,0,30,3,5,38,
/marketplace?colonia=juarez&tipo=casa,Casas en Juárez,juarez,casa,,,,3,0,17,12,5,34,
/marketplace?colonia=cuauhtemoc&tipo=casa,Casas en Cuauhtémoc,cuauhtemoc,casa,,,,3,0,17,12,5,34,
/marketplace?colonia=del-valle-centro&tipo=casa,Casas en Del Valle Centro,del-valle-centro,casa,,,,3,0,17,12,5,34,
/marketplace?colonia=del-valle-centro&tipo=loft,Lofts en Del Valle Centro,del-valle-centro,loft,,,,3,0,17,12,5,34,
/marketplace?colonia=narvarte&tipo=casa,Casas en Narvarte Poniente,narvarte,casa,,,,3,0,17,12,5,34,
/marketplace?colonia=narvarte&tipo=loft,Lofts en Narvarte Poniente,narvarte,loft,,,,3,0,17,12,5,34,
/marketplace?colonia=escandon&tipo=casa,Casas en Escandón,escandon,casa,,,,3,0,17,12,5,34,
/marketplace?colonia=escandon&tipo=loft,Lofts en Escandón,escandon,loft,,,,3,0,17,12,5,34,
/marketplace?colonia=anzures&tipo=casa,Casas en Anzures,anzures,casa,,,,3,0,17,12,5,34,
/marketplace?colonia=anzures&tipo=loft,Lofts en Anzures,anzures,loft,,,,3,0,17,12,5,34,
/marketplace?colonia=roma-sur&tipo=casa,Casas en Roma Sur,roma-sur,casa,,,,3,0,17,12,5,34,
/marketplace?colonia=roma-sur&tipo=loft,Lofts en Roma Sur,roma-sur,loft,,,,3,0,17,12,5,34,
/marketplace?colonia=doctores&recamaras_min=4,Departamentos 4 recámaras en Doctores,doctores,,4,,,4,3,23,3,5,34,
/marketplace?colonia=doctores&recamaras_min=4&stage=en_construccion,Departamentos 4 recámaras en Doctores,doctores,,4,,en_construccion,4,3,23,3,5,34,
/marketplace?colonia=doctores&tipo=casa,Casas en Doctores,doctores,casa,,,,4,0,17,6,5,28,
/marketplace?colonia=doctores&tipo=loft,Lofts en Doctores,doctores,loft,,,,4,0,17,6,5,28,
